[2026-04-17T22:08:24.824Z] === ScoopScore scrape started ===
[2026-04-17T22:08:24.827Z] Retailers: NZ Muscle, Sportsfuel, Scorpion Supplements, ASN Online, Supplement Solutions, Raisey's + Xplosiv + Sprint Fit
[2026-04-17T22:08:24.828Z] Scraping NZ Muscle...
[2026-04-17T22:08:24.829Z]   Page 1...
[2026-04-17T22:08:25.972Z]   Page 2...
[2026-04-17T22:08:26.839Z]   Page 3...
[2026-04-17T22:08:28.308Z]   Page 4...
[2026-04-17T22:08:29.360Z]   Page 5...
[2026-04-17T22:08:30.594Z]   Page 6...
[2026-04-17T22:08:31.290Z]   Found 347 supplement products from NZ Muscle
[2026-04-17T22:08:32.793Z] Scraping Sportsfuel...
[2026-04-17T22:08:32.794Z]   Page 1...
[2026-04-17T22:08:34.303Z]   Page 2...
[2026-04-17T22:08:35.864Z]   Page 3...
[2026-04-17T22:08:37.225Z]   Page 4...
[2026-04-17T22:08:38.588Z]   Page 5...
[2026-04-17T22:08:39.982Z]   Page 6...
[2026-04-17T22:08:41.409Z]   Page 7...
[2026-04-17T22:08:42.805Z]   Page 8...
[2026-04-17T22:08:44.214Z]   Page 9...
[2026-04-17T22:08:45.856Z]   Page 10...
[2026-04-17T22:08:47.416Z]   Page 11...
[2026-04-17T22:08:49.024Z]   Page 12...
[2026-04-17T22:08:50.556Z]   Page 13...
[2026-04-17T22:08:52.087Z]   Page 14...
[2026-04-17T22:08:53.632Z]   Page 15...
[2026-04-17T22:08:55.425Z]   Page 16...
[2026-04-17T22:08:57.035Z]   Page 17...
[2026-04-17T22:08:58.394Z]   Page 18...
[2026-04-17T22:08:59.208Z]   Found 657 supplement products from Sportsfuel
[2026-04-17T22:09:00.710Z] Scraping Scorpion Supplements...
[2026-04-17T22:09:00.710Z]   Page 1...
[2026-04-17T22:09:01.741Z]   Found 53 supplement products from Scorpion Supplements
[2026-04-17T22:09:03.247Z] Scraping ASN Online...
[2026-04-17T22:09:03.248Z]   Page 1...
[2026-04-17T22:09:05.141Z]   Page 2...
[2026-04-17T22:09:05.761Z]   Found 142 supplement products from ASN Online
[2026-04-17T22:09:07.275Z] Scraping Supplement Solutions...
[2026-04-17T22:09:07.276Z]   Page 1...
[2026-04-17T22:09:08.104Z]   Found 45 supplement products from Supplement Solutions
[2026-04-17T22:09:09.608Z] Scraping Raisey's...
[2026-04-17T22:09:09.609Z]   Page 1...
[2026-04-17T22:09:10.130Z]   Found 29 supplement products from Raisey's
[2026-04-17T22:09:11.634Z] Scraping Xplosiv (Magento)...
[2026-04-17T22:09:18.243Z]   Found 0 products from Xplosiv
[2026-04-17T22:09:19.758Z] Scraping Sprint Fit (custom platform)...
[2026-04-17T22:09:22.897Z]   Found 0 products from Sprint Fit
[2026-04-17T22:09:22.949Z] 
[2026-04-17T22:09:22.949Z] === Scrape complete ===
[2026-04-17T22:09:22.950Z] Total products: 1273
[2026-04-17T22:09:22.950Z] 
[2026-04-17T22:09:22.950Z] By retailer:
[2026-04-17T22:09:22.950Z]   NZ Muscle                 347 products
[2026-04-17T22:09:22.951Z]   Sportsfuel                657 products
[2026-04-17T22:09:22.951Z]   Scorpion Supplements      53 products
[2026-04-17T22:09:22.951Z]   ASN Online                142 products
[2026-04-17T22:09:22.951Z]   Supplement Solutions      45 products
[2026-04-17T22:09:22.952Z]   Raisey's                  29 products
[2026-04-17T22:09:22.952Z]   Xplosiv                   0 products
[2026-04-17T22:09:22.952Z]   Sprint Fit                0 products
[2026-04-17T22:09:22.952Z] 
[2026-04-17T22:09:22.953Z] By category:
[2026-04-17T22:09:22.953Z]   protein         621
[2026-04-17T22:09:22.954Z]   creatine        157
[2026-04-17T22:09:22.954Z]   preworkout      236
[2026-04-17T22:09:22.954Z]   fatburner       135
[2026-04-17T22:09:22.955Z]   bcaa            124
[2026-04-17T22:09:22.955Z] 
Output: C:\Users\rapha\scoopscore\data\products.json
[2026-04-17T22:14:44.272Z] === ScoopScore scrape started ===
[2026-04-17T22:14:44.276Z] Retailers: NZ Muscle, Sportsfuel, Scorpion Supplements, ASN Online, Supplement Solutions, Raisey's + Xplosiv + Sprint Fit
[2026-04-17T22:14:44.293Z] Loaded 1273 existing products (preserving price history)
[2026-04-17T22:14:44.293Z] Scraping NZ Muscle...
[2026-04-17T22:14:44.294Z]   Page 1...
[2026-04-17T22:14:45.583Z]   Page 2...
[2026-04-17T22:14:46.605Z]   Page 3...
[2026-04-17T22:14:47.896Z]   Page 4...
[2026-04-17T22:14:48.946Z]   Page 5...
[2026-04-17T22:14:50.028Z]   Page 6...
[2026-04-17T22:14:50.655Z]   Found 347 supplement products from NZ Muscle
[2026-04-17T22:14:52.169Z] Scraping Sportsfuel...
[2026-04-17T22:14:52.170Z]   Page 1...
[2026-04-17T22:14:53.611Z]   Page 2...
[2026-04-17T22:14:54.975Z]   Page 3...
[2026-04-17T22:14:56.295Z]   Page 4...
[2026-04-17T22:14:57.631Z]   Page 5...
[2026-04-17T22:14:58.854Z]   Page 6...
[2026-04-17T22:15:00.339Z]   Page 7...
[2026-04-17T22:15:01.759Z]   Page 8...
[2026-04-17T22:15:03.271Z]   Page 9...
[2026-04-17T22:15:04.495Z]   Page 10...
[2026-04-17T22:15:05.606Z]   Page 11...
[2026-04-17T22:15:06.937Z]   Page 12...
[2026-04-17T22:15:08.189Z]   Page 13...
[2026-04-17T22:15:09.427Z]   Page 14...
[2026-04-17T22:15:10.711Z]   Page 15...
[2026-04-17T22:15:12.010Z]   Page 16...
[2026-04-17T22:15:13.080Z]   Page 17...
[2026-04-17T22:15:14.368Z]   Page 18...
[2026-04-17T22:15:14.683Z]   Found 657 supplement products from Sportsfuel
[2026-04-17T22:15:16.198Z] Scraping Scorpion Supplements...
[2026-04-17T22:15:16.198Z]   Page 1...
[2026-04-17T22:15:16.521Z]   Found 53 supplement products from Scorpion Supplements
[2026-04-17T22:15:18.026Z] Scraping ASN Online...
[2026-04-17T22:15:18.027Z]   Page 1...
[2026-04-17T22:15:19.033Z]   Page 2...
[2026-04-17T22:15:19.391Z]   Found 142 supplement products from ASN Online
[2026-04-17T22:15:20.902Z] Scraping Supplement Solutions...
[2026-04-17T22:15:20.903Z]   Page 1...
[2026-04-17T22:15:21.504Z]   Found 45 supplement products from Supplement Solutions
[2026-04-17T22:15:23.019Z] Scraping Raisey's...
[2026-04-17T22:15:23.020Z]   Page 1...
[2026-04-17T22:15:23.583Z]   Found 29 supplement products from Raisey's
[2026-04-17T22:15:25.093Z] Scraping Xplosiv (Magento)...
[2026-04-17T22:15:31.699Z]   Found 0 products from Xplosiv
[2026-04-17T22:15:33.209Z] Scraping Sprint Fit (custom platform)...
[2026-04-17T22:15:36.327Z]   Found 0 products from Sprint Fit
[2026-04-17T22:15:36.364Z] 
[2026-04-17T22:15:36.365Z] === Scrape complete ===
[2026-04-17T22:15:36.365Z] Total products: 1273
[2026-04-17T22:15:36.365Z] 
[2026-04-17T22:15:36.366Z] By retailer:
[2026-04-17T22:15:36.366Z]   NZ Muscle                 347 products
[2026-04-17T22:15:36.366Z]   Sportsfuel                657 products
[2026-04-17T22:15:36.367Z]   Scorpion Supplements      53 products
[2026-04-17T22:15:36.367Z]   ASN Online                142 products
[2026-04-17T22:15:36.367Z]   Supplement Solutions      45 products
[2026-04-17T22:15:36.368Z]   Raisey's                  29 products
[2026-04-17T22:15:36.368Z]   Xplosiv                   0 products
[2026-04-17T22:15:36.368Z]   Sprint Fit                0 products
[2026-04-17T22:15:36.369Z] 
[2026-04-17T22:15:36.369Z] By category:
[2026-04-17T22:15:36.369Z]   protein         621
[2026-04-17T22:15:36.370Z]   creatine        157
[2026-04-17T22:15:36.370Z]   preworkout      236
[2026-04-17T22:15:36.370Z]   fatburner       135
[2026-04-17T22:15:36.371Z]   bcaa            124
[2026-04-17T22:15:36.371Z] 
Output: C:\Users\rapha\scoopscore\data\products.json
[2026-04-24T05:04:17.988Z] === ScoopScore scrape started ===
[2026-04-24T05:04:17.992Z] Retailers: NZ Muscle, Sportsfuel, Scorpion Supplements, ASN Online, Supplement Solutions, Raisey's + Xplosiv + Sprint Fit
[2026-04-24T05:04:18.007Z] Loaded 1273 existing products (preserving price history)
[2026-04-24T05:04:18.008Z] Scraping NZ Muscle...
[2026-04-24T05:04:18.008Z]   Page 1...
[2026-04-24T05:04:18.630Z]   [SKIPPED - no category] "Musashi GWP Protein Wafer Bars - 6 Assorted Bars" | product_type: "(blank)" | tags: 
[2026-04-24T05:04:18.631Z]   [SKIPPED - not supplement] "Quest Nutrition Cheese Crackers" | product_type: "(blank)"
[2026-04-24T05:04:18.632Z]   [SKIPPED - no category] "C4 Energy + Amino" | product_type: "(blank)" | tags: 
[2026-04-24T05:04:18.633Z]   [SKIPPED - not supplement] "Musashi Shred Energy 355ml" | product_type: "(blank)"
[2026-04-24T05:04:18.633Z]   [SKIPPED - not supplement] "Wheydeals Shaker 600ml" | product_type: "(blank)"
[2026-04-24T05:04:18.633Z]   [SKIPPED - no category] "TriggerPoint MobiPoint Massage Ball" | product_type: "(blank)" | tags: yoga / rollers
[2026-04-24T05:04:18.634Z]   [SKIPPED - no category] "TriggerPoint MB1 Massage Ball" | product_type: "(blank)" | tags: yoga / rollers
[2026-04-24T05:04:18.635Z]   [SKIPPED - no category] "Optimum Nutrition Amino Energy Sparkling 355ml" | product_type: "(blank)" | tags: abc-a,energy drinks (RTDs)
[2026-04-24T05:04:18.635Z]   [SKIPPED - no category] "Grenade Protein Bar Mixed Box" | product_type: "(blank)" | tags: abc-a
[2026-04-24T05:04:19.140Z]   Page 2...
[2026-04-24T05:04:19.698Z]   [SKIPPED - not supplement] "Musashi Reaper Creatine Power Matrix" | product_type: "(blank)"
[2026-04-24T05:04:19.699Z]   [SKIPPED - not supplement] "Musashi Shred Chewables 54 Tablets" | product_type: "(blank)"
[2026-04-24T05:04:19.700Z]   [SKIPPED - no category] "Bundle with Optimum Nutrition Amino Energy" | product_type: "(blank)" | tags: 
[2026-04-24T05:04:19.701Z]   [SKIPPED - no category] "LivePro Targeted Massage Ball" | product_type: "(blank)" | tags: yoga / rollers
[2026-04-24T05:04:20.210Z]   Page 3...
[2026-04-24T05:04:21.008Z]   [SKIPPED - no category] "Snackn WPI Protein" | product_type: "(blank)" | tags: 
[2026-04-24T05:04:21.009Z]   [SKIPPED - no category] "Snackn Protein Nut Spread" | product_type: "(blank)" | tags: coffee & creamers
[2026-04-24T05:04:21.010Z]   [SKIPPED - not supplement] "Dymatize ISO 100" | product_type: "(blank)"
[2026-04-24T05:04:21.511Z]   Page 4...
[2026-04-24T05:04:22.125Z]   [SKIPPED - no category] "Bundle with NZ Muscle Mass" | product_type: "(blank)" | tags: 
[2026-04-24T05:04:22.126Z]   [SKIPPED - not supplement] "Get Raw Nutrition Intra Workout - Lemon & Lime" | product_type: "(blank)"
[2026-04-24T05:04:22.640Z]   Page 5...
[2026-04-24T05:04:23.411Z]   [SKIPPED - not supplement] "Vitawerx Protein Crisps 60g Bag" | product_type: "(blank)"
[2026-04-24T05:04:23.411Z]   [SKIPPED - no category] "Snackn Protein Breakfast Instant Porridge" | product_type: "(blank)" | tags: 
[2026-04-24T05:04:23.412Z]   [SKIPPED - no category] "Snackn Protein Breakfast Bircher Muesli" | product_type: "(blank)" | tags: 
[2026-04-24T05:04:23.413Z]   [SKIPPED - not supplement] "Musashi Shred Matrix" | product_type: "(blank)"
[2026-04-24T05:04:23.922Z]   Page 6...
[2026-04-24T05:04:24.584Z]   [SKIPPED - no category] "LCD Massage Gun - 6 Heads" | product_type: "(blank)" | tags: accessories,yoga / rollers
[2026-04-24T05:04:24.585Z]   [SKIPPED - no category] "MyProtein FlavDrops" | product_type: "(blank)" | tags: 
[2026-04-24T05:04:24.586Z]   [SKIPPED - not supplement] "Faction Labs Disorder Ultimate Pre-Workout" | product_type: "(blank)"
[2026-04-24T05:04:24.591Z]   Found 470 supplement products from NZ Muscle (6 pages fetched)
[2026-04-24T05:04:26.091Z] Scraping Sportsfuel...
[2026-04-24T05:04:26.092Z]   Page 1...
[2026-04-24T05:04:27.120Z]   [SKIPPED - not supplement] "Inspired Shaker (Random Colour) *Gift*" | product_type: "Protein Shakers"
[2026-04-24T05:04:27.122Z]   [SKIPPED - not supplement] "SmartShake DC Comics Lite Shaker 1L" | product_type: "(blank)"
[2026-04-24T05:04:27.122Z]   [SKIPPED - not supplement] "SmartShake Lite Shaker 1L" | product_type: "Protein Shakers"
[2026-04-24T05:04:27.123Z]   [SKIPPED - not supplement] "SmartShake Ultimate Jug Black 2.1L" | product_type: "Water Bottles"
[2026-04-24T05:04:27.130Z]   [SKIPPED - not supplement] "Optimum Opti-lock™ Leakproof Shaker" | product_type: "Protein Shakers"
[2026-04-24T05:04:27.135Z]   [SKIPPED - not supplement] "Optimum Nutrition Stainless Steel Black Shaker *Gift*" | product_type: "Protein Shakers"
[2026-04-24T05:04:27.138Z]   [SKIPPED - not supplement] "Muscle Recovery Bundle" | product_type: "Recovery"
[2026-04-24T05:04:27.139Z]   [SKIPPED - not supplement] "SIS Rego Cherry Juice Concentrate Sachets" | product_type: "Recovery"
[2026-04-24T05:04:27.646Z]   Page 2...
[2026-04-24T05:04:28.587Z]   [SKIPPED - not supplement] "Pack Nutrition Ultimate Pre Workout Stack - Limited Edition" | product_type: "Pre-Workout"
[2026-04-24T05:04:28.589Z]   [SKIPPED - not supplement] "Musashi Reaper Creatine Power Matrix" | product_type: "Creatine"
[2026-04-24T05:04:28.591Z]   [SKIPPED - not supplement] "Quest Cheese Crackers" | product_type: "Snacks"
[2026-04-24T05:04:28.592Z]   [SKIPPED - not supplement] "Sportsfuel x Switch Nutrition Breast Cancer Research Fundraising Loaded Shaker" | product_type: "Protein Shakers"
[2026-04-24T05:04:28.594Z]   [SKIPPED - not supplement] "Vitalze KnotAway Cream" | product_type: "Recovery"
[2026-04-24T05:04:28.595Z]   [SKIPPED - not supplement] "Vitalize Chill Restore Cream" | product_type: "Recovery"
[2026-04-24T05:04:28.595Z]   [SKIPPED - not supplement] "2x Musashi Shred Energy Drink RTD 355ml (Random Flavour) *Gift*" | product_type: "(blank)"
[2026-04-24T05:04:28.596Z]   [SKIPPED - not supplement] "1x Musashi Shred Energy Drink RTD 355ml (Random Flavour) *Gift*" | product_type: "(blank)"
[2026-04-24T05:04:28.596Z]   [SKIPPED - not supplement] "Fibre Boost Cold Pressed Protein Bar" | product_type: "Protein Bars"
[2026-04-24T05:04:28.597Z]   [SKIPPED - no category] "1x Rule 1 Mass Sample Sachet (Random Flavour) *Gift*" | product_type: "(blank)" | tags: algolia-ignore,incoming,location-17947492419-instock,location-20189478979-outofstock,location-20853096515-outofstock
[2026-04-24T05:04:28.598Z]   [SKIPPED - no category] "1x Rule 1 Essential Amino 9 Sample (Random Flavour) *Gift*" | product_type: "(blank)" | tags: algolia-ignore,location-17947492419-instock,location-20189478979-outofstock,location-20853096515-outofstock,location-35711352899-outofstock
[2026-04-24T05:04:28.598Z]   [SKIPPED - not supplement] "X50 600ml Shaker (Random colour) *Gift*" | product_type: "Accessories"
[2026-04-24T05:04:28.599Z]   [SKIPPED - not supplement] "Muscle Nation Shaker (Random Colour) *Gift*" | product_type: "Protein Shakers"
[2026-04-24T05:04:28.599Z]   [SKIPPED - not supplement] "Musashi Shred Energy Drink RTD 355ml" | product_type: "Energy Drinks"
[2026-04-24T05:04:28.599Z]   [SKIPPED - not supplement] "Red Bull Energy Drink Original 473ml" | product_type: "Energy Drinks"
[2026-04-24T05:04:29.104Z]   Page 3...
[2026-04-24T05:04:29.983Z]   [SKIPPED - not supplement] "Applied Nutrition Turk-X" | product_type: "Recovery"
[2026-04-24T05:04:29.983Z]   [SKIPPED - not supplement] "Applied Nutrition Shred-X Extreme Thermogenic Ultimate Fat Burner 300g" | product_type: "Fat Burners"
[2026-04-24T05:04:29.984Z]   [SKIPPED - not supplement] "Applied Nutrition HMB 500mg" | product_type: "Recovery"
[2026-04-24T05:04:29.985Z]   [SKIPPED - not supplement] "Hercules Burn of The Gods - Ultimate Shred" | product_type: "Fat Burners"
[2026-04-24T05:04:29.985Z]   [SKIPPED - not supplement] "Switch Nutrition CreaPure Creatine Powder" | product_type: "Creatine"
[2026-04-24T05:04:29.991Z]   [SKIPPED - not supplement] "EHP Labs OxyShred Infinity RTD Cans" | product_type: "Energy Drinks"
[2026-04-24T05:04:29.992Z]   [SKIPPED - not supplement] "Red Bull Energy Drink Sugarfree Original 473ml" | product_type: "Energy Drinks"
[2026-04-24T05:04:30.500Z]   Page 4...
[2026-04-24T05:04:31.417Z]   [SKIPPED - no category] "Rule 1 Energized Amino" | product_type: "Energy & Endurance" | tags: C-Grade,incoming,informed choice,location-17947492419-instock,location-20189478979-outofstock
[2026-04-24T05:04:31.419Z]   [SKIPPED - not supplement] "Zombie Labs End of Dayz Apocalyptic Pre-Workout" | product_type: "Pre-Workout"
[2026-04-24T05:04:31.420Z]   [SKIPPED - not supplement] "Pack Nutrition Feral Whey Protein" | product_type: "Whey Protein"
[2026-04-24T05:04:31.422Z]   [SKIPPED - not supplement] "Swoleys Creatine Monohydrate Sour Gummy Bears" | product_type: "Creatine"
[2026-04-24T05:04:31.422Z]   [SKIPPED - not supplement] "Clean Nutrition Ultimate Plant Stack" | product_type: "Plant Protein"
[2026-04-24T05:04:31.423Z]   [SKIPPED - not supplement] "Nothing Naughty Ultimate Plant Stack" | product_type: "Plant Protein"
[2026-04-24T05:04:31.423Z]   [SKIPPED - not supplement] "Tropeaka Healthy Meal Shake" | product_type: "Ready Meals"
[2026-04-24T05:04:31.423Z]   [SKIPPED - not supplement] "Ghost Legend V4 Pre Workout" | product_type: "Pre-Workout"
[2026-04-24T05:04:31.424Z]   [SKIPPED - not supplement] "Chief Collagen Protein Bar" | product_type: "Protein Bars"
[2026-04-24T05:04:31.425Z]   [SKIPPED - not supplement] "Dymatize CLA" | product_type: "CLA"
[2026-04-24T05:04:31.425Z]   [SKIPPED - not supplement] "Dymatize Creatine 500g" | product_type: "Creatine"
[2026-04-24T05:04:31.425Z]   [SKIPPED - not supplement] "Dymatize BCAA Complex 2200 200caps" | product_type: "BCAA"
[2026-04-24T05:04:31.426Z]   [SKIPPED - not supplement] "Dymatize BCAA Complex 2200 400caps" | product_type: "BCAA"
[2026-04-24T05:04:31.426Z]   [SKIPPED - not supplement] "Dymatize Elite Gourmet Protein 5lb" | product_type: "Whey Protein"
[2026-04-24T05:04:31.427Z]   [SKIPPED - not supplement] "Kill Cliff Recover - Single" | product_type: "Post-Workout"
[2026-04-24T05:04:31.427Z]   [SKIPPED - not supplement] "Smart Shake Revive 750ml - Camo" | product_type: "Protein Shakers"
[2026-04-24T05:04:31.428Z]   [SKIPPED - not supplement] "SciVation Xtend Energy RTD - Single" | product_type: "Energy Drinks"
[2026-04-24T05:04:31.428Z]   [SKIPPED - not supplement] "Ultimate Fat Burning Combo" | product_type: "Fat Burners"
[2026-04-24T05:04:31.430Z]   [SKIPPED - not supplement] "Athletec ZMA 120 Caps Twin Pack" | product_type: "Recovery"
[2026-04-24T05:04:31.942Z]   Page 5...
[2026-04-24T05:04:32.900Z]   [SKIPPED - not supplement] "USN Anabolic Carb" | product_type: "Recovery"
[2026-04-24T05:04:32.901Z]   [SKIPPED - not supplement] "iSatori Bio-Gro" | product_type: "Post-Workout"
[2026-04-24T05:04:32.904Z]   [SKIPPED - not supplement] "Applied Nutrition Shred-X Extreme Thermogenic Ultimate Fat Burner 90 Capsules" | product_type: "Fat Burners"
[2026-04-24T05:04:32.905Z]   [SKIPPED - not supplement] "Sportsfuel 400ml Shaker" | product_type: "Protein Shakers"
[2026-04-24T05:04:32.906Z]   [SKIPPED - not supplement] "Faction Labs Disorder Ultimate Pre Workout" | product_type: "Pre-Workout"
[2026-04-24T05:04:32.907Z]   [SKIPPED - not supplement] "ABE Ultimate Energy Shots" | product_type: "Pre-Workout"
[2026-04-24T05:04:32.909Z]   [SKIPPED - no category] "Vitafit Taurine Amino" | product_type: "General Health" | tags: general health,heart health,location-17947492419-instock,location-20189478979-outofstock,location-20853096515-outofstock
[2026-04-24T05:04:32.909Z]   [SKIPPED - not supplement] "Muscletech Stainless Steel Shaker (Random Colour) *Gift*" | product_type: "Protein Shakers"
[2026-04-24T05:04:33.417Z]   Page 6...
[2026-04-24T05:04:34.456Z]   [SKIPPED - not supplement] "Mutant Born Hardcore Mega Jug 2.6L *Gift*" | product_type: "Workout Equipment"
[2026-04-24T05:04:34.457Z]   [SKIPPED - not supplement] "LevlUp Shaker (Random Colour) *Gift*" | product_type: "Protein Shakers"
[2026-04-24T05:04:34.457Z]   [SKIPPED - no category] "EQ Food Lowcal Protein Cracker Chips" | product_type: "Snacks" | tags: discontinued,discount-eligible,location-17947492419-outofstock,location-20189478979-outofstock,location-20853096515-outofstock
[2026-04-24T05:04:34.458Z]   [SKIPPED - not supplement] "Get Raw Intra Workout" | product_type: "Intra-Workout"
[2026-04-24T05:04:34.459Z]   [SKIPPED - not supplement] "Shakesphere Shaker Mixer Jug 1.3L" | product_type: "Protein Shakers"
[2026-04-24T05:04:34.460Z]   [SKIPPED - not supplement] "Innerbloom Cold Brew Coffee Oat Milk + Adaptogens RTD" | product_type: "Energy Drinks"
[2026-04-24T05:04:34.460Z]   [SKIPPED - not supplement] "Innerbloom Cold Brew Coffee Maca Mocha RTD" | product_type: "Energy Drinks"
[2026-04-24T05:04:34.461Z]   [SKIPPED - not supplement] "Innerbloom Cold Brew Coffee Straight Up RTD" | product_type: "Energy Drinks"
[2026-04-24T05:04:34.461Z]   [SKIPPED - not supplement] "Snackn Shaker *Gift*" | product_type: "Protein Shakers"
[2026-04-24T05:04:34.462Z]   [SKIPPED - not supplement] "Muscle Nation Electric Hand Mixer" | product_type: "Protein Shakers"
[2026-04-24T05:04:34.462Z]   [SKIPPED - no category] "Nothing Naughty Electrolytes + Protein Bars Stack" | product_type: "Electrolytes" | tags: bfcm_3,discount_works,electrolytes,endurance-sale,energy & endurance
[2026-04-24T05:04:34.463Z]   [SKIPPED - not supplement] "MuscleSport Lean Whey Iso Hydro Protein Powder" | product_type: "Whey Protein Isolate"
[2026-04-24T05:04:34.463Z]   [SKIPPED - not supplement] "Cellucor C4 Shaker (Random Colour) *Gift*" | product_type: "Protein Shakers"
[2026-04-24T05:04:34.464Z]   [SKIPPED - not supplement] "Pillar Performance Triple Magnesium Pouch" | product_type: "Recovery"
[2026-04-24T05:04:34.465Z]   [SKIPPED - not supplement] "G FUEL Energy RTD" | product_type: "Energy Drinks"
[2026-04-24T05:04:34.465Z]   [SKIPPED - not supplement] "Zen Liniment Sports Roll-On 75ml" | product_type: "Recovery"
[2026-04-24T05:04:34.465Z]   [SKIPPED - not supplement] "Zen Herbal Liniment Spray 100mL" | product_type: "Recovery"
[2026-04-24T05:04:34.466Z]   [SKIPPED - not supplement] "Zen Herbal Liniment Gel 75g" | product_type: "Recovery"
[2026-04-24T05:04:34.466Z]   [SKIPPED - not supplement] "Musashi Alpha Shaker Bottle 750ml" | product_type: "Accessories"
[2026-04-24T05:04:34.467Z]   [SKIPPED - not supplement] "BSc Energy Drink RTD" | product_type: "Energy Drinks"
[2026-04-24T05:04:34.468Z]   [SKIPPED - not supplement] "Shakesphere Tumbler View Shaker 700ml" | product_type: "Protein Shakers"
[2026-04-24T05:04:34.468Z]   [SKIPPED - not supplement] "Shakesphere Stainless Steel Shaker 700ml" | product_type: "Protein Shakers"
[2026-04-24T05:04:34.982Z]   Page 7...
[2026-04-24T05:04:35.868Z]   [SKIPPED - not supplement] "Radix Stainless Steel Shaker" | product_type: "Protein Shakers"
[2026-04-24T05:04:35.869Z]   [SKIPPED - not supplement] "MuscleTech IsoWhey Protein Powder" | product_type: "Whey Protein Isolate"
[2026-04-24T05:04:35.870Z]   [SKIPPED - not supplement] "Muscle Nation Energy Drink" | product_type: "Energy Drinks"
[2026-04-24T05:04:35.870Z]   [SKIPPED - not supplement] "SF Pro Loaded Shaker *Gift*" | product_type: "Protein Shakers"
[2026-04-24T05:04:35.871Z]   [SKIPPED - not supplement] "Bucked Up Deer Antler Velvet Spray - His" | product_type: "Post-Workout"
[2026-04-24T05:04:35.873Z]   [SKIPPED - not supplement] "Mutant Deluxe 1L Shaker (Red/Black) *Gift*" | product_type: "Protein Shakers"
[2026-04-24T05:04:35.876Z]   [SKIPPED - no category] "TriggerPoint Grid X Massage Ball" | product_type: "Accessories" | tags: discontinued,discount-eligible,fathers-day-2025,gift_under_100,location-17947492419-outofstock
[2026-04-24T05:04:35.876Z]   [SKIPPED - no category] "TriggerPoint Mobi Point Massage Ball" | product_type: "Accessories" | tags: discount-eligible,fathers-day-2025,gift_under_50,location-17947492419-instock,location-20189478979-outofstock
[2026-04-24T05:04:35.876Z]   [SKIPPED - no category] "TriggerPoint MB1 Massage Ball" | product_type: "Accessories" | tags: discount-eligible,fathers-day-2025,gift_under_50,location-17947492419-instock,location-20189478979-outofstock
[2026-04-24T05:04:35.877Z]   [SKIPPED - no category] "TriggerPoint AcuCurve Self Massage Cane" | product_type: "Accessories" | tags: discount-eligible,fathers-day-2025,gift_under_100,location-17947492419-instock,location-20189478979-outofstock
[2026-04-24T05:04:35.877Z]   [SKIPPED - no category] "TriggerPoint Impact Massage Vibrating Buffer" | product_type: "Accessories" | tags: discontinued,discount-eligible,fathers-day-2025,gift_under_200,location-17947492419-outofstock
[2026-04-24T05:04:35.878Z]   [SKIPPED - not supplement] "Grenade High Protein & Low Sugar Bars" | product_type: "Protein Bars"
[2026-04-24T05:04:35.878Z]   [SKIPPED - not supplement] "ABE Energy + Performance RTD" | product_type: "Energy Drinks"
[2026-04-24T05:04:35.879Z]   [SKIPPED - not supplement] "Athletic Sport Kamikaze Energy RTD" | product_type: "Energy Drinks"
[2026-04-24T05:04:35.880Z]   [SKIPPED - not supplement] "Chaos Crew Shaker 600ml (Random Colour) *Gift*" | product_type: "Protein Shakers"
[2026-04-24T05:04:36.388Z]   Page 8...
[2026-04-24T05:04:37.503Z]   [SKIPPED - not supplement] "MuscleTech Clear 1L Shaker *Gift*" | product_type: "Protein Shakers"
[2026-04-24T05:04:37.505Z]   [SKIPPED - not supplement] "Omaha Protein Popcorn" | product_type: "Snacks"
[2026-04-24T05:04:37.505Z]   [SKIPPED - not supplement] "Musashi Energy Drink 250ml" | product_type: "Energy Drinks"
[2026-04-24T05:04:37.506Z]   [SKIPPED - no category] "Snackn Protein Nut Spread 265g" | product_type: "Snacks" | tags: discount-eligible,location-17947492419-instock,location-20189478979-outofstock,location-20853096515-outofstock,location-35711352899-outofstock
[2026-04-24T05:04:37.506Z]   [SKIPPED - no category] "Massage Ball  (Random Colour) *Gift*" | product_type: "Workout Equipment" | tags: algolia-ignore,discount-eligible,location-17947492419-outofstock,location-20189478979-outofstock,location-20853096515-outofstock
[2026-04-24T05:04:37.507Z]   [SKIPPED - not supplement] "PVL ISOGOLD Premium Whey Isolate Protein Powder 5lb" | product_type: "Whey Protein Isolate"
[2026-04-24T05:04:37.507Z]   [SKIPPED - not supplement] "Cellucor C4 Smart Energy Carbonated Can" | product_type: "Energy Drinks"
[2026-04-24T05:04:37.508Z]   [SKIPPED - not supplement] "Nexus Sports Nutrition Super Protein Collagen Water" | product_type: "Collagen"
[2026-04-24T05:04:37.508Z]   [SKIPPED - not supplement] "höm Energy Drink" | product_type: "Energy Drinks"
[2026-04-24T05:04:37.509Z]   [SKIPPED - not supplement] "Optimum Nutrition Blender Bottle Shaker *Gift*" | product_type: "Protein Shakers"
[2026-04-24T05:04:37.510Z]   [SKIPPED - not supplement] "Balance Plant Protein 2kg" | product_type: "Plant Protein"
[2026-04-24T05:04:37.510Z]   [SKIPPED - not supplement] "Sportsfuel 600ml Shaker *Gift*" | product_type: "Protein Shakers"
[2026-04-24T05:04:37.511Z]   [SKIPPED - not supplement] "ABE Ultimate Pre-Workout" | product_type: "Pre-Workout"
[2026-04-24T05:04:37.511Z]   [SKIPPED - not supplement] "Muscle Nation Protein Water" | product_type: "Protein Water"
[2026-04-24T05:04:37.512Z]   [SKIPPED - not supplement] "Ghost Energy Drink 500ml RTD" | product_type: "Energy Drinks"
[2026-04-24T05:04:37.514Z]   [SKIPPED - not supplement] "Cellucor C4 On The Go 346ml RTD" | product_type: "Energy Drinks"
[2026-04-24T05:04:37.514Z]   [SKIPPED - not supplement] "TOTAL XP Protein Crunch Snacks" | product_type: "Snacks"
[2026-04-24T05:04:37.515Z]   [SKIPPED - not supplement] "Zombie Labs Pumpz Non-Stim Pump + Nootropic" | product_type: "Pre-Workout"
[2026-04-24T05:04:37.515Z]   [SKIPPED - not supplement] "Zombie Labs Cross-Eyed Extreme Stim + Beta Alanine Pre Workout" | product_type: "Pre-Workout"
[2026-04-24T05:04:37.516Z]   [SKIPPED - not supplement] "Musashi Plant Protein" | product_type: "Plant Protein"
[2026-04-24T05:04:38.030Z]   Page 9...
[2026-04-24T05:04:38.867Z]   [SKIPPED - not supplement] "Alani Nu Energy RTD Cans" | product_type: "Energy Drinks"
[2026-04-24T05:04:38.868Z]   [SKIPPED - not supplement] "Mutant Mass Extreme 2500 12lb" | product_type: "Mass Gainer"
[2026-04-24T05:04:38.869Z]   [SKIPPED - not supplement] "Before You Speak High Performance Coffee 7 Pack" | product_type: "Energy & Endurance"
[2026-04-24T05:04:38.870Z]   [SKIPPED - not supplement] "Before You Speak Adrenal Decaf Coffee 7 Pack" | product_type: "Recovery"
[2026-04-24T05:04:38.871Z]   [SKIPPED - not supplement] "GU Roctane Recovery Drink Mix" | product_type: "Recovery"
[2026-04-24T05:04:38.872Z]   [SKIPPED - not supplement] "Healthspan Elite All Blacks Ultimate Whey Protein Powder Blend" | product_type: "Whey Protein"
[2026-04-24T05:04:38.873Z]   [SKIPPED - not supplement] "Redcon1 Cluster Bomb" | product_type: "Post-Workout"
[2026-04-24T05:04:38.873Z]   [SKIPPED - not supplement] "EHP Labs OxyShred Ultra Energy RTD Cans" | product_type: "Energy Drinks"
[2026-04-24T05:04:38.874Z]   [SKIPPED - not supplement] "Radix Nutrition Ultimate Recovery Smoothie V2 Whey Blend" | product_type: "Whey Protein"
[2026-04-24T05:04:38.877Z]   [SKIPPED - not supplement] "MuscleTech Nitro Tech 100% Whey Gold Protein Powder 5lb" | product_type: "Whey Protein"
[2026-04-24T05:04:38.878Z]   [SKIPPED - not supplement] "Pack Nutrition Arginine Caps" | product_type: "Recovery"
[2026-04-24T05:04:38.878Z]   [SKIPPED - not supplement] "Muscletech Hydroxycut Energy RTDs" | product_type: "Energy Drinks"
[2026-04-24T05:04:39.392Z]   Page 10...
[2026-04-24T05:04:40.383Z]   [SKIPPED - not supplement] "Harker Herbals Recovery Tonic" | product_type: "Recovery"
[2026-04-24T05:04:40.385Z]   [SKIPPED - not supplement] "Universal Carb Max" | product_type: "Post-Workout"
[2026-04-24T05:04:40.385Z]   [SKIPPED - not supplement] "Switch Nutrition Adrenal Switch Capsules" | product_type: "Recovery"
[2026-04-24T05:04:40.388Z]   [SKIPPED - not supplement] "FitAid Athletic Recovery Zero Sugar RTD" | product_type: "Recovery"
[2026-04-24T05:04:40.389Z]   [SKIPPED - not supplement] "FitAid Athletic Recovery RTD" | product_type: "Recovery"
[2026-04-24T05:04:40.389Z]   [SKIPPED - not supplement] "FitAid RX Zero Sugar Recovery RTD" | product_type: "Recovery"
[2026-04-24T05:04:40.390Z]   [SKIPPED - not supplement] "FitAid RX Athletic Recovery RTD" | product_type: "Recovery"
[2026-04-24T05:04:40.390Z]   [SKIPPED - not supplement] "VPX Synthesize Post Workout" | product_type: "Post-Workout"
[2026-04-24T05:04:40.393Z]   [SKIPPED - not supplement] "Atkins Advantage RTD" | product_type: "Whey Protein"
[2026-04-24T05:04:40.394Z]   [SKIPPED - not supplement] "Switch Nutrition Collagen Switch" | product_type: "Collagen"
[2026-04-24T05:04:40.897Z]   Page 11...
[2026-04-24T05:04:41.830Z]   [SKIPPED - not supplement] "Before You Speak Adrenal Decaf Coffee" | product_type: "Recovery"
[2026-04-24T05:04:41.831Z]   [SKIPPED - not supplement] "Before You Speak High Performance Coffee" | product_type: "Energy & Endurance"
[2026-04-24T05:04:41.832Z]   [SKIPPED - not supplement] "Pillar Performance Triple Magnesium Tub" | product_type: "Recovery"
[2026-04-24T05:04:41.833Z]   [SKIPPED - not supplement] "Ronnie Coleman Agmatine Caps" | product_type: "Pre-Workout"
[2026-04-24T05:04:41.834Z]   [SKIPPED - not supplement] "Dymatize Glutamine Powder" | product_type: "Glutamine"
[2026-04-24T05:04:41.834Z]   [SKIPPED - not supplement] "Musashi Energy Drink RTD 500ml" | product_type: "Pre-Workout"
[2026-04-24T05:04:41.837Z]   [SKIPPED - not supplement] "Inspired DVST8 Energy RTD" | product_type: "Energy Drinks"
[2026-04-24T05:04:41.838Z]   [SKIPPED - not supplement] "Musashi Protein Crisp Bars" | product_type: "Protein Bars"
[2026-04-24T05:04:41.838Z]   [SKIPPED - not supplement] "Switch Nutrition Essentials Carbs" | product_type: "Post-Workout"
[2026-04-24T05:04:41.839Z]   [SKIPPED - not supplement] "Redcon1 RPG - Glucose Disposal" | product_type: "Intra-Workout"
[2026-04-24T05:04:41.840Z]   [SKIPPED - not supplement] "EHP Labs IsoPept Whey Protein Powder 2lb" | product_type: "Whey Protein Isolate"
[2026-04-24T05:04:41.840Z]   [SKIPPED - not supplement] "Dymatize Pre Workout" | product_type: "Pre-Workout"
[2026-04-24T05:04:41.841Z]   [SKIPPED - not supplement] "Dymatize ISO 100 Whey Isolate Protein Powder 1.6lb" | product_type: "Whey Protein Isolate"
[2026-04-24T05:04:42.351Z]   Page 12...
[2026-04-24T05:04:43.224Z]   [SKIPPED - not supplement] "Sportsfuel 600ml Shaker" | product_type: "Protein Shakers"
[2026-04-24T05:04:43.227Z]   [SKIPPED - not supplement] "Smartshake DC Comics Whey2Go Powder Funnel" | product_type: "Protein Shakers"
[2026-04-24T05:04:43.227Z]   [SKIPPED - not supplement] "SmartShake DC Comics Reforce Stainless Steel Shaker 900ml" | product_type: "Protein Shakers"
[2026-04-24T05:04:43.227Z]   [SKIPPED - not supplement] "SmartShake DC Comics Lite Shaker 800ml" | product_type: "Protein Shakers"
[2026-04-24T05:04:43.228Z]   [SKIPPED - not supplement] "SmartShake Revive Rock Band Series - 750ml" | product_type: "Protein Shakers"
[2026-04-24T05:04:43.230Z]   [SKIPPED - not supplement] "Inspired DVST8 Pre-Workout" | product_type: "Pre-Workout"
[2026-04-24T05:04:43.230Z]   [SKIPPED - not supplement] "Mitchells Nutrition Bone Broth Protein Powder" | product_type: "Beef Protein"
[2026-04-24T05:04:43.231Z]   [SKIPPED - not supplement] "EHP Labs Pride Pre Workout" | product_type: "Pre-Workout"
[2026-04-24T05:04:43.232Z]   [SKIPPED - not supplement] "Mutant Mass Protein Powder 15lb" | product_type: "Mass Gainer"
[2026-04-24T05:04:43.233Z]   [SKIPPED - not supplement] "Mutant Mass Dual Chamber Bag (6lb Bonus Size)" | product_type: "Whey Protein"
[2026-04-24T05:04:43.233Z]   [SKIPPED - not supplement] "Nothing Naughty Protein Cracker Mix 500g" | product_type: "Snacks"
[2026-04-24T05:04:43.234Z]   [SKIPPED - not supplement] "Performa Activ Shaker Power Rangers Series 800ml" | product_type: "Protein Shakers"
[2026-04-24T05:04:43.235Z]   [SKIPPED - not supplement] "Mystery Shaker" | product_type: "Protein Shakers"
[2026-04-24T05:04:43.236Z]   [SKIPPED - not supplement] "Raze Energy RTD" | product_type: "Energy Drinks"
[2026-04-24T05:04:43.236Z]   [SKIPPED - not supplement] "Macro Mike Premium Almond Plant Protein" | product_type: "Plant Protein"
[2026-04-24T05:04:43.238Z]   [SKIPPED - not supplement] "Alien Shaker" | product_type: "Protein Shakers"
[2026-04-24T05:04:43.239Z]   [SKIPPED - not supplement] "PURE Energy Gels" | product_type: "Energy & Endurance"
[2026-04-24T05:04:43.239Z]   [SKIPPED - not supplement] "PURE Exercise Recovery 740g" | product_type: "Post-Workout"
[2026-04-24T05:04:43.240Z]   [SKIPPED - not supplement] "PURE Whey Protein Powder" | product_type: "Whey Protein"
[2026-04-24T05:04:43.241Z]   [SKIPPED - not supplement] "Muscle Nation 100% Whey Isolate Protein Powder" | product_type: "Whey Protein Isolate"
[2026-04-24T05:04:43.242Z]   [SKIPPED - not supplement] "Olimp Dextrex Juice 1kg" | product_type: "Post-Workout"
[2026-04-24T05:04:43.242Z]   [SKIPPED - not supplement] "Olimp Carbonox - Carbohydrate Formula 1kg" | product_type: "Intra-Workout"
[2026-04-24T05:04:43.748Z]   Page 13...
[2026-04-24T05:04:44.982Z]   [SKIPPED - not supplement] "Muscle Nation Custard Casein Protein 1kg" | product_type: "Casein Protein"
[2026-04-24T05:04:44.984Z]   [SKIPPED - not supplement] "Universal ZMA Pro" | product_type: "Post-Workout"
[2026-04-24T05:04:44.984Z]   [SKIPPED - not supplement] "Nutrex Anabol Hardcore" | product_type: "Intra-Workout"
[2026-04-24T05:04:44.986Z]   [SKIPPED - not supplement] "PranaOn Power Plant Protein Powder" | product_type: "Plant Protein"
[2026-04-24T05:04:44.986Z]   [SKIPPED - no category] "Mutant Pure Vitamin C Crystals - Massive 824 Serve" | product_type: "Multi-Vitamins" | tags: antioxidants,bfcm_2,discontinued,discount-eligible,discount_works
[2026-04-24T05:04:44.987Z]   [SKIPPED - no category] "North Coast Naturals Pure Immuno-C- Massive 824 Serve" | product_type: "Immunity" | tags: bfcm_3,discontinued,discount-eligible,discount_works,general health
[2026-04-24T05:04:44.987Z]   [SKIPPED - no category] "PVL Pure Vitamin C Crystals - Massive 824 Serve" | product_type: "Multi-Vitamins" | tags: antioxidants,bfcm_3,discontinued,discount-eligible,discount_works
[2026-04-24T05:04:44.987Z]   [SKIPPED - not supplement] "Bang Energy Drink" | product_type: "Energy Drinks"
[2026-04-24T05:04:44.989Z]   [SKIPPED - not supplement] "PVL ISOGOLD Premium Isolate Protein Powder 2lb" | product_type: "Whey Protein Isolate"
[2026-04-24T05:04:44.990Z]   [SKIPPED - not supplement] "Musashi Shred Matrix 30 Serves" | product_type: "Fat Burners"
[2026-04-24T05:04:44.991Z]   [SKIPPED - not supplement] "BSN Shred Stack" | product_type: "Stacks"
[2026-04-24T05:04:44.992Z]   [SKIPPED - not supplement] "Clif Bar" | product_type: "Protein Bars"
[2026-04-24T05:04:44.992Z]   [SKIPPED - not supplement] "Zen Liniment Sports Spray 125mL" | product_type: "Recovery"
[2026-04-24T05:04:44.994Z]   [SKIPPED - not supplement] "PEAKFUEL Hydration 500g" | product_type: "Intra-Workout"
[2026-04-24T05:04:44.995Z]   [SKIPPED - not supplement] "Nutrex HMB 1000 120 Caps" | product_type: "Post-Workout"
[2026-04-24T05:04:44.996Z]   [SKIPPED - not supplement] "Eat Me Creatine (Creapure)" | product_type: "Creatine"
[2026-04-24T05:04:44.996Z]   [SKIPPED - not supplement] "Mutant Whey Dual Chamber Bag 4lb" | product_type: "Whey Protein"
[2026-04-24T05:04:44.997Z]   [SKIPPED - not supplement] "Dymatize Super Mass Gainer" | product_type: "Mass Gainer"
[2026-04-24T05:04:44.998Z]   [SKIPPED - not supplement] "Dymatize ISO 100 Whey Isolate Protein Powder 3.1lb" | product_type: "Whey Protein Isolate"
[2026-04-24T05:04:44.998Z]   [SKIPPED - not supplement] "Quest Nutrition Protein Shake 12 Box" | product_type: "Whey Protein"
[2026-04-24T05:04:44.999Z]   [SKIPPED - not supplement] "Quest Nutrition Tortilla Protein Chips" | product_type: "Snacks"
[2026-04-24T05:04:44.999Z]   [SKIPPED - not supplement] "Muscletech SX-7 Black Onyx Creabuild 30 Serve" | product_type: "Post-Workout"
[2026-04-24T05:04:45.000Z]   [SKIPPED - not supplement] "Killer Labz Laxobulk" | product_type: "Post-Workout"
[2026-04-24T05:04:45.000Z]   [SKIPPED - not supplement] "Mutant Whey Protein Powder 5lb" | product_type: "Whey Protein"
[2026-04-24T05:04:45.001Z]   [SKIPPED - not supplement] "5% Nutrition Post gear PCT Support" | product_type: "Post-Workout"
[2026-04-24T05:04:45.001Z]   [SKIPPED - not supplement] "Optimum Nutrition Pure Pro 35 RTDs" | product_type: "Energy Drinks"
[2026-04-24T05:04:45.504Z]   Page 14...
[2026-04-24T05:04:46.230Z]   [SKIPPED - not supplement] "Faction Labs Disorder Pre-Workout" | product_type: "Pre-Workout"
[2026-04-24T05:04:46.231Z]   [SKIPPED - not supplement] "Performa WWE Collection Shaker 800ml" | product_type: "Accessories"
[2026-04-24T05:04:46.231Z]   [SKIPPED - not supplement] "Performa Transformers Collection Shaker 800ml" | product_type: "Protein Shakers"
[2026-04-24T05:04:46.231Z]   [SKIPPED - not supplement] "Performa GI Joe Series 800ml" | product_type: "Accessories"
[2026-04-24T05:04:46.232Z]   [SKIPPED - not supplement] "Performa Shaker Comic Hero Series 800ml" | product_type: "Protein Shakers"
[2026-04-24T05:04:46.232Z]   [SKIPPED - not supplement] "Performa Shaker Star Wars Series 800ml" | product_type: "Accessories"
[2026-04-24T05:04:46.232Z]   [SKIPPED - not supplement] "Performa Shaker Marvel Series 800ml" | product_type: "Protein Shakers"
[2026-04-24T05:04:46.233Z]   [SKIPPED - not supplement] "SciVation Xtend Energy RTD 6 Pack" | product_type: "Energy Drinks"
[2026-04-24T05:04:46.233Z]   [SKIPPED - not supplement] "SciVation Xtend Energy RTD 12 Pack" | product_type: "Energy Drinks"
[2026-04-24T05:04:46.234Z]   [SKIPPED - not supplement] "PVL Total Reload" | product_type: "Intra-Workout"
[2026-04-24T05:04:46.235Z]   [SKIPPED - not supplement] "Pro Supps Crash 30 Serve" | product_type: "Post-Workout"
[2026-04-24T05:04:46.236Z]   [SKIPPED - not supplement] "Dymatize Elite 100% Whey Protein Powder 2lb" | product_type: "Whey Protein"
[2026-04-24T05:04:46.237Z]   [SKIPPED - not supplement] "PURE Beet Endurance 150g" | product_type: "Energy & Endurance"
[2026-04-24T05:04:46.238Z]   [SKIPPED - not supplement] "EHP Labs Crea-8 Creatine" | product_type: "Creatine"
[2026-04-24T05:04:46.239Z]   [SKIPPED - no category] "Massage Ball Roller" | product_type: "Accessories" | tags: bfcm_2,discount-eligible,discount_works,location-17947492419-outofstock,location-20189478979-outofstock
[2026-04-24T05:04:46.240Z]   [SKIPPED - not supplement] "Mutant Red Mega Jug 2.6L" | product_type: "Workout Equipment"
[2026-04-24T05:04:46.241Z]   [SKIPPED - not supplement] "PURE Blackcurrant Recovery 200g" | product_type: "Post-Workout"
[2026-04-24T05:04:46.241Z]   [SKIPPED - not supplement] "Outbreak Antidote Grape" | product_type: "Recovery"
[2026-04-24T05:04:46.743Z]   Page 15...
[2026-04-24T05:04:47.655Z]   [SKIPPED - not supplement] "EHP Labs Acetyl L-Carnitine" | product_type: "L-Carnitine"
[2026-04-24T05:04:47.656Z]   [SKIPPED - not supplement] "Gaspari HMB 90 caps" | product_type: "Intra-Workout"
[2026-04-24T05:04:47.656Z]   [SKIPPED - not supplement] "Macro Mike Plant Protein Powder 1kg" | product_type: "Plant Protein"
[2026-04-24T05:04:47.657Z]   [SKIPPED - not supplement] "Outbreak Nutrition Adapt" | product_type: "Post-Workout"
[2026-04-24T05:04:47.658Z]   [SKIPPED - not supplement] "EHP Labs OxyShred Non-Stim Ultra Concentration Fat Burner" | product_type: "Fat Burners"
[2026-04-24T05:04:47.659Z]   [SKIPPED - not supplement] "Dymatize BCAA 2:1:1 300g" | product_type: "BCAA"
[2026-04-24T05:04:47.661Z]   [SKIPPED - not supplement] "Dymatize ISO100 Hydolyzed Clear Protein Powder 1.1lb" | product_type: "Whey Protein Isolate"
[2026-04-24T05:04:47.661Z]   [SKIPPED - not supplement] "Dymatize All 9 Amino 450g" | product_type: "Aminos"
[2026-04-24T05:04:47.661Z]   [SKIPPED - not supplement] "Dymatize Amplifie 60 caps" | product_type: "Energy & Endurance"
[2026-04-24T05:04:47.662Z]   [SKIPPED - not supplement] "Switch Nutrition Adrenal Switch 60 Serve" | product_type: "Post-Workout"
[2026-04-24T05:04:47.662Z]   [SKIPPED - not supplement] "Musashi Shred & Burn Protein Shake" | product_type: "Whey Protein"
[2026-04-24T05:04:47.663Z]   [SKIPPED - not supplement] "Switch Nutrition Adrenal Switch 30 Serve" | product_type: "Post-Workout"
[2026-04-24T05:04:47.664Z]   [SKIPPED - not supplement] "EHP Labs OxyShred Hardcore Ultra Concentration Fat Burner" | product_type: "Fat Burners"
[2026-04-24T05:04:47.667Z]   [SKIPPED - not supplement] "Smartshake Original2Go 600ml" | product_type: "Protein Shakers"
[2026-04-24T05:04:47.667Z]   [SKIPPED - not supplement] "Smartshake Retain Bottle Stainless Steel 500ml" | product_type: "Protein Shakers"
[2026-04-24T05:04:47.668Z]   [SKIPPED - not supplement] "Smartshake Revive 750ml" | product_type: "Protein Shakers"
[2026-04-24T05:04:47.668Z]   [SKIPPED - not supplement] "Promixx iX Vortex Mixer Rechargeable" | product_type: "Accessories"
[2026-04-24T05:04:48.182Z]   Page 16...
[2026-04-24T05:04:49.209Z]   [SKIPPED - no category] "Massage Ball" | product_type: "Workout Equipment" | tags: accessories,bfcm_2,Color-Black,Color-Blue,Color-Purple
[2026-04-24T05:04:49.210Z]   [SKIPPED - not supplement] "Musashi Creatine Monohydrate Powder" | product_type: "Creatine"
[2026-04-24T05:04:49.210Z]   [SKIPPED - not supplement] "Musashi Pre-Workout" | product_type: "Pre-Workout"
[2026-04-24T05:04:49.211Z]   [SKIPPED - not supplement] "Musashi High Protein Powder" | product_type: "Whey Protein"
[2026-04-24T05:04:49.211Z]   [SKIPPED - not supplement] "Musashi Shred & Burn Protein Powder" | product_type: "Whey Protein"
[2026-04-24T05:04:49.212Z]   [SKIPPED - not supplement] "Musashi 100% Whey Protein Powder" | product_type: "Whey Protein"
[2026-04-24T05:04:49.212Z]   [SKIPPED - not supplement] "Rule 1 R1 Whey Isolate Protein Powder" | product_type: "Whey Protein Isolate"
[2026-04-24T05:04:49.213Z]   [SKIPPED - not supplement] "Cellucor Alpha Amino Ultimate" | product_type: "Aminos"
[2026-04-24T05:04:49.213Z]   [SKIPPED - not supplement] "Dr Keto Ketones" | product_type: "Post-Workout"
[2026-04-24T05:04:49.215Z]   [SKIPPED - not supplement] "Rule 1 Whey Blend Protein Powder" | product_type: "Whey Protein"
[2026-04-24T05:04:49.215Z]   [SKIPPED - not supplement] "Dymatize Liquid Carnitine" | product_type: "L-Carnitine"
[2026-04-24T05:04:49.215Z]   [SKIPPED - not supplement] "Dymatize Elite 100% Whey Protein Powder 5lb" | product_type: "Whey Protein"
[2026-04-24T05:04:49.216Z]   [SKIPPED - not supplement] "GAT Arginine 180 Caps" | product_type: "Post-Workout"
[2026-04-24T05:04:49.217Z]   [SKIPPED - not supplement] "Dymatize Carnitine Xtreme 60 caps" | product_type: "L-Carnitine"
[2026-04-24T05:04:49.217Z]   [SKIPPED - not supplement] "Dymatize Creatine 300g" | product_type: "Creatine"
[2026-04-24T05:04:49.218Z]   [SKIPPED - not supplement] "Musashi Protein Wafer Bars" | product_type: "Protein Bars"
[2026-04-24T05:04:49.219Z]   [SKIPPED - not supplement] "Kill Cliff Recover 6 Pack" | product_type: "Recovery"
[2026-04-24T05:04:49.220Z]   [SKIPPED - not supplement] "Musashi High Protein Shake" | product_type: "Whey Protein"
[2026-04-24T05:04:49.220Z]   [SKIPPED - not supplement] "Musashi Muscle Recovery Protein Shake" | product_type: "Whey Protein"
[2026-04-24T05:04:49.221Z]   [SKIPPED - not supplement] "Dymatize Amino Pro with Energy" | product_type: "Aminos"
[2026-04-24T05:04:49.221Z]   [SKIPPED - not supplement] "B Raw Ultimate Plant Protein" | product_type: "Plant Protein"
[2026-04-24T05:04:49.221Z]   [SKIPPED - not supplement] "C4 Ultimate Pre Workout" | product_type: "Pre-Workout"
[2026-04-24T05:04:49.222Z]   [SKIPPED - not supplement] "Cellucor C4 Original Pre Workout" | product_type: "Pre-Workout"
[2026-04-24T05:04:49.223Z]   [SKIPPED - not supplement] "Nuzest Clean Lean Protein 2.5kg" | product_type: "Plant Protein"
[2026-04-24T05:04:49.223Z]   [SKIPPED - not supplement] "Dymatize ISO 100 Whey Isolate Protein Powder" | product_type: "Whey Protein Isolate"
[2026-04-24T05:04:49.224Z]   [SKIPPED - not supplement] "X50 Green Tea 60 Serve" | product_type: "Fat Burners"
[2026-04-24T05:04:49.225Z]   [SKIPPED - not supplement] "BSN Syntha 6 Whey Protein Powder 2.27kg (5lb)" | product_type: "Whey Protein"
[2026-04-24T05:04:49.225Z]   [SKIPPED - not supplement] "Balance Plant Protein 1kg" | product_type: "Plant Protein"
[2026-04-24T05:04:49.226Z]   [SKIPPED - not supplement] "Balance 100% Whey Protein Powder 2kg" | product_type: "Whey Protein"
[2026-04-24T05:04:49.731Z]   Page 17...
[2026-04-24T05:04:50.568Z]   [SKIPPED - not supplement] "Nuzest Clean Lean Protein 1kg" | product_type: "Plant Protein"
[2026-04-24T05:04:50.568Z]   [SKIPPED - not supplement] "Musashi Shred & Burn Bars" | product_type: "Protein Bars"
[2026-04-24T05:04:50.569Z]   [SKIPPED - not supplement] "MuscleTech Nitro Tech Whey Protein Powder 4lb" | product_type: "Whey Protein"
[2026-04-24T05:04:50.569Z]   [SKIPPED - not supplement] "Musashi High Protein Bar" | product_type: "Protein Bars"
[2026-04-24T05:04:50.570Z]   [SKIPPED - not supplement] "Musashi Deluxe Protein Bar" | product_type: "Protein Bars"
[2026-04-24T05:04:50.570Z]   [SKIPPED - not supplement] "MusclePharm Combat 100% Whey Protein Powder 5lb" | product_type: "Whey Protein"
[2026-04-24T05:04:50.571Z]   [SKIPPED - not supplement] "Horleys Sculpt Protein Powder" | product_type: "Whey Protein"
[2026-04-24T05:04:50.572Z]   [SKIPPED - not supplement] "Ghost 100% Whey Protein Powder 2lb" | product_type: "Whey Protein"
[2026-04-24T05:04:50.573Z]   [SKIPPED - not supplement] "GAT Nitraflex 30 Serve" | product_type: "Intra-Workout"
[2026-04-24T05:04:50.574Z]   [SKIPPED - not supplement] "SmartShake Original2Go ONE 800ml" | product_type: "Protein Shakers"
[2026-04-24T05:04:50.574Z]   [SKIPPED - not supplement] "SmartShake 500ml Slim Shaker" | product_type: "Protein Shakers"
[2026-04-24T05:04:50.574Z]   [SKIPPED - not supplement] "SmartShake 400ml Protein Shaker" | product_type: "Protein Shakers"
[2026-04-24T05:04:50.575Z]   [SKIPPED - not supplement] "SciVation Xtend 90 Servings" | product_type: "BCAA"
[2026-04-24T05:04:50.575Z]   [SKIPPED - not supplement] "SciVation Xtend 30 Servings" | product_type: "BCAA"
[2026-04-24T05:04:50.575Z]   [SKIPPED - not supplement] "EHP Labs OxyWhey Whey Protein Powder 2lb" | product_type: "Whey Protein"
[2026-04-24T05:04:50.576Z]   [SKIPPED - not supplement] "EHP Labs OxyShred Ultra Concentration Fat Burner" | product_type: "Fat Burners"
[2026-04-24T05:04:50.576Z]   [SKIPPED - not supplement] "EHP Labs Beyond BCAA + EAA" | product_type: "BCAA"
[2026-04-24T05:04:50.576Z]   [SKIPPED - not supplement] "Dymatize Elite Casein 900g" | product_type: "Casein Protein"
[2026-04-24T05:04:50.576Z]   [SKIPPED - not supplement] "Dymatize Elite Casein 1.8kg" | product_type: "Casein Protein"
[2026-04-24T05:04:50.577Z]   [SKIPPED - not supplement] "JNX Sports The Ripper! Fat Burner" | product_type: "Fat Burners"
[2026-04-24T05:04:50.577Z]   [SKIPPED - not supplement] "JNX Sports The Curse! Pre-Workout" | product_type: "Pre-Workout"
[2026-04-24T05:04:50.578Z]   [SKIPPED - not supplement] "Quest Protein Bars" | product_type: "Protein Bars"
[2026-04-24T05:04:50.578Z]   [SKIPPED - not supplement] "BSN Syntha 6 Protein Powder 4.5kg" | product_type: "Whey Protein"
[2026-04-24T05:04:50.579Z]   [SKIPPED - not supplement] "Balance WPI Whey Protein Isolate 1kg" | product_type: "Whey Protein Isolate"
[2026-04-24T05:04:50.580Z]   [SKIPPED - not supplement] "Universal Animal Advanced M Stak Accelerator" | product_type: "Post-Workout"
[2026-04-24T05:04:51.095Z]   Page 18...
[2026-04-24T05:04:51.569Z]   [SKIPPED - not supplement] "Optimum ZMA 90 caps" | product_type: "Post-Workout"
[2026-04-24T05:04:51.569Z]   [SKIPPED - not supplement] "Optimum HMB" | product_type: "Post-Workout"
[2026-04-24T05:04:51.570Z]   [SKIPPED - not supplement] "Optimum ZMA 180 caps" | product_type: "Post-Workout"
[2026-04-24T05:04:51.571Z]   [SKIPPED - not supplement] "PharmaFreak Ripped Freak 60 Caps" | product_type: "Fat Burners"
[2026-04-24T05:04:51.571Z]   [SKIPPED - not supplement] "Mutant ZM8+" | product_type: "Post-Workout"
[2026-04-24T05:04:51.572Z]   [SKIPPED - no category] "Trigger Point Muscle Massage Stick" | product_type: "Accessories" | tags: accessories,bfcm_4,discount-eligible,discount_works,location-17947492419-outofstock
[2026-04-24T05:04:51.572Z]   Found 2014 supplement products from Sportsfuel (18 pages fetched)
[2026-04-24T05:04:53.080Z] Scraping Scorpion Supplements...
[2026-04-24T05:04:53.081Z]   Page 1...
[2026-04-24T05:04:53.975Z]   [SKIPPED - no category] "SCORPION AMINO PRO 2 JAR" | product_type: "Product" | tags: 
[2026-04-24T05:04:53.976Z]   [SKIPPED - no category] "SCORPION AMINO PRO 500g" | product_type: "Product" | tags: 
[2026-04-24T05:04:53.977Z]   [SKIPPED - not supplement] "CREATINE MONOHYDRATE 1KG BAG" | product_type: "Product"
[2026-04-24T05:04:53.978Z]   [SKIPPED - not supplement] "SCORPION SHRED EXTREME CAPSULES" | product_type: "Product"
[2026-04-24T05:04:53.979Z]   [SKIPPED - no category] "SCORPION BIG MASS 3KG" | product_type: "Product" | tags: 
[2026-04-24T05:04:53.980Z]   [SKIPPED - no category] "SCORPION MASS ATTACK 3KG" | product_type: "Product" | tags: 
[2026-04-24T05:04:53.980Z]   [SKIPPED - no category] "SCORPION MASS ATTACK STACK" | product_type: "Product" | tags: 
[2026-04-24T05:04:53.980Z]   [SKIPPED - not supplement] "SCORPION SHRED VENOM - 2 JAR COMBO" | product_type: "(blank)"
[2026-04-24T05:04:53.981Z]   [SKIPPED - not supplement] "SCORPION SHRED VENOM 360g" | product_type: "(blank)"
[2026-04-24T05:04:53.981Z]   Found 59 supplement products from Scorpion Supplements (1 page fetched)
[2026-04-24T05:04:55.487Z] Scraping ASN Online...
[2026-04-24T05:04:55.487Z]   Page 1...
[2026-04-24T05:04:56.910Z]   [SKIPPED - not supplement] "AMF Shred Stack" | product_type: "(blank)"
[2026-04-24T05:04:56.912Z]   [SKIPPED - not supplement] "Quest Nutrition Cheese Crackers" | product_type: "(blank)"
[2026-04-24T05:04:56.913Z]   [SKIPPED - no category] "Snackn White Choc Protein Spread" | product_type: "(blank)" | tags: Spreads
[2026-04-24T05:04:56.913Z]   [SKIPPED - no category] "Snackn Milk Choc Protein Spread" | product_type: "(blank)" | tags: Spreads
[2026-04-24T05:04:56.915Z]   [SKIPPED - not supplement] "JNX Sports The Curse! Stim-Free Pump + Free Mini Protein Bottle Key Chain" | product_type: "Deal"
[2026-04-24T05:04:56.915Z]   [SKIPPED - not supplement] "Zombie Labs END OF DAYZ Apocalyptic Pre-Workout + Free Loaded Shaker" | product_type: "Deal"
[2026-04-24T05:04:56.917Z]   [SKIPPED - no category] "Snackn Protein Breakfast Instant Porridge" | product_type: "(blank)" | tags: Meal Replacement
[2026-04-24T05:04:56.918Z]   [SKIPPED - no category] "Snackn Protein Breakfast Bircher Muesli" | product_type: "(blank)" | tags: Meal Replacement
[2026-04-24T05:04:56.919Z]   [SKIPPED - not supplement] "Smartshake Whey2Go Funnel DC Comics" | product_type: "(blank)"
[2026-04-24T05:04:56.920Z]   [SKIPPED - not supplement] "Inspired Big Black DVST8 Pre-Workout + Free Wolf Shaker & Air Freshener" | product_type: "Deal"
[2026-04-24T05:04:57.421Z]   Page 2...
[2026-04-24T05:04:57.908Z]   [SKIPPED - not supplement] "Dymatize ISO100 Whey Protein Isolate + 6 Free Grenade Protein Bars" | product_type: "Deal"
[2026-04-24T05:04:57.909Z]   Found 195 supplement products from ASN Online (2 pages fetched)
[2026-04-24T05:04:59.424Z] Scraping Supplement Solutions...
[2026-04-24T05:04:59.425Z]   Page 1...
[2026-04-24T05:05:00.269Z]   [SKIPPED - not supplement] "Faction Labs Disorder Ultimate" | product_type: "Pre-Workouts"
[2026-04-24T05:05:00.271Z]   [SKIPPED - not supplement] "Inception Labs Ultimate Pre-Workout Stack" | product_type: "Pre-Workouts"
[2026-04-24T05:05:00.274Z]   Found 72 supplement products from Supplement Solutions (1 page fetched)
[2026-04-24T05:05:01.782Z] Scraping Raisey's...
[2026-04-24T05:05:01.783Z]   Page 1...
[2026-04-24T05:05:02.222Z]   Found 31 supplement products from Raisey's (1 page fetched)
[2026-04-24T05:05:03.729Z] Scraping Xplosiv (Magento)...
[2026-04-24T05:05:10.631Z]   Found 0 products from Xplosiv
[2026-04-24T05:05:12.135Z] Scraping Sprint Fit (custom platform)...
[2026-04-24T05:05:15.289Z]   Found 0 products from Sprint Fit
[2026-04-24T05:05:15.376Z] 
[2026-04-24T05:05:15.376Z] === Scrape complete ===
[2026-04-24T05:05:15.377Z] Total products: 2841
[2026-04-24T05:05:15.377Z] 
[2026-04-24T05:05:15.378Z] By retailer:
[2026-04-24T05:05:15.378Z]   NZ Muscle                 470 products
[2026-04-24T05:05:15.378Z]   Sportsfuel                2014 products
[2026-04-24T05:05:15.378Z]   Scorpion Supplements      59 products
[2026-04-24T05:05:15.379Z]   ASN Online                195 products
[2026-04-24T05:05:15.379Z]   Supplement Solutions      72 products
[2026-04-24T05:05:15.379Z]   Raisey's                  31 products
[2026-04-24T05:05:15.380Z]   Xplosiv                   0 products
[2026-04-24T05:05:15.380Z]   Sprint Fit                0 products
[2026-04-24T05:05:15.380Z] 
[2026-04-24T05:05:15.380Z] By category:
[2026-04-24T05:05:15.381Z]   protein         1256
[2026-04-24T05:05:15.381Z]   creatine        282
[2026-04-24T05:05:15.381Z]   preworkout      522
[2026-04-24T05:05:15.381Z]   fatburner       399
[2026-04-24T05:05:15.382Z]   bcaa            382
[2026-04-24T05:05:15.382Z] 
Output: C:\Users\rapha\scoopscore\data\products.json
[2026-04-24T09:48:55.375Z] === ScoopScore scrape started ===
[2026-04-24T09:48:55.379Z] Retailers: NZ Muscle, Sportsfuel, Scorpion Supplements, ASN Online, Supplement Solutions, Raisey's + Xplosiv + Sprint Fit
[2026-04-24T09:48:55.416Z] Loaded 2841 existing products (preserving price history)
[2026-04-24T09:48:55.417Z] Scraping NZ Muscle...
[2026-04-24T09:48:55.417Z]   Page 1...
[2026-04-24T09:48:56.109Z]   [SKIPPED - no category] "Musashi GWP Protein Wafer Bars - 6 Assorted Bars" | product_type: "(blank)" | tags: 
[2026-04-24T09:48:56.110Z]   [SKIPPED - no category] "C4 Energy + Amino" | product_type: "(blank)" | tags: 
[2026-04-24T09:48:56.111Z]   [SKIPPED - not supplement] "Musashi Shred Energy 355ml" | product_type: "(blank)"
[2026-04-24T09:48:56.111Z]   [SKIPPED - not supplement] "Wheydeals Shaker 600ml" | product_type: "(blank)"
[2026-04-24T09:48:56.112Z]   [SKIPPED - not supplement] "Wheydeals Mystery Box" | product_type: "(blank)"
[2026-04-24T09:48:56.112Z]   [SKIPPED - no category] "TriggerPoint MobiPoint Massage Ball" | product_type: "(blank)" | tags: yoga / rollers
[2026-04-24T09:48:56.113Z]   [SKIPPED - no category] "TriggerPoint MB1 Massage Ball" | product_type: "(blank)" | tags: yoga / rollers
[2026-04-24T09:48:56.113Z]   [SKIPPED - no category] "Optimum Nutrition Amino Energy Sparkling 355ml" | product_type: "(blank)" | tags: abc-a,energy drinks (RTDs)
[2026-04-24T09:48:56.114Z]   [SKIPPED - no category] "Grenade Protein Bar Mixed Box" | product_type: "(blank)" | tags: abc-a
[2026-04-24T09:48:56.621Z]   Page 2...
[2026-04-24T09:48:57.142Z]   [SKIPPED - not supplement] "Musashi Shred Chewables 54 Tablets" | product_type: "(blank)"
[2026-04-24T09:48:57.143Z]   [SKIPPED - no category] "Bundle with Optimum Nutrition Amino Energy" | product_type: "(blank)" | tags: 
[2026-04-24T09:48:57.144Z]   [SKIPPED - no category] "LivePro Targeted Massage Ball" | product_type: "(blank)" | tags: yoga / rollers
[2026-04-24T09:48:57.659Z]   Page 3...
[2026-04-24T09:48:58.388Z]   [SKIPPED - no category] "Snackn WPI Protein" | product_type: "(blank)" | tags: 
[2026-04-24T09:48:58.389Z]   [SKIPPED - no category] "Snackn Protein Nut Spread" | product_type: "(blank)" | tags: coffee & creamers
[2026-04-24T09:48:58.891Z]   Page 4...
[2026-04-24T09:48:59.480Z]   [SKIPPED - not supplement] "Quest Nutrition Protein Bars Mixed Box" | product_type: "(blank)"
[2026-04-24T09:48:59.481Z]   [SKIPPED - not supplement] "Nutry Nuts Protein Nut Butter Cups Mixed Box" | product_type: "(blank)"
[2026-04-24T09:48:59.481Z]   [SKIPPED - not supplement] "Nothing Naughty Protein Bar Mixed Box" | product_type: "(blank)"
[2026-04-24T09:48:59.482Z]   [SKIPPED - no category] "Bundle with NZ Muscle Mass" | product_type: "(blank)" | tags: 
[2026-04-24T09:48:59.483Z]   [SKIPPED - not supplement] "Get Raw Nutrition Intra Workout - Lemon & Lime" | product_type: "(blank)"
[2026-04-24T09:48:59.996Z]   Page 5...
[2026-04-24T09:49:00.796Z]   [SKIPPED - no category] "Snackn Protein Breakfast Instant Porridge" | product_type: "(blank)" | tags: 
[2026-04-24T09:49:00.796Z]   [SKIPPED - no category] "Snackn Protein Breakfast Bircher Muesli" | product_type: "(blank)" | tags: 
[2026-04-24T09:49:01.313Z]   Page 6...
[2026-04-24T09:49:01.800Z]   [SKIPPED - no category] "LCD Massage Gun - 6 Heads" | product_type: "(blank)" | tags: accessories,yoga / rollers
[2026-04-24T09:49:01.801Z]   [SKIPPED - no category] "MyProtein FlavDrops" | product_type: "(blank)" | tags: 
[2026-04-24T09:49:01.801Z]   Found 472 supplement products from NZ Muscle (6 pages fetched)
[2026-04-24T09:49:03.309Z] Scraping Sportsfuel...
[2026-04-24T09:49:03.310Z]   Page 1...
[2026-04-24T09:49:04.319Z]   [SKIPPED - not supplement] "Inspired Shaker (Random Colour) *Gift*" | product_type: "Protein Shakers"
[2026-04-24T09:49:04.321Z]   [SKIPPED - not supplement] "SmartShake DC Comics Lite Shaker 1L" | product_type: "(blank)"
[2026-04-24T09:49:04.322Z]   [SKIPPED - not supplement] "SmartShake Lite Shaker 1L" | product_type: "Protein Shakers"
[2026-04-24T09:49:04.322Z]   [SKIPPED - not supplement] "SmartShake Ultimate Jug Black 2.1L" | product_type: "Water Bottles"
[2026-04-24T09:49:04.328Z]   [SKIPPED - not supplement] "Optimum Opti-lock™ Leakproof Shaker" | product_type: "Protein Shakers"
[2026-04-24T09:49:04.329Z]   [SKIPPED - not supplement] "Justines Protein Cookies Best Sellers 12x Selection Box" | product_type: "Protein Bars"
[2026-04-24T09:49:04.332Z]   [SKIPPED - not supplement] "Optimum Nutrition Stainless Steel Black Shaker *Gift*" | product_type: "Protein Shakers"
[2026-04-24T09:49:04.334Z]   [SKIPPED - not supplement] "Muscle Recovery Bundle" | product_type: "Recovery"
[2026-04-24T09:49:04.335Z]   [SKIPPED - not supplement] "SIS Rego Cherry Juice Concentrate Sachets" | product_type: "Recovery"
[2026-04-24T09:49:04.846Z]   Page 2...
[2026-04-24T09:49:05.835Z]   [SKIPPED - not supplement] "Sportsfuel x Switch Nutrition Breast Cancer Research Fundraising Loaded Shaker" | product_type: "Protein Shakers"
[2026-04-24T09:49:05.838Z]   [SKIPPED - not supplement] "Vitalze KnotAway Cream" | product_type: "Recovery"
[2026-04-24T09:49:05.838Z]   [SKIPPED - not supplement] "Vitalize Chill Restore Cream" | product_type: "Recovery"
[2026-04-24T09:49:05.839Z]   [SKIPPED - not supplement] "2x Musashi Shred Energy Drink RTD 355ml (Random Flavour) *Gift*" | product_type: "(blank)"
[2026-04-24T09:49:05.839Z]   [SKIPPED - not supplement] "1x Musashi Shred Energy Drink RTD 355ml (Random Flavour) *Gift*" | product_type: "(blank)"
[2026-04-24T09:49:05.841Z]   [SKIPPED - no category] "1x Rule 1 Mass Sample Sachet (Random Flavour) *Gift*" | product_type: "(blank)" | tags: algolia-ignore,incoming,location-17947492419-instock,location-20189478979-outofstock,location-20853096515-outofstock
[2026-04-24T09:49:05.841Z]   [SKIPPED - no category] "1x Rule 1 Essential Amino 9 Sample (Random Flavour) *Gift*" | product_type: "(blank)" | tags: algolia-ignore,location-17947492419-instock,location-20189478979-outofstock,location-20853096515-outofstock,location-35711352899-outofstock
[2026-04-24T09:49:05.841Z]   [SKIPPED - not supplement] "X50 600ml Shaker (Random colour) *Gift*" | product_type: "Accessories"
[2026-04-24T09:49:05.842Z]   [SKIPPED - not supplement] "Muscle Nation Shaker (Random Colour) *Gift*" | product_type: "Protein Shakers"
[2026-04-24T09:49:05.843Z]   [SKIPPED - not supplement] "Red Bull Energy Drink Original 473ml" | product_type: "Energy Drinks"
[2026-04-24T09:49:05.844Z]   [SKIPPED - not supplement] "Nothing Naughty Plant Protein Bars 2x 12 Box Stack" | product_type: "Protein Bars"
[2026-04-24T09:49:05.845Z]   [SKIPPED - not supplement] "Nothing Naughty Protein Bars 2x 12 Box Stack" | product_type: "Protein Bars"
[2026-04-24T09:49:06.356Z]   Page 3...
[2026-04-24T09:49:07.307Z]   [SKIPPED - not supplement] "Applied Nutrition Turk-X" | product_type: "Recovery"
[2026-04-24T09:49:07.308Z]   [SKIPPED - not supplement] "Applied Nutrition HMB 500mg" | product_type: "Recovery"
[2026-04-24T09:49:07.314Z]   [SKIPPED - not supplement] "Pack Nutrition Mythic Pre-Workout Collectors Box" | product_type: "Pre-Workout"
[2026-04-24T09:49:07.315Z]   [SKIPPED - not supplement] "Red Bull Energy Drink Sugarfree Original 473ml" | product_type: "Energy Drinks"
[2026-04-24T09:49:07.818Z]   Page 4...
[2026-04-24T09:49:08.735Z]   [SKIPPED - no category] "Rule 1 Energized Amino" | product_type: "Energy & Endurance" | tags: C-Grade,incoming,informed choice,location-17947492419-instock,location-20189478979-outofstock
[2026-04-24T09:49:08.739Z]   [SKIPPED - not supplement] "Mutant Mind FK Pre-Workout Gift Box - Sour Peach" | product_type: "Pre-Workout"
[2026-04-24T09:49:08.741Z]   [SKIPPED - not supplement] "Chief Organic Grass-Fed Beef Biltong 90g" | product_type: "Snacks"
[2026-04-24T09:49:08.741Z]   [SKIPPED - not supplement] "Chief Organic Grass-Fed Beef Biltong 30g" | product_type: "Snacks"
[2026-04-24T09:49:08.741Z]   [SKIPPED - not supplement] "Chief Organic Grass-Fed Beef Bar" | product_type: "Snacks"
[2026-04-24T09:49:08.742Z]   [SKIPPED - not supplement] "Chief Collagen Protein Bar" | product_type: "Protein Bars"
[2026-04-24T09:49:08.743Z]   [SKIPPED - not supplement] "Kill Cliff Recover - Single" | product_type: "Post-Workout"
[2026-04-24T09:49:08.744Z]   [SKIPPED - not supplement] "SciVation Xtend Energy RTD - Single" | product_type: "Energy Drinks"
[2026-04-24T09:49:08.746Z]   [SKIPPED - not supplement] "Athletec ZMA 120 Caps Twin Pack" | product_type: "Recovery"
[2026-04-24T09:49:09.251Z]   Page 5...
[2026-04-24T09:49:10.182Z]   [SKIPPED - not supplement] "USN Anabolic Carb" | product_type: "Recovery"
[2026-04-24T09:49:10.184Z]   [SKIPPED - not supplement] "iSatori Bio-Gro" | product_type: "Post-Workout"
[2026-04-24T09:49:10.187Z]   [SKIPPED - not supplement] "Sportsfuel 400ml Shaker" | product_type: "Protein Shakers"
[2026-04-24T09:49:10.190Z]   [SKIPPED - no category] "Vitafit Taurine Amino" | product_type: "General Health" | tags: general health,heart health,location-17947492419-instock,location-20189478979-outofstock,location-20853096515-outofstock
[2026-04-24T09:49:10.192Z]   [SKIPPED - not supplement] "Muscletech Stainless Steel Shaker (Random Colour) *Gift*" | product_type: "Protein Shakers"
[2026-04-24T09:49:10.192Z]   [SKIPPED - not supplement] "PURE Recovery Shake" | product_type: "Protein Powder"
[2026-04-24T09:49:10.192Z]   [SKIPPED - not supplement] "Muscle Nation Custard Protein Bar" | product_type: "Protein Bars"
[2026-04-24T09:49:10.193Z]   [SKIPPED - not supplement] "Quest Dipped Chocolate Protein Bar" | product_type: "Protein Bars"
[2026-04-24T09:49:10.194Z]   [SKIPPED - not supplement] "Musashi Protein + Energy Bars" | product_type: "Protein Bars"
[2026-04-24T09:49:10.700Z]   Page 6...
[2026-04-24T09:49:11.803Z]   [SKIPPED - not supplement] "Athena Crisp Protein + Calcium Bars" | product_type: "Protein Bars"
[2026-04-24T09:49:11.804Z]   [SKIPPED - not supplement] "Athena Luxe Protein + Iron Bars" | product_type: "Protein Bars"
[2026-04-24T09:49:11.805Z]   [SKIPPED - not supplement] "Alpha Prime Protein Brownie Bites" | product_type: "Snacks"
[2026-04-24T09:49:11.806Z]   [SKIPPED - not supplement] "LevlUp Shaker (Random Colour) *Gift*" | product_type: "Protein Shakers"
[2026-04-24T09:49:11.807Z]   [SKIPPED - no category] "EQ Food Lowcal Protein Cracker Chips" | product_type: "Snacks" | tags: discontinued,discount-eligible,location-17947492419-outofstock,location-20189478979-outofstock,location-20853096515-outofstock
[2026-04-24T09:49:11.808Z]   [SKIPPED - not supplement] "Get Raw Intra Workout" | product_type: "Intra-Workout"
[2026-04-24T09:49:11.809Z]   [SKIPPED - not supplement] "Shakesphere Shaker Mixer Jug 1.3L" | product_type: "Protein Shakers"
[2026-04-24T09:49:11.809Z]   [SKIPPED - not supplement] "Vitawerx Puff'd Protein Crisps" | product_type: "Protein Bars"
[2026-04-24T09:49:11.810Z]   [SKIPPED - not supplement] "Innerbloom Cold Brew Coffee Oat Milk + Adaptogens RTD" | product_type: "Energy Drinks"
[2026-04-24T09:49:11.810Z]   [SKIPPED - not supplement] "Innerbloom Cold Brew Coffee Maca Mocha RTD" | product_type: "Energy Drinks"
[2026-04-24T09:49:11.811Z]   [SKIPPED - not supplement] "Innerbloom Cold Brew Coffee Straight Up RTD" | product_type: "Energy Drinks"
[2026-04-24T09:49:11.811Z]   [SKIPPED - not supplement] "Snackn Shaker *Gift*" | product_type: "Protein Shakers"
[2026-04-24T09:49:11.812Z]   [SKIPPED - no category] "Nothing Naughty Electrolytes + Protein Bars Stack" | product_type: "Electrolytes" | tags: bfcm_3,discount_works,electrolytes,endurance-sale,energy & endurance
[2026-04-24T09:49:11.813Z]   [SKIPPED - not supplement] "Cellucor C4 Shaker (Random Colour) *Gift*" | product_type: "Protein Shakers"
[2026-04-24T09:49:11.814Z]   [SKIPPED - not supplement] "G FUEL Energy RTD" | product_type: "Energy Drinks"
[2026-04-24T09:49:11.815Z]   [SKIPPED - not supplement] "Zen Liniment Sports Roll-On 75ml" | product_type: "Recovery"
[2026-04-24T09:49:11.815Z]   [SKIPPED - not supplement] "Zen Herbal Liniment Spray 100mL" | product_type: "Recovery"
[2026-04-24T09:49:11.816Z]   [SKIPPED - not supplement] "Zen Herbal Liniment Gel 75g" | product_type: "Recovery"
[2026-04-24T09:49:11.816Z]   [SKIPPED - not supplement] "Musashi Alpha Shaker Bottle 750ml" | product_type: "Accessories"
[2026-04-24T09:49:11.817Z]   [SKIPPED - not supplement] "Hydroxycut Hardcore Ultra Shred Fat Burner Drink Sticks" | product_type: "Fat Burners"
[2026-04-24T09:49:11.817Z]   [SKIPPED - not supplement] "BSc Energy Drink RTD" | product_type: "Energy Drinks"
[2026-04-24T09:49:11.818Z]   [SKIPPED - not supplement] "BSN Protein Crisp Bars" | product_type: "Protein Bars"
[2026-04-24T09:49:11.818Z]   [SKIPPED - not supplement] "Shakesphere Tumbler View Shaker 700ml" | product_type: "Protein Shakers"
[2026-04-24T09:49:11.819Z]   [SKIPPED - not supplement] "Shakesphere Stainless Steel Shaker 700ml" | product_type: "Protein Shakers"
[2026-04-24T09:49:12.332Z]   Page 7...
[2026-04-24T09:49:13.280Z]   [SKIPPED - not supplement] "Radix Stainless Steel Shaker" | product_type: "Protein Shakers"
[2026-04-24T09:49:13.281Z]   [SKIPPED - not supplement] "Muscle Nation Energy Drink" | product_type: "Energy Drinks"
[2026-04-24T09:49:13.282Z]   [SKIPPED - not supplement] "SF Pro Loaded Shaker *Gift*" | product_type: "Protein Shakers"
[2026-04-24T09:49:13.282Z]   [SKIPPED - not supplement] "SiS Protein Bars" | product_type: "Protein Bars"
[2026-04-24T09:49:13.283Z]   [SKIPPED - not supplement] "Bucked Up Deer Antler Velvet Spray - His" | product_type: "Post-Workout"
[2026-04-24T09:49:13.285Z]   [SKIPPED - not supplement] "Mutant Deluxe 1L Shaker (Red/Black) *Gift*" | product_type: "Protein Shakers"
[2026-04-24T09:49:13.287Z]   [SKIPPED - no category] "TriggerPoint Grid X Massage Ball" | product_type: "Accessories" | tags: discontinued,discount-eligible,fathers-day-2025,gift_under_100,location-17947492419-outofstock
[2026-04-24T09:49:13.287Z]   [SKIPPED - no category] "TriggerPoint Mobi Point Massage Ball" | product_type: "Accessories" | tags: discount-eligible,fathers-day-2025,gift_under_50,location-17947492419-instock,location-20189478979-outofstock
[2026-04-24T09:49:13.288Z]   [SKIPPED - no category] "TriggerPoint MB1 Massage Ball" | product_type: "Accessories" | tags: discount-eligible,fathers-day-2025,gift_under_50,location-17947492419-instock,location-20189478979-outofstock
[2026-04-24T09:49:13.288Z]   [SKIPPED - no category] "TriggerPoint AcuCurve Self Massage Cane" | product_type: "Accessories" | tags: discount-eligible,fathers-day-2025,gift_under_100,location-17947492419-instock,location-20189478979-outofstock
[2026-04-24T09:49:13.288Z]   [SKIPPED - no category] "TriggerPoint Impact Massage Vibrating Buffer" | product_type: "Accessories" | tags: discontinued,discount-eligible,fathers-day-2025,gift_under_200,location-17947492419-outofstock
[2026-04-24T09:49:13.289Z]   [SKIPPED - not supplement] "Grenade High Protein & Low Sugar Shakes" | product_type: "Whey Protein"
[2026-04-24T09:49:13.289Z]   [SKIPPED - not supplement] "Grenade High Protein & Low Sugar Bars" | product_type: "Protein Bars"
[2026-04-24T09:49:13.290Z]   [SKIPPED - not supplement] "ABE Energy + Performance RTD" | product_type: "Energy Drinks"
[2026-04-24T09:49:13.291Z]   [SKIPPED - not supplement] "Clean Nutrition Protein Plus Bars" | product_type: "Protein Bars"
[2026-04-24T09:49:13.291Z]   [SKIPPED - not supplement] "Clean Nutrition Body Bars" | product_type: "Protein Bars"
[2026-04-24T09:49:13.291Z]   [SKIPPED - not supplement] "Athletic Sport Kamikaze Energy RTD" | product_type: "Energy Drinks"
[2026-04-24T09:49:13.292Z]   [SKIPPED - not supplement] "Chaos Crew Shaker 600ml (Random Colour) *Gift*" | product_type: "Protein Shakers"
[2026-04-24T09:49:13.802Z]   Page 8...
[2026-04-24T09:49:14.860Z]   [SKIPPED - not supplement] "MuscleTech Clear 1L Shaker *Gift*" | product_type: "Protein Shakers"
[2026-04-24T09:49:14.861Z]   [SKIPPED - not supplement] "Muscle Nation Protein Jelly + Collagen" | product_type: "Collagen"
[2026-04-24T09:49:14.862Z]   [SKIPPED - not supplement] "EHP Labs Blessed Plant Protein Bar" | product_type: "Protein Bars"
[2026-04-24T09:49:14.862Z]   [SKIPPED - not supplement] "Musashi Energy Drink 250ml" | product_type: "Energy Drinks"
[2026-04-24T09:49:14.863Z]   [SKIPPED - not supplement] "Musashi Protein Choc Block" | product_type: "Protein Bars"
[2026-04-24T09:49:14.863Z]   [SKIPPED - not supplement] "Musashi Protein Choc Slab" | product_type: "Protein Bars"
[2026-04-24T09:49:14.864Z]   [SKIPPED - not supplement] "Snackn Fudge Bar" | product_type: "Protein Bars"
[2026-04-24T09:49:14.864Z]   [SKIPPED - no category] "Snackn Protein Nut Spread 265g" | product_type: "Snacks" | tags: discount-eligible,location-17947492419-instock,location-20189478979-outofstock,location-20853096515-outofstock,location-35711352899-outofstock
[2026-04-24T09:49:14.865Z]   [SKIPPED - no category] "Massage Ball  (Random Colour) *Gift*" | product_type: "Workout Equipment" | tags: algolia-ignore,discount-eligible,location-17947492419-outofstock,location-20189478979-outofstock,location-20853096515-outofstock
[2026-04-24T09:49:14.865Z]   [SKIPPED - not supplement] "Cellucor C4 Smart Energy Carbonated Can" | product_type: "Energy Drinks"
[2026-04-24T09:49:14.866Z]   [SKIPPED - not supplement] "Nexus Sports Nutrition Super Protein Collagen Water" | product_type: "Collagen"
[2026-04-24T09:49:14.867Z]   [SKIPPED - not supplement] "höm Energy Drink" | product_type: "Energy Drinks"
[2026-04-24T09:49:14.867Z]   [SKIPPED - not supplement] "Optimum Nutrition Blender Bottle Shaker *Gift*" | product_type: "Protein Shakers"
[2026-04-24T09:49:14.868Z]   [SKIPPED - not supplement] "Sportsfuel 600ml Shaker *Gift*" | product_type: "Protein Shakers"
[2026-04-24T09:49:14.868Z]   [SKIPPED - not supplement] "Muscle Nation Protein Water" | product_type: "Protein Water"
[2026-04-24T09:49:14.868Z]   [SKIPPED - not supplement] "Musashi Protein Cookie" | product_type: "Snacks"
[2026-04-24T09:49:14.869Z]   [SKIPPED - not supplement] "Ghost Energy Drink 500ml RTD" | product_type: "Energy Drinks"
[2026-04-24T09:49:14.870Z]   [SKIPPED - not supplement] "Atkins Low Carb Protein Bars 5 Pack" | product_type: "Protein Bars"
[2026-04-24T09:49:14.871Z]   [SKIPPED - not supplement] "Cellucor C4 On The Go 346ml RTD" | product_type: "Energy Drinks"
[2026-04-24T09:49:14.872Z]   [SKIPPED - not supplement] "TOTAL XP Protein Crunch Snacks" | product_type: "Snacks"
[2026-04-24T09:49:14.876Z]   [SKIPPED - not supplement] "Horleys Elite Pre-Workout" | product_type: "Pre-Workout"
[2026-04-24T09:49:14.877Z]   [SKIPPED - not supplement] "BSC Low Carb Mousse Bar 55g" | product_type: "Snacks"
[2026-04-24T09:49:14.878Z]   [SKIPPED - not supplement] "Macro Mike It's Bananas Protein Bars - Box of 12" | product_type: "Protein Bars"
[2026-04-24T09:49:14.879Z]   [SKIPPED - not supplement] "Macro Mike The Choccy Nutter Protein Bars - Box of 12" | product_type: "Protein Bars"
[2026-04-24T09:49:15.386Z]   Page 9...
[2026-04-24T09:49:16.354Z]   [SKIPPED - not supplement] "Aussie Bodies Collagen Wafer Bar" | product_type: "Collagen"
[2026-04-24T09:49:16.355Z]   [SKIPPED - not supplement] "Aussie Bodies Lo Sugar Crunch Bar" | product_type: "Snacks"
[2026-04-24T09:49:16.355Z]   [SKIPPED - not supplement] "Aussie Bodies Lo Sugar Fudge Bar" | product_type: "Snacks"
[2026-04-24T09:49:16.356Z]   [SKIPPED - not supplement] "Aussie Bodies Lo Carb Whipped Minis" | product_type: "Snacks"
[2026-04-24T09:49:16.356Z]   [SKIPPED - not supplement] "Aussie Bodies Lo Carb Fudge Mini" | product_type: "Snacks"
[2026-04-24T09:49:16.357Z]   [SKIPPED - not supplement] "Alani Nu Energy RTD Cans" | product_type: "Energy Drinks"
[2026-04-24T09:49:16.358Z]   [SKIPPED - not supplement] "Before You Speak High Performance Coffee 7 Pack" | product_type: "Energy & Endurance"
[2026-04-24T09:49:16.359Z]   [SKIPPED - not supplement] "Before You Speak Adrenal Decaf Coffee 7 Pack" | product_type: "Recovery"
[2026-04-24T09:49:16.360Z]   [SKIPPED - not supplement] "GU Roctane Recovery Drink Mix" | product_type: "Recovery"
[2026-04-24T09:49:16.361Z]   [SKIPPED - not supplement] "Redcon1 Cluster Bomb" | product_type: "Post-Workout"
[2026-04-24T09:49:16.364Z]   [SKIPPED - not supplement] "Atkins Protein Shake Mix" | product_type: "Whey Protein"
[2026-04-24T09:49:16.366Z]   [SKIPPED - not supplement] "Pack Nutrition Arginine Caps" | product_type: "Recovery"
[2026-04-24T09:49:16.367Z]   [SKIPPED - not supplement] "Muscletech Hydroxycut Energy RTDs" | product_type: "Energy Drinks"
[2026-04-24T09:49:16.883Z]   Page 10...
[2026-04-24T09:49:18.081Z]   [SKIPPED - not supplement] "Harker Herbals Recovery Tonic" | product_type: "Recovery"
[2026-04-24T09:49:18.082Z]   [SKIPPED - not supplement] "Universal Carb Max" | product_type: "Post-Workout"
[2026-04-24T09:49:18.083Z]   [SKIPPED - not supplement] "Switch Nutrition Adrenal Switch Capsules" | product_type: "Recovery"
[2026-04-24T09:49:18.083Z]   [SKIPPED - not supplement] "Tropeaka Protein Energy Bars" | product_type: "Protein Bars"
[2026-04-24T09:49:18.086Z]   [SKIPPED - not supplement] "Justine's Protein Cookies Mixed Selection Box" | product_type: "Protein Bars"
[2026-04-24T09:49:18.087Z]   [SKIPPED - not supplement] "Justines Toffee Crunch Protein Cookie" | product_type: "Protein Bars"
[2026-04-24T09:49:18.087Z]   [SKIPPED - not supplement] "Atkins Endulge Chocolate Break" | product_type: "Protein Bars"
[2026-04-24T09:49:18.088Z]   [SKIPPED - not supplement] "FitAid Athletic Recovery Zero Sugar RTD" | product_type: "Recovery"
[2026-04-24T09:49:18.088Z]   [SKIPPED - not supplement] "FitAid Athletic Recovery RTD" | product_type: "Recovery"
[2026-04-24T09:49:18.088Z]   [SKIPPED - not supplement] "FitAid RX Zero Sugar Recovery RTD" | product_type: "Recovery"
[2026-04-24T09:49:18.089Z]   [SKIPPED - not supplement] "FitAid RX Athletic Recovery RTD" | product_type: "Recovery"
[2026-04-24T09:49:18.089Z]   [SKIPPED - not supplement] "VPX Synthesize Post Workout" | product_type: "Post-Workout"
[2026-04-24T09:49:18.090Z]   [SKIPPED - not supplement] "North Coast Naturals Boosted Vegan All-In-One Display Box 12 Pack" | product_type: "Plant Protein"
[2026-04-24T09:49:18.091Z]   [SKIPPED - not supplement] "Olimp Protein Bar 12 Box" | product_type: "Protein Bars"
[2026-04-24T09:49:18.091Z]   [SKIPPED - not supplement] "Olimp Gladiator High Protein Bars 15 Box" | product_type: "Protein Bars"
[2026-04-24T09:49:18.091Z]   [SKIPPED - not supplement] "Olimp Protein Snack 12 Box" | product_type: "Protein Bars"
[2026-04-24T09:49:18.092Z]   [SKIPPED - not supplement] "Horleys Plant Pro" | product_type: "Plant Protein"
[2026-04-24T09:49:18.092Z]   [SKIPPED - not supplement] "Horleys Sculpt Premium Pure Marine Collagen" | product_type: "Collagen"
[2026-04-24T09:49:18.094Z]   [SKIPPED - not supplement] "Horleys Sculpt Protein Travel Pack Sachets" | product_type: "Whey Protein"
[2026-04-24T09:49:18.596Z]   Page 11...
[2026-04-24T09:49:19.482Z]   [SKIPPED - not supplement] "Before You Speak Adrenal Decaf Coffee" | product_type: "Recovery"
[2026-04-24T09:49:19.483Z]   [SKIPPED - not supplement] "Before You Speak High Performance Coffee" | product_type: "Energy & Endurance"
[2026-04-24T09:49:19.483Z]   [SKIPPED - not supplement] "Bowmans Original Bar 18 Box" | product_type: "Protein Bars"
[2026-04-24T09:49:19.485Z]   [SKIPPED - not supplement] "Switch Nutrition Snack Bars" | product_type: "Protein Bars"
[2026-04-24T09:49:19.489Z]   [SKIPPED - not supplement] "Inspired DVST8 Energy RTD" | product_type: "Energy Drinks"
[2026-04-24T09:49:19.490Z]   [SKIPPED - not supplement] "Musashi Protein Crisp Bars" | product_type: "Protein Bars"
[2026-04-24T09:49:19.490Z]   [SKIPPED - not supplement] "Switch Nutrition Essentials Carbs" | product_type: "Post-Workout"
[2026-04-24T09:49:19.491Z]   [SKIPPED - not supplement] "Redcon1 RPG - Glucose Disposal" | product_type: "Intra-Workout"
[2026-04-24T09:49:19.995Z]   Page 12...
[2026-04-24T09:49:21.029Z]   [SKIPPED - not supplement] "Sportsfuel 600ml Shaker" | product_type: "Protein Shakers"
[2026-04-24T09:49:21.030Z]   [SKIPPED - not supplement] "SmartShake DC Comics Reforce Stainless Steel Shaker 900ml" | product_type: "Protein Shakers"
[2026-04-24T09:49:21.031Z]   [SKIPPED - not supplement] "SmartShake DC Comics Lite Shaker 800ml" | product_type: "Protein Shakers"
[2026-04-24T09:49:21.031Z]   [SKIPPED - not supplement] "SmartShake Revive Rock Band Series - 750ml" | product_type: "Protein Shakers"
[2026-04-24T09:49:21.032Z]   [SKIPPED - not supplement] "Quest Nutrition Peanut Butter Cups" | product_type: "Protein Bars"
[2026-04-24T09:49:21.032Z]   [SKIPPED - not supplement] "ATP Noway Collagen Protein Jelly - Box of 10" | product_type: "Collagen"
[2026-04-24T09:49:21.037Z]   [SKIPPED - not supplement] "Nothing Naughty Low Carb Request Protein Bars" | product_type: "Protein Bars"
[2026-04-24T09:49:21.038Z]   [SKIPPED - not supplement] "Greenback Plant Based Protein Bars" | product_type: "Protein Bars"
[2026-04-24T09:49:21.038Z]   [SKIPPED - not supplement] "Horleys Carb Less Treats 10 Box" | product_type: "Protein Bars"
[2026-04-24T09:49:21.038Z]   [SKIPPED - not supplement] "Performa Activ Shaker Power Rangers Series 800ml" | product_type: "Protein Shakers"
[2026-04-24T09:49:21.039Z]   [SKIPPED - not supplement] "Mystery Shaker" | product_type: "Protein Shakers"
[2026-04-24T09:49:21.040Z]   [SKIPPED - not supplement] "Raze Energy RTD" | product_type: "Energy Drinks"
[2026-04-24T09:49:21.040Z]   [SKIPPED - not supplement] "Justines Everyday Vegan Protein Cookies 12 Box" | product_type: "Protein Bars"
[2026-04-24T09:49:21.041Z]   [SKIPPED - not supplement] "Clif Builders Bars" | product_type: "Protein Bars"
[2026-04-24T09:49:21.042Z]   [SKIPPED - not supplement] "Alien Shaker" | product_type: "Protein Shakers"
[2026-04-24T09:49:21.042Z]   [SKIPPED - not supplement] "Optimum Nutrition Pure Pre 200 Shot" | product_type: "Pre-Workout"
[2026-04-24T09:49:21.043Z]   [SKIPPED - not supplement] "Atkins Low Carb Advantage Protein Bars" | product_type: "Protein Bars"
[2026-04-24T09:49:21.043Z]   [SKIPPED - not supplement] "Atkins Low Carb Endulge Bars" | product_type: "Protein Bars"
[2026-04-24T09:49:21.044Z]   [SKIPPED - not supplement] "PURE Energy Gels" | product_type: "Energy & Endurance"
[2026-04-24T09:49:21.044Z]   [SKIPPED - not supplement] "PURE Exercise Recovery 740g" | product_type: "Post-Workout"
[2026-04-24T09:49:21.045Z]   [SKIPPED - not supplement] "PURE Whey Protein Powder Travel Sachets" | product_type: "Whey Protein"
[2026-04-24T09:49:21.048Z]   [SKIPPED - not supplement] "Olimp Dextrex Juice 1kg" | product_type: "Post-Workout"
[2026-04-24T09:49:21.048Z]   [SKIPPED - not supplement] "Olimp Carbonox - Carbohydrate Formula 1kg" | product_type: "Intra-Workout"
[2026-04-24T09:49:21.559Z]   Page 13...
[2026-04-24T09:49:22.612Z]   [SKIPPED - not supplement] "Veego Plant Protein Bars - 10 Box" | product_type: "Protein Bars"
[2026-04-24T09:49:22.613Z]   [SKIPPED - not supplement] "MusclePharm Protein Crisps 12 Box" | product_type: "Snacks"
[2026-04-24T09:49:22.614Z]   [SKIPPED - not supplement] "Universal ZMA Pro" | product_type: "Post-Workout"
[2026-04-24T09:49:22.614Z]   [SKIPPED - not supplement] "Nutrex Anabol Hardcore" | product_type: "Intra-Workout"
[2026-04-24T09:49:22.617Z]   [SKIPPED - not supplement] "Aussie Bodies Shape Keto Sachets - 15 Box" | product_type: "Keto"
[2026-04-24T09:49:22.617Z]   [SKIPPED - not supplement] "Aussie Bodies Nourish Protein Bars 12 Box" | product_type: "Protein Bars"
[2026-04-24T09:49:22.617Z]   [SKIPPED - not supplement] "Aussie Bodies Shine Collagen Bars 12 Box" | product_type: "Protein Bars"
[2026-04-24T09:49:22.618Z]   [SKIPPED - not supplement] "Aussie Bodies Shape Keto Wafer Bars" | product_type: "Protein Bars"
[2026-04-24T09:49:22.618Z]   [SKIPPED - not supplement] "Aussie Bodies Shape Lo Carb Whipped Bars 12 Box" | product_type: "Protein Bars"
[2026-04-24T09:49:22.619Z]   [SKIPPED - not supplement] "Snickers Hi Protein Peanut Butter Bars 18 Box" | product_type: "Protein Bars"
[2026-04-24T09:49:22.619Z]   [SKIPPED - not supplement] "Muscletech Protein Candy Bar 12 Box" | product_type: "Protein Bars"
[2026-04-24T09:49:22.620Z]   [SKIPPED - not supplement] "Mutant Protein Brownie Box of 12" | product_type: "Protein Bars"
[2026-04-24T09:49:22.620Z]   [SKIPPED - no category] "Mutant Pure Vitamin C Crystals - Massive 824 Serve" | product_type: "Multi-Vitamins" | tags: antioxidants,bfcm_2,discontinued,discount-eligible,discount_works
[2026-04-24T09:49:22.620Z]   [SKIPPED - no category] "North Coast Naturals Pure Immuno-C- Massive 824 Serve" | product_type: "Immunity" | tags: bfcm_3,discontinued,discount-eligible,discount_works,general health
[2026-04-24T09:49:22.621Z]   [SKIPPED - no category] "PVL Pure Vitamin C Crystals - Massive 824 Serve" | product_type: "Multi-Vitamins" | tags: antioxidants,bfcm_3,discontinued,discount-eligible,discount_works
[2026-04-24T09:49:22.621Z]   [SKIPPED - not supplement] "Bang Energy Drink" | product_type: "Energy Drinks"
[2026-04-24T09:49:22.622Z]   [SKIPPED - not supplement] "Vitawerx Protein Milk Choc Coated Macadamias" | product_type: "Protein Bars"
[2026-04-24T09:49:22.622Z]   [SKIPPED - not supplement] "Vitawerx Protein Milk Choc Coated Almonds" | product_type: "Protein Bars"
[2026-04-24T09:49:22.625Z]   [SKIPPED - not supplement] "BSN Shred Stack" | product_type: "Stacks"
[2026-04-24T09:49:22.626Z]   [SKIPPED - not supplement] "Clif Nut Butter Filled Bars" | product_type: "Protein Bars"
[2026-04-24T09:49:22.626Z]   [SKIPPED - not supplement] "Clif Bar" | product_type: "Protein Bars"
[2026-04-24T09:49:22.627Z]   [SKIPPED - not supplement] "Zen Liniment Sports Spray 125mL" | product_type: "Recovery"
[2026-04-24T09:49:22.627Z]   [SKIPPED - not supplement] "PEAKFUEL Hydration 500g" | product_type: "Intra-Workout"
[2026-04-24T09:49:22.628Z]   [SKIPPED - not supplement] "Nutrex HMB 1000 120 Caps" | product_type: "Post-Workout"
[2026-04-24T09:49:22.629Z]   [SKIPPED - not supplement] "No Cow Protein Bars 12 Box" | product_type: "Protein Bars"
[2026-04-24T09:49:22.629Z]   [SKIPPED - not supplement] "Quest Protein Cookie" | product_type: "Snacks"
[2026-04-24T09:49:22.631Z]   [SKIPPED - not supplement] "Quest Nutrition Protein Shake 12 Box" | product_type: "Whey Protein"
[2026-04-24T09:49:22.631Z]   [SKIPPED - not supplement] "Quest Nutrition Tortilla Protein Chips" | product_type: "Snacks"
[2026-04-24T09:49:22.632Z]   [SKIPPED - not supplement] "Quest Nutrition Protein Chips" | product_type: "Snacks"
[2026-04-24T09:49:22.632Z]   [SKIPPED - not supplement] "Muscletech SX-7 Black Onyx Creabuild 30 Serve" | product_type: "Post-Workout"
[2026-04-24T09:49:22.632Z]   [SKIPPED - not supplement] "Killer Labz Laxobulk" | product_type: "Post-Workout"
[2026-04-24T09:49:22.633Z]   [SKIPPED - not supplement] "5% Nutrition Post gear PCT Support" | product_type: "Post-Workout"
[2026-04-24T09:49:22.634Z]   [SKIPPED - not supplement] "Vitawerx Protein White Choc Coated Macadamias" | product_type: "Snacks"
[2026-04-24T09:49:22.634Z]   [SKIPPED - not supplement] "Vitawerx Protein White Choc Coated Almonds" | product_type: "Snacks"
[2026-04-24T09:49:22.634Z]   [SKIPPED - not supplement] "Vitawerx Milk Choc Protein Bar 100g" | product_type: "Protein Bars"
[2026-04-24T09:49:22.635Z]   [SKIPPED - not supplement] "Optimum Nutrition Pure Pro 35 RTDs" | product_type: "Energy Drinks"
[2026-04-24T09:49:23.145Z]   Page 14...
[2026-04-24T09:49:24.060Z]   [SKIPPED - not supplement] "ATP Noway Mallow Protein Bar 12 Box" | product_type: "Protein Bars"
[2026-04-24T09:49:24.061Z]   [SKIPPED - not supplement] "Horleys Carb Less Delight Bars Box of 15" | product_type: "Snacks"
[2026-04-24T09:49:24.062Z]   [SKIPPED - not supplement] "Novo Nutrition Protein Break Bar 25 Box" | product_type: "Protein Bars"
[2026-04-24T09:49:24.062Z]   [SKIPPED - not supplement] "Novo Nutrition Low sugar Easy Bar 12 Box" | product_type: "Protein Bars"
[2026-04-24T09:49:24.063Z]   [SKIPPED - not supplement] "Horleys SCULPT Marine Collagen 10 x 6g Sachets" | product_type: "Collagen"
[2026-04-24T09:49:24.064Z]   [SKIPPED - not supplement] "Performa WWE Collection Shaker 800ml" | product_type: "Accessories"
[2026-04-24T09:49:24.064Z]   [SKIPPED - not supplement] "Performa Transformers Collection Shaker 800ml" | product_type: "Protein Shakers"
[2026-04-24T09:49:24.064Z]   [SKIPPED - not supplement] "Performa GI Joe Series 800ml" | product_type: "Accessories"
[2026-04-24T09:49:24.065Z]   [SKIPPED - not supplement] "Performa Shaker Comic Hero Series 800ml" | product_type: "Protein Shakers"
[2026-04-24T09:49:24.065Z]   [SKIPPED - not supplement] "Performa Shaker Star Wars Series 800ml" | product_type: "Accessories"
[2026-04-24T09:49:24.065Z]   [SKIPPED - not supplement] "Performa Shaker Marvel Series 800ml" | product_type: "Protein Shakers"
[2026-04-24T09:49:24.066Z]   [SKIPPED - not supplement] "SciVation Xtend Energy RTD 6 Pack" | product_type: "Energy Drinks"
[2026-04-24T09:49:24.066Z]   [SKIPPED - not supplement] "SciVation Xtend Energy RTD 12 Pack" | product_type: "Energy Drinks"
[2026-04-24T09:49:24.067Z]   [SKIPPED - not supplement] "PVL Total Reload" | product_type: "Intra-Workout"
[2026-04-24T09:49:24.068Z]   [SKIPPED - not supplement] "Pro Supps Crash 30 Serve" | product_type: "Post-Workout"
[2026-04-24T09:49:24.068Z]   [SKIPPED - not supplement] "Ems Power Cookie Bars Box of 12" | product_type: "Snacks"
[2026-04-24T09:49:24.069Z]   [SKIPPED - not supplement] "PURE Beet Endurance 150g" | product_type: "Energy & Endurance"
[2026-04-24T09:49:24.069Z]   [SKIPPED - not supplement] "Pro Supps My Bar Box of 12" | product_type: "Protein Bars"
[2026-04-24T09:49:24.072Z]   [SKIPPED - no category] "Massage Ball Roller" | product_type: "Accessories" | tags: bfcm_2,discount-eligible,discount_works,location-17947492419-outofstock,location-20189478979-outofstock
[2026-04-24T09:49:24.072Z]   [SKIPPED - not supplement] "PURE Blackcurrant Recovery 200g" | product_type: "Post-Workout"
[2026-04-24T09:49:24.073Z]   [SKIPPED - not supplement] "Outbreak Antidote Grape" | product_type: "Recovery"
[2026-04-24T09:49:24.575Z]   Page 15...
[2026-04-24T09:49:25.512Z]   [SKIPPED - not supplement] "Gaspari HMB 90 caps" | product_type: "Intra-Workout"
[2026-04-24T09:49:25.512Z]   [SKIPPED - not supplement] "Macro Mike The Gamechanger Protein Bars" | product_type: "Protein Bars"
[2026-04-24T09:49:25.513Z]   [SKIPPED - not supplement] "Aussie Bodies FIT Collagen+ Protein Bar 12 Box" | product_type: "Protein Bars"
[2026-04-24T09:49:25.514Z]   [SKIPPED - not supplement] "Outbreak Nutrition Adapt" | product_type: "Post-Workout"
[2026-04-24T09:49:25.516Z]   [SKIPPED - not supplement] "Justine's Double Choc Dream Keto Brownie" | product_type: "Protein Bars"
[2026-04-24T09:49:25.516Z]   [SKIPPED - not supplement] "MusclePharm Protein Cookies 12 box" | product_type: "Snacks"
[2026-04-24T09:49:25.517Z]   [SKIPPED - not supplement] "Nothing Naughty Collagen Bar" | product_type: "Collagen"
[2026-04-24T09:49:25.518Z]   [SKIPPED - not supplement] "BSC Clean Bar 12 Box" | product_type: "Protein Bars"
[2026-04-24T09:49:25.518Z]   [SKIPPED - not supplement] "Nothing Naughty Plant Protein Bars" | product_type: "Protein Bars"
[2026-04-24T09:49:25.519Z]   [SKIPPED - not supplement] "Muscletech Protein Cookies Box of 6" | product_type: "Protein Bars"
[2026-04-24T09:49:25.519Z]   [SKIPPED - not supplement] "Switch Nutrition Adrenal Switch 60 Serve" | product_type: "Post-Workout"
[2026-04-24T09:49:25.520Z]   [SKIPPED - not supplement] "Switch Nutrition Adrenal Switch 30 Serve" | product_type: "Post-Workout"
[2026-04-24T09:49:25.521Z]   [SKIPPED - not supplement] "ATP Noway Collagen Protein Bars - Box of 12" | product_type: "Protein Bars"
[2026-04-24T09:49:25.523Z]   [SKIPPED - not supplement] "Vitawerx White Choc Protein Bar 100g" | product_type: "Protein Bars"
[2026-04-24T09:49:25.524Z]   [SKIPPED - not supplement] "Smartshake Original2Go 600ml" | product_type: "Protein Shakers"
[2026-04-24T09:49:25.524Z]   [SKIPPED - not supplement] "Smartshake Retain Bottle Stainless Steel 500ml" | product_type: "Protein Shakers"
[2026-04-24T09:49:25.524Z]   [SKIPPED - not supplement] "Smartshake Revive 750ml" | product_type: "Protein Shakers"
[2026-04-24T09:49:25.525Z]   [SKIPPED - not supplement] "Promixx iX Vortex Mixer Rechargeable" | product_type: "Accessories"
[2026-04-24T09:49:26.028Z]   Page 16...
[2026-04-24T09:49:26.941Z]   [SKIPPED - not supplement] "X50 Broccoli Chips" | product_type: "Snacks"
[2026-04-24T09:49:26.941Z]   [SKIPPED - no category] "Massage Ball" | product_type: "Workout Equipment" | tags: accessories,bfcm_2,Color-Black,Color-Blue,Color-Purple
[2026-04-24T09:49:26.943Z]   [SKIPPED - not supplement] "Dr Keto Ketones" | product_type: "Post-Workout"
[2026-04-24T09:49:26.945Z]   [SKIPPED - not supplement] "GAT Arginine 180 Caps" | product_type: "Post-Workout"
[2026-04-24T09:49:26.947Z]   [SKIPPED - not supplement] "Musashi Protein Wafer Bars" | product_type: "Protein Bars"
[2026-04-24T09:49:26.948Z]   [SKIPPED - not supplement] "Kill Cliff Recover 6 Pack" | product_type: "Recovery"
[2026-04-24T09:49:26.948Z]   [SKIPPED - not supplement] "Optimum Nutrition Protein Cake Bites Box Of 12" | product_type: "Protein Bars"
[2026-04-24T09:49:26.949Z]   [SKIPPED - not supplement] "BSc High Protein Low Carb Bars" | product_type: "Protein Bars"
[2026-04-24T09:49:26.949Z]   [SKIPPED - not supplement] "Horleys Protein 33 Low-Carb Bars" | product_type: "Protein Bars"
[2026-04-24T09:49:26.950Z]   [SKIPPED - not supplement] "Nuzest Clean Lean Protein Bars" | product_type: "Protein Bars"
[2026-04-24T09:49:26.951Z]   [SKIPPED - not supplement] "Vitawerx Milk Choc Protein Bar 35g" | product_type: "Protein Bars"
[2026-04-24T09:49:26.951Z]   [SKIPPED - not supplement] "Vitawerx White Choc Protein Bar 35g" | product_type: "Protein Bars"
[2026-04-24T09:49:26.954Z]   [SKIPPED - not supplement] "Aussie Bodies ProteinFX Lo Carb Crunch Bars Box of 12" | product_type: "Snacks"
[2026-04-24T09:49:26.955Z]   [SKIPPED - not supplement] "Aussie Bodies HPLC Bars Box of 12" | product_type: "Protein Bars"
[2026-04-24T09:49:27.470Z]   Page 17...
[2026-04-24T09:49:28.285Z]   [SKIPPED - not supplement] "Nothing Naughty Protein Bars" | product_type: "Protein Bars"
[2026-04-24T09:49:28.286Z]   [SKIPPED - not supplement] "Musashi Shred & Burn Bars" | product_type: "Protein Bars"
[2026-04-24T09:49:28.287Z]   [SKIPPED - not supplement] "Musashi High Protein Bar" | product_type: "Protein Bars"
[2026-04-24T09:49:28.287Z]   [SKIPPED - not supplement] "Musashi Deluxe Protein Bar" | product_type: "Protein Bars"
[2026-04-24T09:49:28.288Z]   [SKIPPED - not supplement] "MusclePharm Combat Crunch Bars Box" | product_type: "Protein Bars"
[2026-04-24T09:49:28.289Z]   [SKIPPED - not supplement] "Justines Protein Cookies" | product_type: "Protein Bars"
[2026-04-24T09:49:28.290Z]   [SKIPPED - not supplement] "Horleys Sculpt Protein Powder" | product_type: "Whey Protein"
[2026-04-24T09:49:28.290Z]   [SKIPPED - not supplement] "Horleys Carb Less Crunch Bars" | product_type: "Protein Bars"
[2026-04-24T09:49:28.291Z]   [SKIPPED - not supplement] "Horleys Carb Less Bars Box of 12" | product_type: "Snacks"
[2026-04-24T09:49:28.292Z]   [SKIPPED - not supplement] "Horleys Protein 33 Energy Bars" | product_type: "Protein Bars"
[2026-04-24T09:49:28.292Z]   [SKIPPED - not supplement] "GAT Nitraflex 30 Serve" | product_type: "Intra-Workout"
[2026-04-24T09:49:28.294Z]   [SKIPPED - not supplement] "SmartShake Original2Go ONE 800ml" | product_type: "Protein Shakers"
[2026-04-24T09:49:28.294Z]   [SKIPPED - not supplement] "SmartShake 500ml Slim Shaker" | product_type: "Protein Shakers"
[2026-04-24T09:49:28.294Z]   [SKIPPED - not supplement] "SmartShake 400ml Protein Shaker" | product_type: "Protein Shakers"
[2026-04-24T09:49:28.296Z]   [SKIPPED - not supplement] "Quest Protein Bars" | product_type: "Protein Bars"
[2026-04-24T09:49:28.298Z]   [SKIPPED - not supplement] "Universal Animal Advanced M Stak Accelerator" | product_type: "Post-Workout"
[2026-04-24T09:49:28.806Z]   Page 18...
[2026-04-24T09:49:29.212Z]   [SKIPPED - not supplement] "Optimum ZMA 90 caps" | product_type: "Post-Workout"
[2026-04-24T09:49:29.213Z]   [SKIPPED - not supplement] "Optimum HMB" | product_type: "Post-Workout"
[2026-04-24T09:49:29.213Z]   [SKIPPED - not supplement] "Optimum ZMA 180 caps" | product_type: "Post-Workout"
[2026-04-24T09:49:29.214Z]   [SKIPPED - not supplement] "Mutant ZM8+" | product_type: "Post-Workout"
[2026-04-24T09:49:29.215Z]   [SKIPPED - no category] "Trigger Point Muscle Massage Stick" | product_type: "Accessories" | tags: accessories,bfcm_4,discount-eligible,discount_works,location-17947492419-outofstock
[2026-04-24T09:49:29.215Z]   Found 2023 supplement products from Sportsfuel (18 pages fetched)
[2026-04-24T09:49:30.717Z] Scraping Scorpion Supplements...
[2026-04-24T09:49:30.718Z]   Page 1...
[2026-04-24T09:49:31.662Z]   [SKIPPED - not supplement] "NOTHING NAUGHTY PROTEIN BAR BOX OF 12" | product_type: "Protein"
[2026-04-24T09:49:31.662Z]   [SKIPPED - no category] "SCORPION AMINO PRO 2 JAR" | product_type: "Product" | tags: 
[2026-04-24T09:49:31.663Z]   [SKIPPED - no category] "SCORPION AMINO PRO 500g" | product_type: "Product" | tags: 
[2026-04-24T09:49:31.665Z]   [SKIPPED - not supplement] "SCORPION SHRED EXTREME CAPSULES" | product_type: "Product"
[2026-04-24T09:49:31.666Z]   [SKIPPED - no category] "SCORPION BIG MASS 3KG" | product_type: "Product" | tags: 
[2026-04-24T09:49:31.666Z]   [SKIPPED - no category] "SCORPION MASS ATTACK 3KG" | product_type: "Product" | tags: 
[2026-04-24T09:49:31.667Z]   [SKIPPED - no category] "SCORPION MASS ATTACK STACK" | product_type: "Product" | tags: 
[2026-04-24T09:49:31.667Z]   [SKIPPED - not supplement] "SCORPION SHRED VENOM - 2 JAR COMBO" | product_type: "(blank)"
[2026-04-24T09:49:31.667Z]   [SKIPPED - not supplement] "SCORPION SHRED VENOM 360g" | product_type: "(blank)"
[2026-04-24T09:49:31.668Z]   Found 59 supplement products from Scorpion Supplements (1 page fetched)
[2026-04-24T09:49:33.183Z] Scraping ASN Online...
[2026-04-24T09:49:33.183Z]   Page 1...
[2026-04-24T09:49:34.601Z]   [SKIPPED - not supplement] "AMF Shred Stack" | product_type: "(blank)"
[2026-04-24T09:49:34.603Z]   [SKIPPED - no category] "Snackn White Choc Protein Spread" | product_type: "(blank)" | tags: Spreads
[2026-04-24T09:49:34.604Z]   [SKIPPED - no category] "Snackn Milk Choc Protein Spread" | product_type: "(blank)" | tags: Spreads
[2026-04-24T09:49:34.606Z]   [SKIPPED - not supplement] "Zombie Labs END OF DAYZ Apocalyptic Pre-Workout + Free Loaded Shaker" | product_type: "Deal"
[2026-04-24T09:49:34.609Z]   [SKIPPED - no category] "Snackn Protein Breakfast Instant Porridge" | product_type: "(blank)" | tags: Meal Replacement
[2026-04-24T09:49:34.610Z]   [SKIPPED - no category] "Snackn Protein Breakfast Bircher Muesli" | product_type: "(blank)" | tags: Meal Replacement
[2026-04-24T09:49:34.612Z]   [SKIPPED - not supplement] "Inspired Big Black DVST8 Pre-Workout + Free Wolf Shaker & Air Freshener" | product_type: "Deal"
[2026-04-24T09:49:35.121Z]   Page 2...
[2026-04-24T09:49:35.648Z]   Found 199 supplement products from ASN Online (2 pages fetched)
[2026-04-24T09:49:37.157Z] Scraping Supplement Solutions...
[2026-04-24T09:49:37.158Z]   Page 1...
[2026-04-24T09:49:37.935Z]   Found 74 supplement products from Supplement Solutions (1 page fetched)
[2026-04-24T09:49:39.440Z] Scraping Raisey's...
[2026-04-24T09:49:39.441Z]   Page 1...
[2026-04-24T09:49:39.929Z]   Found 31 supplement products from Raisey's (1 page fetched)
[2026-04-24T09:49:41.431Z] Scraping Xplosiv (Magento)...
[2026-04-24T09:49:48.231Z]   Found 0 products from Xplosiv
[2026-04-24T09:49:49.740Z] Scraping Sprint Fit (custom platform)...
[2026-04-24T09:49:52.891Z]   Found 0 products from Sprint Fit
[2026-04-24T09:49:52.958Z] 
[2026-04-24T09:49:52.959Z] === Scrape complete ===
[2026-04-24T09:49:52.959Z] Total products: 2858
[2026-04-24T09:49:52.960Z] 
[2026-04-24T09:49:52.960Z] By retailer:
[2026-04-24T09:49:52.960Z]   NZ Muscle                 472 products
[2026-04-24T09:49:52.961Z]   Sportsfuel                2023 products
[2026-04-24T09:49:52.961Z]   Scorpion Supplements      59 products
[2026-04-24T09:49:52.962Z]   ASN Online                199 products
[2026-04-24T09:49:52.962Z]   Supplement Solutions      74 products
[2026-04-24T09:49:52.962Z]   Raisey's                  31 products
[2026-04-24T09:49:52.962Z]   Xplosiv                   0 products
[2026-04-24T09:49:52.963Z]   Sprint Fit                0 products
[2026-04-24T09:49:52.963Z] 
[2026-04-24T09:49:52.963Z] By category:
[2026-04-24T09:49:52.964Z]   protein         1214
[2026-04-24T09:49:52.964Z]   creatine        292
[2026-04-24T09:49:52.964Z]   preworkout      543
[2026-04-24T09:49:52.965Z]   fatburner       415
[2026-04-24T09:49:52.965Z]   bcaa            394
[2026-04-24T09:49:52.965Z] 
Output: C:\Users\rapha\scoopscore\data\products.json
[2026-04-24T09:51:47.346Z] === ScoopScore scrape started ===
[2026-04-24T09:51:47.350Z] Retailers: NZ Muscle, Sportsfuel, Scorpion Supplements, ASN Online, Supplement Solutions, Raisey's + Xplosiv + Sprint Fit
[2026-04-24T09:51:47.386Z] Loaded 2858 existing products (preserving price history)
[2026-04-24T09:51:47.387Z] Scraping NZ Muscle...
[2026-04-24T09:51:47.387Z]   Page 1...
[2026-04-24T09:51:48.158Z]   [SKIPPED - no category] "Musashi GWP Protein Wafer Bars - 6 Assorted Bars" | product_type: "(blank)" | tags: 
[2026-04-24T09:51:48.159Z]   [SKIPPED - no category] "C4 Energy + Amino" | product_type: "(blank)" | tags: 
[2026-04-24T09:51:48.160Z]   [SKIPPED - not supplement] "Musashi Shred Energy 355ml" | product_type: "(blank)"
[2026-04-24T09:51:48.160Z]   [SKIPPED - no category] "TriggerPoint MobiPoint Massage Ball" | product_type: "(blank)" | tags: yoga / rollers
[2026-04-24T09:51:48.161Z]   [SKIPPED - no category] "TriggerPoint MB1 Massage Ball" | product_type: "(blank)" | tags: yoga / rollers
[2026-04-24T09:51:48.162Z]   [SKIPPED - no category] "Optimum Nutrition Amino Energy Sparkling 355ml" | product_type: "(blank)" | tags: abc-a,energy drinks (RTDs)
[2026-04-24T09:51:48.162Z]   [SKIPPED - no category] "Grenade Protein Bar Mixed Box" | product_type: "(blank)" | tags: abc-a
[2026-04-24T09:51:48.672Z]   Page 2...
[2026-04-24T09:51:49.212Z]   [SKIPPED - not supplement] "Musashi Shred Chewables 54 Tablets" | product_type: "(blank)"
[2026-04-24T09:51:49.213Z]   [SKIPPED - no category] "Bundle with Optimum Nutrition Amino Energy" | product_type: "(blank)" | tags: 
[2026-04-24T09:51:49.214Z]   [SKIPPED - no category] "LivePro Targeted Massage Ball" | product_type: "(blank)" | tags: yoga / rollers
[2026-04-24T09:51:49.719Z]   Page 3...
[2026-04-24T09:51:50.448Z]   [SKIPPED - no category] "Snackn WPI Protein" | product_type: "(blank)" | tags: 
[2026-04-24T09:51:50.448Z]   [SKIPPED - no category] "Snackn Protein Nut Spread" | product_type: "(blank)" | tags: coffee & creamers
[2026-04-24T09:51:50.955Z]   Page 4...
[2026-04-24T09:51:51.499Z]   [SKIPPED - no category] "Bundle with NZ Muscle Mass" | product_type: "(blank)" | tags: 
[2026-04-24T09:51:51.501Z]   [SKIPPED - not supplement] "Get Raw Nutrition Intra Workout - Lemon & Lime" | product_type: "(blank)"
[2026-04-24T09:51:52.013Z]   Page 5...
[2026-04-24T09:51:52.758Z]   [SKIPPED - no category] "Snackn Protein Breakfast Instant Porridge" | product_type: "(blank)" | tags: 
[2026-04-24T09:51:52.759Z]   [SKIPPED - no category] "Snackn Protein Breakfast Bircher Muesli" | product_type: "(blank)" | tags: 
[2026-04-24T09:51:53.276Z]   Page 6...
[2026-04-24T09:51:53.859Z]   [SKIPPED - no category] "LCD Massage Gun - 6 Heads" | product_type: "(blank)" | tags: accessories,yoga / rollers
[2026-04-24T09:51:53.860Z]   [SKIPPED - no category] "MyProtein FlavDrops" | product_type: "(blank)" | tags: 
[2026-04-24T09:51:53.860Z]   Found 477 supplement products from NZ Muscle (6 pages fetched)
[2026-04-24T09:51:55.365Z] Scraping Sportsfuel...
[2026-04-24T09:51:55.365Z]   Page 1...
[2026-04-24T09:51:56.039Z]   [SKIPPED - not supplement] "Inspired Shaker (Random Colour) *Gift*" | product_type: "Protein Shakers"
[2026-04-24T09:51:56.041Z]   [SKIPPED - not supplement] "SmartShake Lite Shaker 1L" | product_type: "Protein Shakers"
[2026-04-24T09:51:56.047Z]   [SKIPPED - not supplement] "Optimum Opti-lock™ Leakproof Shaker" | product_type: "Protein Shakers"
[2026-04-24T09:51:56.051Z]   [SKIPPED - not supplement] "Optimum Nutrition Stainless Steel Black Shaker *Gift*" | product_type: "Protein Shakers"
[2026-04-24T09:51:56.055Z]   [SKIPPED - not supplement] "Muscle Recovery Bundle" | product_type: "Recovery"
[2026-04-24T09:51:56.056Z]   [SKIPPED - not supplement] "SIS Rego Cherry Juice Concentrate Sachets" | product_type: "Recovery"
[2026-04-24T09:51:56.565Z]   Page 2...
[2026-04-24T09:51:57.343Z]   [SKIPPED - not supplement] "Sportsfuel x Switch Nutrition Breast Cancer Research Fundraising Loaded Shaker" | product_type: "Protein Shakers"
[2026-04-24T09:51:57.345Z]   [SKIPPED - not supplement] "Vitalze KnotAway Cream" | product_type: "Recovery"
[2026-04-24T09:51:57.346Z]   [SKIPPED - not supplement] "Vitalize Chill Restore Cream" | product_type: "Recovery"
[2026-04-24T09:51:57.346Z]   [SKIPPED - not supplement] "2x Musashi Shred Energy Drink RTD 355ml (Random Flavour) *Gift*" | product_type: "(blank)"
[2026-04-24T09:51:57.347Z]   [SKIPPED - not supplement] "1x Musashi Shred Energy Drink RTD 355ml (Random Flavour) *Gift*" | product_type: "(blank)"
[2026-04-24T09:51:57.349Z]   [SKIPPED - no category] "1x Rule 1 Mass Sample Sachet (Random Flavour) *Gift*" | product_type: "(blank)" | tags: algolia-ignore,incoming,location-17947492419-instock,location-20189478979-outofstock,location-20853096515-outofstock
[2026-04-24T09:51:57.349Z]   [SKIPPED - no category] "1x Rule 1 Essential Amino 9 Sample (Random Flavour) *Gift*" | product_type: "(blank)" | tags: algolia-ignore,location-17947492419-instock,location-20189478979-outofstock,location-20853096515-outofstock,location-35711352899-outofstock
[2026-04-24T09:51:57.350Z]   [SKIPPED - not supplement] "Muscle Nation Shaker (Random Colour) *Gift*" | product_type: "Protein Shakers"
[2026-04-24T09:51:57.350Z]   [SKIPPED - not supplement] "Red Bull Energy Drink Original 473ml" | product_type: "Energy Drinks"
[2026-04-24T09:51:57.865Z]   Page 3...
[2026-04-24T09:51:58.737Z]   [SKIPPED - not supplement] "Applied Nutrition Turk-X" | product_type: "Recovery"
[2026-04-24T09:51:58.738Z]   [SKIPPED - not supplement] "Applied Nutrition HMB 500mg" | product_type: "Recovery"
[2026-04-24T09:51:58.745Z]   [SKIPPED - not supplement] "Red Bull Energy Drink Sugarfree Original 473ml" | product_type: "Energy Drinks"
[2026-04-24T09:51:59.248Z]   Page 4...
[2026-04-24T09:51:59.929Z]   [SKIPPED - no category] "Rule 1 Energized Amino" | product_type: "Energy & Endurance" | tags: C-Grade,incoming,informed choice,location-17947492419-instock,location-20189478979-outofstock
[2026-04-24T09:51:59.935Z]   [SKIPPED - not supplement] "Kill Cliff Recover - Single" | product_type: "Post-Workout"
[2026-04-24T09:51:59.936Z]   [SKIPPED - not supplement] "Smart Shake Revive 750ml - Camo" | product_type: "Protein Shakers"
[2026-04-24T09:51:59.937Z]   [SKIPPED - not supplement] "SciVation Xtend Energy RTD - Single" | product_type: "Energy Drinks"
[2026-04-24T09:51:59.939Z]   [SKIPPED - not supplement] "Athletec ZMA 120 Caps Twin Pack" | product_type: "Recovery"
[2026-04-24T09:52:00.442Z]   Page 5...
[2026-04-24T09:52:00.958Z]   [SKIPPED - not supplement] "USN Anabolic Carb" | product_type: "Recovery"
[2026-04-24T09:52:00.959Z]   [SKIPPED - not supplement] "iSatori Bio-Gro" | product_type: "Post-Workout"
[2026-04-24T09:52:00.963Z]   [SKIPPED - not supplement] "Sportsfuel 400ml Shaker" | product_type: "Protein Shakers"
[2026-04-24T09:52:00.968Z]   [SKIPPED - no category] "Vitafit Taurine Amino" | product_type: "General Health" | tags: general health,heart health,location-17947492419-instock,location-20189478979-outofstock,location-20853096515-outofstock
[2026-04-24T09:52:00.969Z]   [SKIPPED - not supplement] "Muscletech Stainless Steel Shaker (Random Colour) *Gift*" | product_type: "Protein Shakers"
[2026-04-24T09:52:01.481Z]   Page 6...
[2026-04-24T09:52:02.371Z]   [SKIPPED - not supplement] "Mutant Born Hardcore Mega Jug 2.6L *Gift*" | product_type: "Workout Equipment"
[2026-04-24T09:52:02.372Z]   [SKIPPED - not supplement] "LevlUp Shaker (Random Colour) *Gift*" | product_type: "Protein Shakers"
[2026-04-24T09:52:02.373Z]   [SKIPPED - no category] "EQ Food Lowcal Protein Cracker Chips" | product_type: "Snacks" | tags: discontinued,discount-eligible,location-17947492419-outofstock,location-20189478979-outofstock,location-20853096515-outofstock
[2026-04-24T09:52:02.374Z]   [SKIPPED - not supplement] "Get Raw Intra Workout" | product_type: "Intra-Workout"
[2026-04-24T09:52:02.375Z]   [SKIPPED - not supplement] "Shakesphere Shaker Mixer Jug 1.3L" | product_type: "Protein Shakers"
[2026-04-24T09:52:02.376Z]   [SKIPPED - not supplement] "Innerbloom Cold Brew Coffee Oat Milk + Adaptogens RTD" | product_type: "Energy Drinks"
[2026-04-24T09:52:02.376Z]   [SKIPPED - not supplement] "Innerbloom Cold Brew Coffee Maca Mocha RTD" | product_type: "Energy Drinks"
[2026-04-24T09:52:02.376Z]   [SKIPPED - not supplement] "Innerbloom Cold Brew Coffee Straight Up RTD" | product_type: "Energy Drinks"
[2026-04-24T09:52:02.377Z]   [SKIPPED - not supplement] "Snackn Shaker *Gift*" | product_type: "Protein Shakers"
[2026-04-24T09:52:02.377Z]   [SKIPPED - not supplement] "Muscle Nation Electric Hand Mixer" | product_type: "Protein Shakers"
[2026-04-24T09:52:02.378Z]   [SKIPPED - no category] "Nothing Naughty Electrolytes + Protein Bars Stack" | product_type: "Electrolytes" | tags: bfcm_3,discount_works,electrolytes,endurance-sale,energy & endurance
[2026-04-24T09:52:02.379Z]   [SKIPPED - not supplement] "Cellucor C4 Shaker (Random Colour) *Gift*" | product_type: "Protein Shakers"
[2026-04-24T09:52:02.380Z]   [SKIPPED - not supplement] "G FUEL Energy RTD" | product_type: "Energy Drinks"
[2026-04-24T09:52:02.381Z]   [SKIPPED - not supplement] "Zen Liniment Sports Roll-On 75ml" | product_type: "Recovery"
[2026-04-24T09:52:02.381Z]   [SKIPPED - not supplement] "Zen Herbal Liniment Spray 100mL" | product_type: "Recovery"
[2026-04-24T09:52:02.382Z]   [SKIPPED - not supplement] "Zen Herbal Liniment Gel 75g" | product_type: "Recovery"
[2026-04-24T09:52:02.383Z]   [SKIPPED - not supplement] "BSc Energy Drink RTD" | product_type: "Energy Drinks"
[2026-04-24T09:52:02.384Z]   [SKIPPED - not supplement] "Shakesphere Tumbler View Shaker 700ml" | product_type: "Protein Shakers"
[2026-04-24T09:52:02.385Z]   [SKIPPED - not supplement] "Shakesphere Stainless Steel Shaker 700ml" | product_type: "Protein Shakers"
[2026-04-24T09:52:02.888Z]   Page 7...
[2026-04-24T09:52:03.943Z]   [SKIPPED - not supplement] "Radix Stainless Steel Shaker" | product_type: "Protein Shakers"
[2026-04-24T09:52:03.944Z]   [SKIPPED - not supplement] "Muscle Nation Energy Drink" | product_type: "Energy Drinks"
[2026-04-24T09:52:03.944Z]   [SKIPPED - not supplement] "SF Pro Loaded Shaker *Gift*" | product_type: "Protein Shakers"
[2026-04-24T09:52:03.945Z]   [SKIPPED - not supplement] "Bucked Up Deer Antler Velvet Spray - His" | product_type: "Post-Workout"
[2026-04-24T09:52:03.947Z]   [SKIPPED - not supplement] "Mutant Deluxe 1L Shaker (Red/Black) *Gift*" | product_type: "Protein Shakers"
[2026-04-24T09:52:03.949Z]   [SKIPPED - no category] "TriggerPoint Grid X Massage Ball" | product_type: "Accessories" | tags: discontinued,discount-eligible,fathers-day-2025,gift_under_100,location-17947492419-outofstock
[2026-04-24T09:52:03.950Z]   [SKIPPED - no category] "TriggerPoint Mobi Point Massage Ball" | product_type: "Accessories" | tags: discount-eligible,fathers-day-2025,gift_under_50,location-17947492419-instock,location-20189478979-outofstock
[2026-04-24T09:52:03.950Z]   [SKIPPED - no category] "TriggerPoint MB1 Massage Ball" | product_type: "Accessories" | tags: discount-eligible,fathers-day-2025,gift_under_50,location-17947492419-instock,location-20189478979-outofstock
[2026-04-24T09:52:03.951Z]   [SKIPPED - no category] "TriggerPoint AcuCurve Self Massage Cane" | product_type: "Accessories" | tags: discount-eligible,fathers-day-2025,gift_under_100,location-17947492419-instock,location-20189478979-outofstock
[2026-04-24T09:52:03.951Z]   [SKIPPED - no category] "TriggerPoint Impact Massage Vibrating Buffer" | product_type: "Accessories" | tags: discontinued,discount-eligible,fathers-day-2025,gift_under_200,location-17947492419-outofstock
[2026-04-24T09:52:03.952Z]   [SKIPPED - not supplement] "ABE Energy + Performance RTD" | product_type: "Energy Drinks"
[2026-04-24T09:52:03.953Z]   [SKIPPED - not supplement] "Athletic Sport Kamikaze Energy RTD" | product_type: "Energy Drinks"
[2026-04-24T09:52:03.954Z]   [SKIPPED - not supplement] "Chaos Crew Shaker 600ml (Random Colour) *Gift*" | product_type: "Protein Shakers"
[2026-04-24T09:52:04.457Z]   Page 8...
[2026-04-24T09:52:05.168Z]   [SKIPPED - not supplement] "MuscleTech Clear 1L Shaker *Gift*" | product_type: "Protein Shakers"
[2026-04-24T09:52:05.170Z]   [SKIPPED - not supplement] "Musashi Energy Drink 250ml" | product_type: "Energy Drinks"
[2026-04-24T09:52:05.171Z]   [SKIPPED - no category] "Snackn Protein Nut Spread 265g" | product_type: "Snacks" | tags: discount-eligible,location-17947492419-instock,location-20189478979-outofstock,location-20853096515-outofstock,location-35711352899-outofstock
[2026-04-24T09:52:05.171Z]   [SKIPPED - no category] "Massage Ball  (Random Colour) *Gift*" | product_type: "Workout Equipment" | tags: algolia-ignore,discount-eligible,location-17947492419-outofstock,location-20189478979-outofstock,location-20853096515-outofstock
[2026-04-24T09:52:05.172Z]   [SKIPPED - not supplement] "Cellucor C4 Smart Energy Carbonated Can" | product_type: "Energy Drinks"
[2026-04-24T09:52:05.173Z]   [SKIPPED - not supplement] "höm Energy Drink" | product_type: "Energy Drinks"
[2026-04-24T09:52:05.173Z]   [SKIPPED - not supplement] "Optimum Nutrition Blender Bottle Shaker *Gift*" | product_type: "Protein Shakers"
[2026-04-24T09:52:05.174Z]   [SKIPPED - not supplement] "Sportsfuel 600ml Shaker *Gift*" | product_type: "Protein Shakers"
[2026-04-24T09:52:05.175Z]   [SKIPPED - not supplement] "Ghost Energy Drink 500ml RTD" | product_type: "Energy Drinks"
[2026-04-24T09:52:05.176Z]   [SKIPPED - not supplement] "Cellucor C4 On The Go 346ml RTD" | product_type: "Energy Drinks"
[2026-04-24T09:52:05.695Z]   Page 9...
[2026-04-24T09:52:06.429Z]   [SKIPPED - not supplement] "Alani Nu Energy RTD Cans" | product_type: "Energy Drinks"
[2026-04-24T09:52:06.431Z]   [SKIPPED - not supplement] "Before You Speak High Performance Coffee 7 Pack" | product_type: "Energy & Endurance"
[2026-04-24T09:52:06.432Z]   [SKIPPED - not supplement] "Before You Speak Adrenal Decaf Coffee 7 Pack" | product_type: "Recovery"
[2026-04-24T09:52:06.433Z]   [SKIPPED - not supplement] "GU Roctane Recovery Drink Mix" | product_type: "Recovery"
[2026-04-24T09:52:06.435Z]   [SKIPPED - not supplement] "Redcon1 Cluster Bomb" | product_type: "Post-Workout"
[2026-04-24T09:52:06.439Z]   [SKIPPED - not supplement] "Pack Nutrition Arginine Caps" | product_type: "Recovery"
[2026-04-24T09:52:06.439Z]   [SKIPPED - not supplement] "Muscletech Hydroxycut Energy RTDs" | product_type: "Energy Drinks"
[2026-04-24T09:52:06.952Z]   Page 10...
[2026-04-24T09:52:07.956Z]   [SKIPPED - not supplement] "Harker Herbals Recovery Tonic" | product_type: "Recovery"
[2026-04-24T09:52:07.957Z]   [SKIPPED - not supplement] "Universal Carb Max" | product_type: "Post-Workout"
[2026-04-24T09:52:07.957Z]   [SKIPPED - not supplement] "Switch Nutrition Adrenal Switch Capsules" | product_type: "Recovery"
[2026-04-24T09:52:07.960Z]   [SKIPPED - not supplement] "FitAid Athletic Recovery Zero Sugar RTD" | product_type: "Recovery"
[2026-04-24T09:52:07.961Z]   [SKIPPED - not supplement] "FitAid Athletic Recovery RTD" | product_type: "Recovery"
[2026-04-24T09:52:07.961Z]   [SKIPPED - not supplement] "FitAid RX Zero Sugar Recovery RTD" | product_type: "Recovery"
[2026-04-24T09:52:07.962Z]   [SKIPPED - not supplement] "FitAid RX Athletic Recovery RTD" | product_type: "Recovery"
[2026-04-24T09:52:07.962Z]   [SKIPPED - not supplement] "VPX Synthesize Post Workout" | product_type: "Post-Workout"
[2026-04-24T09:52:08.472Z]   Page 11...
[2026-04-24T09:52:09.165Z]   [SKIPPED - not supplement] "Before You Speak Adrenal Decaf Coffee" | product_type: "Recovery"
[2026-04-24T09:52:09.166Z]   [SKIPPED - not supplement] "Before You Speak High Performance Coffee" | product_type: "Energy & Endurance"
[2026-04-24T09:52:09.171Z]   [SKIPPED - not supplement] "Inspired DVST8 Energy RTD" | product_type: "Energy Drinks"
[2026-04-24T09:52:09.172Z]   [SKIPPED - not supplement] "Switch Nutrition Essentials Carbs" | product_type: "Post-Workout"
[2026-04-24T09:52:09.173Z]   [SKIPPED - not supplement] "Redcon1 RPG - Glucose Disposal" | product_type: "Intra-Workout"
[2026-04-24T09:52:09.681Z]   Page 12...
[2026-04-24T09:52:10.377Z]   [SKIPPED - not supplement] "Sportsfuel 600ml Shaker" | product_type: "Protein Shakers"
[2026-04-24T09:52:10.378Z]   [SKIPPED - not supplement] "Smartshake DC Comics Whey2Go Powder Funnel" | product_type: "Protein Shakers"
[2026-04-24T09:52:10.378Z]   [SKIPPED - not supplement] "SmartShake DC Comics Reforce Stainless Steel Shaker 900ml" | product_type: "Protein Shakers"
[2026-04-24T09:52:10.378Z]   [SKIPPED - not supplement] "SmartShake DC Comics Lite Shaker 800ml" | product_type: "Protein Shakers"
[2026-04-24T09:52:10.379Z]   [SKIPPED - not supplement] "SmartShake Revive Rock Band Series - 750ml" | product_type: "Protein Shakers"
[2026-04-24T09:52:10.382Z]   [SKIPPED - not supplement] "Performa Activ Shaker Power Rangers Series 800ml" | product_type: "Protein Shakers"
[2026-04-24T09:52:10.383Z]   [SKIPPED - not supplement] "Mystery Shaker" | product_type: "Protein Shakers"
[2026-04-24T09:52:10.384Z]   [SKIPPED - not supplement] "Raze Energy RTD" | product_type: "Energy Drinks"
[2026-04-24T09:52:10.386Z]   [SKIPPED - not supplement] "Alien Shaker" | product_type: "Protein Shakers"
[2026-04-24T09:52:10.386Z]   [SKIPPED - not supplement] "PURE Energy Gels" | product_type: "Energy & Endurance"
[2026-04-24T09:52:10.387Z]   [SKIPPED - not supplement] "PURE Exercise Recovery 740g" | product_type: "Post-Workout"
[2026-04-24T09:52:10.389Z]   [SKIPPED - not supplement] "Olimp Dextrex Juice 1kg" | product_type: "Post-Workout"
[2026-04-24T09:52:10.389Z]   [SKIPPED - not supplement] "Olimp Carbonox - Carbohydrate Formula 1kg" | product_type: "Intra-Workout"
[2026-04-24T09:52:10.904Z]   Page 13...
[2026-04-24T09:52:11.630Z]   [SKIPPED - not supplement] "Universal ZMA Pro" | product_type: "Post-Workout"
[2026-04-24T09:52:11.631Z]   [SKIPPED - not supplement] "Nutrex Anabol Hardcore" | product_type: "Intra-Workout"
[2026-04-24T09:52:11.633Z]   [SKIPPED - no category] "Mutant Pure Vitamin C Crystals - Massive 824 Serve" | product_type: "Multi-Vitamins" | tags: antioxidants,bfcm_2,discontinued,discount-eligible,discount_works
[2026-04-24T09:52:11.633Z]   [SKIPPED - no category] "North Coast Naturals Pure Immuno-C- Massive 824 Serve" | product_type: "Immunity" | tags: bfcm_3,discontinued,discount-eligible,discount_works,general health
[2026-04-24T09:52:11.634Z]   [SKIPPED - no category] "PVL Pure Vitamin C Crystals - Massive 824 Serve" | product_type: "Multi-Vitamins" | tags: antioxidants,bfcm_3,discontinued,discount-eligible,discount_works
[2026-04-24T09:52:11.634Z]   [SKIPPED - not supplement] "Bang Energy Drink" | product_type: "Energy Drinks"
[2026-04-24T09:52:11.636Z]   [SKIPPED - not supplement] "BSN Shred Stack" | product_type: "Stacks"
[2026-04-24T09:52:11.637Z]   [SKIPPED - not supplement] "Zen Liniment Sports Spray 125mL" | product_type: "Recovery"
[2026-04-24T09:52:11.638Z]   [SKIPPED - not supplement] "PEAKFUEL Hydration 500g" | product_type: "Intra-Workout"
[2026-04-24T09:52:11.638Z]   [SKIPPED - not supplement] "Nutrex HMB 1000 120 Caps" | product_type: "Post-Workout"
[2026-04-24T09:52:11.640Z]   [SKIPPED - not supplement] "Muscletech SX-7 Black Onyx Creabuild 30 Serve" | product_type: "Post-Workout"
[2026-04-24T09:52:11.641Z]   [SKIPPED - not supplement] "Killer Labz Laxobulk" | product_type: "Post-Workout"
[2026-04-24T09:52:11.642Z]   [SKIPPED - not supplement] "5% Nutrition Post gear PCT Support" | product_type: "Post-Workout"
[2026-04-24T09:52:12.155Z]   Page 14...
[2026-04-24T09:52:12.874Z]   [SKIPPED - not supplement] "Performa Transformers Collection Shaker 800ml" | product_type: "Protein Shakers"
[2026-04-24T09:52:12.874Z]   [SKIPPED - not supplement] "Performa Shaker Comic Hero Series 800ml" | product_type: "Protein Shakers"
[2026-04-24T09:52:12.875Z]   [SKIPPED - not supplement] "Performa Shaker Marvel Series 800ml" | product_type: "Protein Shakers"
[2026-04-24T09:52:12.875Z]   [SKIPPED - not supplement] "SciVation Xtend Energy RTD 6 Pack" | product_type: "Energy Drinks"
[2026-04-24T09:52:12.875Z]   [SKIPPED - not supplement] "SciVation Xtend Energy RTD 12 Pack" | product_type: "Energy Drinks"
[2026-04-24T09:52:12.876Z]   [SKIPPED - not supplement] "PVL Total Reload" | product_type: "Intra-Workout"
[2026-04-24T09:52:12.877Z]   [SKIPPED - not supplement] "Pro Supps Crash 30 Serve" | product_type: "Post-Workout"
[2026-04-24T09:52:12.878Z]   [SKIPPED - not supplement] "PURE Beet Endurance 150g" | product_type: "Energy & Endurance"
[2026-04-24T09:52:12.880Z]   [SKIPPED - no category] "Massage Ball Roller" | product_type: "Accessories" | tags: bfcm_2,discount-eligible,discount_works,location-17947492419-outofstock,location-20189478979-outofstock
[2026-04-24T09:52:12.880Z]   [SKIPPED - not supplement] "Mutant Red Mega Jug 2.6L" | product_type: "Workout Equipment"
[2026-04-24T09:52:12.881Z]   [SKIPPED - not supplement] "PURE Blackcurrant Recovery 200g" | product_type: "Post-Workout"
[2026-04-24T09:52:12.881Z]   [SKIPPED - not supplement] "Outbreak Antidote Grape" | product_type: "Recovery"
[2026-04-24T09:52:13.393Z]   Page 15...
[2026-04-24T09:52:14.267Z]   [SKIPPED - not supplement] "Gaspari HMB 90 caps" | product_type: "Intra-Workout"
[2026-04-24T09:52:14.269Z]   [SKIPPED - not supplement] "Outbreak Nutrition Adapt" | product_type: "Post-Workout"
[2026-04-24T09:52:14.273Z]   [SKIPPED - not supplement] "Switch Nutrition Adrenal Switch 60 Serve" | product_type: "Post-Workout"
[2026-04-24T09:52:14.273Z]   [SKIPPED - not supplement] "Switch Nutrition Adrenal Switch 30 Serve" | product_type: "Post-Workout"
[2026-04-24T09:52:14.278Z]   [SKIPPED - not supplement] "Smartshake Original2Go 600ml" | product_type: "Protein Shakers"
[2026-04-24T09:52:14.279Z]   [SKIPPED - not supplement] "Smartshake Retain Bottle Stainless Steel 500ml" | product_type: "Protein Shakers"
[2026-04-24T09:52:14.279Z]   [SKIPPED - not supplement] "Smartshake Revive 750ml" | product_type: "Protein Shakers"
[2026-04-24T09:52:14.784Z]   Page 16...
[2026-04-24T09:52:15.834Z]   [SKIPPED - no category] "Massage Ball" | product_type: "Workout Equipment" | tags: accessories,bfcm_2,Color-Black,Color-Blue,Color-Purple
[2026-04-24T09:52:15.836Z]   [SKIPPED - not supplement] "Dr Keto Ketones" | product_type: "Post-Workout"
[2026-04-24T09:52:15.839Z]   [SKIPPED - not supplement] "GAT Arginine 180 Caps" | product_type: "Post-Workout"
[2026-04-24T09:52:15.841Z]   [SKIPPED - not supplement] "Kill Cliff Recover 6 Pack" | product_type: "Recovery"
[2026-04-24T09:52:16.349Z]   Page 17...
[2026-04-24T09:52:17.286Z]   [SKIPPED - not supplement] "GAT Nitraflex 30 Serve" | product_type: "Intra-Workout"
[2026-04-24T09:52:17.287Z]   [SKIPPED - not supplement] "SmartShake Original2Go ONE 800ml" | product_type: "Protein Shakers"
[2026-04-24T09:52:17.287Z]   [SKIPPED - not supplement] "SmartShake 500ml Slim Shaker" | product_type: "Protein Shakers"
[2026-04-24T09:52:17.288Z]   [SKIPPED - not supplement] "SmartShake 400ml Protein Shaker" | product_type: "Protein Shakers"
[2026-04-24T09:52:17.290Z]   [SKIPPED - not supplement] "Universal Animal Advanced M Stak Accelerator" | product_type: "Post-Workout"
[2026-04-24T09:52:17.802Z]   Page 18...
[2026-04-24T09:52:18.116Z]   [SKIPPED - not supplement] "Optimum ZMA 90 caps" | product_type: "Post-Workout"
[2026-04-24T09:52:18.117Z]   [SKIPPED - not supplement] "Optimum HMB" | product_type: "Post-Workout"
[2026-04-24T09:52:18.117Z]   [SKIPPED - not supplement] "Optimum ZMA 180 caps" | product_type: "Post-Workout"
[2026-04-24T09:52:18.119Z]   [SKIPPED - not supplement] "Mutant ZM8+" | product_type: "Post-Workout"
[2026-04-24T09:52:18.119Z]   [SKIPPED - no category] "Trigger Point Muscle Massage Stick" | product_type: "Accessories" | tags: accessories,bfcm_4,discount-eligible,discount_works,location-17947492419-outofstock
[2026-04-24T09:52:18.120Z]   Found 2156 supplement products from Sportsfuel (18 pages fetched)
[2026-04-24T09:52:19.628Z] Scraping Scorpion Supplements...
[2026-04-24T09:52:19.629Z]   Page 1...
[2026-04-24T09:52:20.034Z]   [SKIPPED - no category] "SCORPION AMINO PRO 2 JAR" | product_type: "Product" | tags: 
[2026-04-24T09:52:20.035Z]   [SKIPPED - no category] "SCORPION AMINO PRO 500g" | product_type: "Product" | tags: 
[2026-04-24T09:52:20.037Z]   [SKIPPED - not supplement] "SCORPION SHRED EXTREME CAPSULES" | product_type: "Product"
[2026-04-24T09:52:20.039Z]   [SKIPPED - no category] "SCORPION BIG MASS 3KG" | product_type: "Product" | tags: 
[2026-04-24T09:52:20.039Z]   [SKIPPED - no category] "SCORPION MASS ATTACK 3KG" | product_type: "Product" | tags: 
[2026-04-24T09:52:20.040Z]   [SKIPPED - no category] "SCORPION MASS ATTACK STACK" | product_type: "Product" | tags: 
[2026-04-24T09:52:20.040Z]   [SKIPPED - not supplement] "SCORPION SHRED VENOM - 2 JAR COMBO" | product_type: "(blank)"
[2026-04-24T09:52:20.040Z]   [SKIPPED - not supplement] "SCORPION SHRED VENOM 360g" | product_type: "(blank)"
[2026-04-24T09:52:20.041Z]   Found 60 supplement products from Scorpion Supplements (1 page fetched)
[2026-04-24T09:52:21.547Z] Scraping ASN Online...
[2026-04-24T09:52:21.548Z]   Page 1...
[2026-04-24T09:52:22.018Z]   [SKIPPED - not supplement] "AMF Shred Stack" | product_type: "(blank)"
[2026-04-24T09:52:22.020Z]   [SKIPPED - no category] "Snackn White Choc Protein Spread" | product_type: "(blank)" | tags: Spreads
[2026-04-24T09:52:22.020Z]   [SKIPPED - no category] "Snackn Milk Choc Protein Spread" | product_type: "(blank)" | tags: Spreads
[2026-04-24T09:52:22.025Z]   [SKIPPED - no category] "Snackn Protein Breakfast Instant Porridge" | product_type: "(blank)" | tags: Meal Replacement
[2026-04-24T09:52:22.026Z]   [SKIPPED - no category] "Snackn Protein Breakfast Bircher Muesli" | product_type: "(blank)" | tags: Meal Replacement
[2026-04-24T09:52:22.539Z]   Page 2...
[2026-04-24T09:52:22.836Z]   Found 201 supplement products from ASN Online (2 pages fetched)
[2026-04-24T09:52:24.339Z] Scraping Supplement Solutions...
[2026-04-24T09:52:24.340Z]   Page 1...
[2026-04-24T09:52:24.727Z]   Found 74 supplement products from Supplement Solutions (1 page fetched)
[2026-04-24T09:52:26.243Z] Scraping Raisey's...
[2026-04-24T09:52:26.243Z]   Page 1...
[2026-04-24T09:52:26.537Z]   Found 31 supplement products from Raisey's (1 page fetched)
[2026-04-24T09:52:28.042Z] Scraping Xplosiv (Magento)...
[2026-04-24T09:52:33.732Z]   Found 0 products from Xplosiv
[2026-04-24T09:52:35.239Z] Scraping Sprint Fit (custom platform)...
[2026-04-24T09:52:38.371Z]   Found 0 products from Sprint Fit
[2026-04-24T09:52:38.439Z] 
[2026-04-24T09:52:38.440Z] === Scrape complete ===
[2026-04-24T09:52:38.440Z] Total products: 2999
[2026-04-24T09:52:38.440Z] 
[2026-04-24T09:52:38.441Z] By retailer:
[2026-04-24T09:52:38.441Z]   NZ Muscle                 477 products
[2026-04-24T09:52:38.441Z]   Sportsfuel                2156 products
[2026-04-24T09:52:38.442Z]   Scorpion Supplements      60 products
[2026-04-24T09:52:38.442Z]   ASN Online                201 products
[2026-04-24T09:52:38.442Z]   Supplement Solutions      74 products
[2026-04-24T09:52:38.442Z]   Raisey's                  31 products
[2026-04-24T09:52:38.443Z]   Xplosiv                   0 products
[2026-04-24T09:52:38.443Z]   Sprint Fit                0 products
[2026-04-24T09:52:38.443Z] 
[2026-04-24T09:52:38.444Z] By category:
[2026-04-24T09:52:38.444Z]   protein         1347
[2026-04-24T09:52:38.444Z]   creatine        292
[2026-04-24T09:52:38.445Z]   preworkout      550
[2026-04-24T09:52:38.445Z]   fatburner       416
[2026-04-24T09:52:38.445Z]   bcaa            394
[2026-04-24T09:52:38.446Z] 
Output: C:\Users\rapha\scoopscore\data\products.json
[2026-04-28T22:06:03.647Z] === ScoopScore scrape started ===
[2026-04-28T22:06:03.660Z] Retailers: NZ Muscle, Sportsfuel, Scorpion Supplements, ASN Online, Supplement Solutions, Raisey's, Nutrition Warehouse, Elite Supps, Cheap Supps, Body and Fitness, Maxum Nutrition + Xplosiv + Sprint Fit + Payless Supplements + GNC NZ
[2026-04-28T22:06:03.706Z] Loaded 2999 existing products (preserving price history)
[2026-04-28T22:06:03.707Z] Scraping NZ Muscle...
[2026-04-28T22:06:03.708Z]   Page 1...
[2026-04-28T22:06:04.459Z]   [SKIPPED - no category] "Musashi GWP Protein Wafer Bars - 6 Assorted Bars" | product_type: "(blank)" | tags: 
[2026-04-28T22:06:04.460Z]   [SKIPPED - no category] "C4 Energy + Amino" | product_type: "(blank)" | tags: 
[2026-04-28T22:06:04.461Z]   [SKIPPED - not supplement] "Musashi Shred Energy 355ml" | product_type: "(blank)"
[2026-04-28T22:06:04.461Z]   [SKIPPED - no category] "TriggerPoint MobiPoint Massage Ball" | product_type: "(blank)" | tags: yoga / rollers
[2026-04-28T22:06:04.461Z]   [SKIPPED - no category] "TriggerPoint MB1 Massage Ball" | product_type: "(blank)" | tags: yoga / rollers
[2026-04-28T22:06:04.462Z]   [SKIPPED - no category] "Optimum Nutrition Amino Energy Sparkling 355ml" | product_type: "(blank)" | tags: abc-a,energy drinks (RTDs)
[2026-04-28T22:06:04.463Z]   [SKIPPED - no category] "Grenade Protein Bar Mixed Box" | product_type: "(blank)" | tags: abc-a
[2026-04-28T22:06:04.974Z]   Page 2...
[2026-04-28T22:06:05.541Z]   [SKIPPED - not supplement] "Musashi Shred Chewables 54 Tablets" | product_type: "(blank)"
[2026-04-28T22:06:05.541Z]   [SKIPPED - no category] "Bundle with Optimum Nutrition Amino Energy" | product_type: "(blank)" | tags: 
[2026-04-28T22:06:05.542Z]   [SKIPPED - no category] "LivePro Targeted Massage Ball" | product_type: "(blank)" | tags: yoga / rollers
[2026-04-28T22:06:06.050Z]   Page 3...
[2026-04-28T22:06:06.844Z]   [SKIPPED - no category] "Snackn WPI Protein" | product_type: "(blank)" | tags: 
[2026-04-28T22:06:06.844Z]   [SKIPPED - no category] "Snackn Protein Nut Spread" | product_type: "(blank)" | tags: coffee & creamers
[2026-04-28T22:06:07.360Z]   Page 4...
[2026-04-28T22:06:08.768Z]   [SKIPPED - no category] "Bundle with NZ Muscle Mass" | product_type: "(blank)" | tags: 
[2026-04-28T22:06:08.769Z]   [SKIPPED - not supplement] "Get Raw Nutrition Intra Workout - Lemon & Lime" | product_type: "(blank)"
[2026-04-28T22:06:09.279Z]   Page 5...
[2026-04-28T22:06:09.893Z]   [SKIPPED - no category] "Snackn Protein Breakfast Instant Porridge" | product_type: "(blank)" | tags: 
[2026-04-28T22:06:09.893Z]   [SKIPPED - no category] "Snackn Protein Breakfast Bircher Muesli" | product_type: "(blank)" | tags: 
[2026-04-28T22:06:10.399Z]   Page 6...
[2026-04-28T22:06:10.851Z]   [SKIPPED - no category] "LCD Massage Gun - 6 Heads" | product_type: "(blank)" | tags: accessories,yoga / rollers
[2026-04-28T22:06:10.856Z]   [SKIPPED - no category] "MyProtein FlavDrops" | product_type: "(blank)" | tags: 
[2026-04-28T22:06:10.857Z]   Found 477 supplement products from NZ Muscle (6 pages fetched)
[2026-04-28T22:06:12.367Z] Scraping Sportsfuel...
[2026-04-28T22:06:12.367Z]   Page 1...
[2026-04-28T22:06:13.303Z]   [SKIPPED - not supplement] "Inspired Shaker (Random Colour) *Gift*" | product_type: "Protein Shakers"
[2026-04-28T22:06:13.304Z]   [SKIPPED - not supplement] "SmartShake Lite Shaker 1L" | product_type: "Protein Shakers"
[2026-04-28T22:06:13.311Z]   [SKIPPED - not supplement] "Optimum Opti-lock™ Leakproof Shaker" | product_type: "Protein Shakers"
[2026-04-28T22:06:13.314Z]   [SKIPPED - not supplement] "Optimum Nutrition Stainless Steel Black Shaker *Gift*" | product_type: "Protein Shakers"
[2026-04-28T22:06:13.317Z]   [SKIPPED - not supplement] "Muscle Recovery Bundle" | product_type: "Recovery"
[2026-04-28T22:06:13.317Z]   [SKIPPED - not supplement] "SIS Rego Cherry Juice Concentrate Sachets" | product_type: "Recovery"
[2026-04-28T22:06:13.818Z]   Page 2...
[2026-04-28T22:06:14.781Z]   [SKIPPED - not supplement] "Sportsfuel x Switch Nutrition Breast Cancer Research Fundraising Loaded Shaker" | product_type: "Protein Shakers"
[2026-04-28T22:06:14.783Z]   [SKIPPED - not supplement] "Vitalze KnotAway Cream" | product_type: "Recovery"
[2026-04-28T22:06:14.783Z]   [SKIPPED - not supplement] "Vitalize Chill Restore Cream" | product_type: "Recovery"
[2026-04-28T22:06:14.784Z]   [SKIPPED - not supplement] "2x Musashi Shred Energy Drink RTD 355ml (Random Flavour) *Gift*" | product_type: "(blank)"
[2026-04-28T22:06:14.784Z]   [SKIPPED - not supplement] "1x Musashi Shred Energy Drink RTD 355ml (Random Flavour) *Gift*" | product_type: "(blank)"
[2026-04-28T22:06:14.785Z]   [SKIPPED - no category] "1x Rule 1 Mass Sample Sachet (Random Flavour) *Gift*" | product_type: "(blank)" | tags: algolia-ignore,incoming,location-17947492419-instock,location-20189478979-outofstock,location-20853096515-outofstock
[2026-04-28T22:06:14.786Z]   [SKIPPED - no category] "1x Rule 1 Essential Amino 9 Sample (Random Flavour) *Gift*" | product_type: "(blank)" | tags: algolia-ignore,location-17947492419-instock,location-20189478979-outofstock,location-20853096515-outofstock,location-35711352899-outofstock
[2026-04-28T22:06:14.786Z]   [SKIPPED - not supplement] "Muscle Nation Shaker (Random Colour) *Gift*" | product_type: "Protein Shakers"
[2026-04-28T22:06:14.787Z]   [SKIPPED - not supplement] "Red Bull Energy Drink Original 473ml" | product_type: "Energy Drinks"
[2026-04-28T22:06:15.300Z]   Page 3...
[2026-04-28T22:06:16.125Z]   [SKIPPED - not supplement] "Applied Nutrition Turk-X" | product_type: "Recovery"
[2026-04-28T22:06:16.125Z]   [SKIPPED - not supplement] "Applied Nutrition HMB 500mg" | product_type: "Recovery"
[2026-04-28T22:06:16.131Z]   [SKIPPED - not supplement] "Red Bull Energy Drink Sugarfree Original 473ml" | product_type: "Energy Drinks"
[2026-04-28T22:06:16.646Z]   Page 4...
[2026-04-28T22:06:17.529Z]   [SKIPPED - no category] "Rule 1 Energized Amino" | product_type: "Energy & Endurance" | tags: C-Grade,incoming,informed choice,location-17947492419-instock,location-20189478979-outofstock
[2026-04-28T22:06:17.534Z]   [SKIPPED - not supplement] "Kill Cliff Recover - Single" | product_type: "Post-Workout"
[2026-04-28T22:06:17.535Z]   [SKIPPED - not supplement] "Smart Shake Revive 750ml - Camo" | product_type: "Protein Shakers"
[2026-04-28T22:06:17.535Z]   [SKIPPED - not supplement] "SciVation Xtend Energy RTD - Single" | product_type: "Energy Drinks"
[2026-04-28T22:06:17.537Z]   [SKIPPED - not supplement] "Athletec ZMA 120 Caps Twin Pack" | product_type: "Recovery"
[2026-04-28T22:06:18.041Z]   Page 5...
[2026-04-28T22:06:18.888Z]   [SKIPPED - not supplement] "USN Anabolic Carb" | product_type: "Recovery"
[2026-04-28T22:06:18.889Z]   [SKIPPED - not supplement] "iSatori Bio-Gro" | product_type: "Post-Workout"
[2026-04-28T22:06:18.891Z]   [SKIPPED - not supplement] "Sportsfuel 400ml Shaker" | product_type: "Protein Shakers"
[2026-04-28T22:06:18.894Z]   [SKIPPED - no category] "Vitafit Taurine Amino" | product_type: "General Health" | tags: general health,heart health,location-17947492419-instock,location-20189478979-outofstock,location-20853096515-outofstock
[2026-04-28T22:06:18.894Z]   [SKIPPED - not supplement] "Muscletech Stainless Steel Shaker (Random Colour) *Gift*" | product_type: "Protein Shakers"
[2026-04-28T22:06:19.397Z]   Page 6...
[2026-04-28T22:06:20.346Z]   [SKIPPED - not supplement] "Mutant Born Hardcore Mega Jug 2.6L *Gift*" | product_type: "Workout Equipment"
[2026-04-28T22:06:20.347Z]   [SKIPPED - not supplement] "LevlUp Shaker (Random Colour) *Gift*" | product_type: "Protein Shakers"
[2026-04-28T22:06:20.347Z]   [SKIPPED - no category] "EQ Food Lowcal Protein Cracker Chips" | product_type: "Snacks" | tags: discontinued,discount-eligible,location-17947492419-outofstock,location-20189478979-outofstock,location-20853096515-outofstock
[2026-04-28T22:06:20.348Z]   [SKIPPED - not supplement] "Get Raw Intra Workout" | product_type: "Intra-Workout"
[2026-04-28T22:06:20.349Z]   [SKIPPED - not supplement] "Shakesphere Shaker Mixer Jug 1.3L" | product_type: "Protein Shakers"
[2026-04-28T22:06:20.349Z]   [SKIPPED - not supplement] "Innerbloom Cold Brew Coffee Oat Milk + Adaptogens RTD" | product_type: "Energy Drinks"
[2026-04-28T22:06:20.349Z]   [SKIPPED - not supplement] "Innerbloom Cold Brew Coffee Maca Mocha RTD" | product_type: "Energy Drinks"
[2026-04-28T22:06:20.350Z]   [SKIPPED - not supplement] "Innerbloom Cold Brew Coffee Straight Up RTD" | product_type: "Energy Drinks"
[2026-04-28T22:06:20.350Z]   [SKIPPED - not supplement] "Snackn Shaker *Gift*" | product_type: "Protein Shakers"
[2026-04-28T22:06:20.350Z]   [SKIPPED - not supplement] "Muscle Nation Electric Hand Mixer" | product_type: "Protein Shakers"
[2026-04-28T22:06:20.350Z]   [SKIPPED - no category] "Nothing Naughty Electrolytes + Protein Bars Stack" | product_type: "Electrolytes" | tags: bfcm_3,discount_works,electrolytes,endurance-sale,energy & endurance
[2026-04-28T22:06:20.351Z]   [SKIPPED - not supplement] "Cellucor C4 Shaker (Random Colour) *Gift*" | product_type: "Protein Shakers"
[2026-04-28T22:06:20.352Z]   [SKIPPED - not supplement] "G FUEL Energy RTD" | product_type: "Energy Drinks"
[2026-04-28T22:06:20.353Z]   [SKIPPED - not supplement] "Zen Liniment Sports Roll-On 75ml" | product_type: "Recovery"
[2026-04-28T22:06:20.353Z]   [SKIPPED - not supplement] "Zen Herbal Liniment Spray 100mL" | product_type: "Recovery"
[2026-04-28T22:06:20.353Z]   [SKIPPED - not supplement] "Zen Herbal Liniment Gel 75g" | product_type: "Recovery"
[2026-04-28T22:06:20.354Z]   [SKIPPED - not supplement] "BSc Energy Drink RTD" | product_type: "Energy Drinks"
[2026-04-28T22:06:20.356Z]   [SKIPPED - not supplement] "Shakesphere Tumbler View Shaker 700ml" | product_type: "Protein Shakers"
[2026-04-28T22:06:20.356Z]   [SKIPPED - not supplement] "Shakesphere Stainless Steel Shaker 700ml" | product_type: "Protein Shakers"
[2026-04-28T22:06:20.868Z]   Page 7...
[2026-04-28T22:06:21.713Z]   [SKIPPED - not supplement] "Radix Stainless Steel Shaker" | product_type: "Protein Shakers"
[2026-04-28T22:06:21.714Z]   [SKIPPED - not supplement] "Muscle Nation Energy Drink" | product_type: "Energy Drinks"
[2026-04-28T22:06:21.714Z]   [SKIPPED - not supplement] "SF Pro Loaded Shaker *Gift*" | product_type: "Protein Shakers"
[2026-04-28T22:06:21.715Z]   [SKIPPED - not supplement] "Bucked Up Deer Antler Velvet Spray - His" | product_type: "Post-Workout"
[2026-04-28T22:06:21.716Z]   [SKIPPED - not supplement] "Mutant Deluxe 1L Shaker (Red/Black) *Gift*" | product_type: "Protein Shakers"
[2026-04-28T22:06:21.718Z]   [SKIPPED - no category] "TriggerPoint Grid X Massage Ball" | product_type: "Accessories" | tags: discontinued,discount-eligible,fathers-day-2025,gift_under_100,location-17947492419-outofstock
[2026-04-28T22:06:21.719Z]   [SKIPPED - no category] "TriggerPoint Mobi Point Massage Ball" | product_type: "Accessories" | tags: discount-eligible,fathers-day-2025,gift_under_50,location-17947492419-instock,location-20189478979-outofstock
[2026-04-28T22:06:21.719Z]   [SKIPPED - no category] "TriggerPoint MB1 Massage Ball" | product_type: "Accessories" | tags: discount-eligible,fathers-day-2025,gift_under_50,location-17947492419-instock,location-20189478979-outofstock
[2026-04-28T22:06:21.719Z]   [SKIPPED - no category] "TriggerPoint AcuCurve Self Massage Cane" | product_type: "Accessories" | tags: discount-eligible,fathers-day-2025,gift_under_100,location-17947492419-instock,location-20189478979-outofstock
[2026-04-28T22:06:21.720Z]   [SKIPPED - no category] "TriggerPoint Impact Massage Vibrating Buffer" | product_type: "Accessories" | tags: discontinued,discount-eligible,fathers-day-2025,gift_under_200,location-17947492419-outofstock
[2026-04-28T22:06:21.720Z]   [SKIPPED - not supplement] "ABE Energy + Performance RTD" | product_type: "Energy Drinks"
[2026-04-28T22:06:21.721Z]   [SKIPPED - not supplement] "Athletic Sport Kamikaze Energy RTD" | product_type: "Energy Drinks"
[2026-04-28T22:06:21.722Z]   [SKIPPED - not supplement] "Chaos Crew Shaker 600ml (Random Colour) *Gift*" | product_type: "Protein Shakers"
[2026-04-28T22:06:22.231Z]   Page 8...
[2026-04-28T22:06:23.269Z]   [SKIPPED - not supplement] "MuscleTech Clear 1L Shaker *Gift*" | product_type: "Protein Shakers"
[2026-04-28T22:06:23.270Z]   [SKIPPED - not supplement] "Musashi Energy Drink 250ml" | product_type: "Energy Drinks"
[2026-04-28T22:06:23.271Z]   [SKIPPED - no category] "Snackn Protein Nut Spread 265g" | product_type: "Snacks" | tags: discount-eligible,location-17947492419-instock,location-20189478979-outofstock,location-20853096515-outofstock,location-35711352899-outofstock
[2026-04-28T22:06:23.271Z]   [SKIPPED - no category] "Massage Ball  (Random Colour) *Gift*" | product_type: "Workout Equipment" | tags: algolia-ignore,discount-eligible,location-17947492419-outofstock,location-20189478979-outofstock,location-20853096515-outofstock
[2026-04-28T22:06:23.271Z]   [SKIPPED - not supplement] "Cellucor C4 Smart Energy Carbonated Can" | product_type: "Energy Drinks"
[2026-04-28T22:06:23.272Z]   [SKIPPED - not supplement] "höm Energy Drink" | product_type: "Energy Drinks"
[2026-04-28T22:06:23.273Z]   [SKIPPED - not supplement] "Optimum Nutrition Blender Bottle Shaker *Gift*" | product_type: "Protein Shakers"
[2026-04-28T22:06:23.273Z]   [SKIPPED - not supplement] "Sportsfuel 600ml Shaker *Gift*" | product_type: "Protein Shakers"
[2026-04-28T22:06:23.273Z]   [SKIPPED - not supplement] "Ghost Energy Drink 500ml RTD" | product_type: "Energy Drinks"
[2026-04-28T22:06:23.275Z]   [SKIPPED - not supplement] "Cellucor C4 On The Go 346ml RTD" | product_type: "Energy Drinks"
[2026-04-28T22:06:23.782Z]   Page 9...
[2026-04-28T22:06:24.755Z]   [SKIPPED - not supplement] "Alani Nu Energy RTD Cans" | product_type: "Energy Drinks"
[2026-04-28T22:06:24.757Z]   [SKIPPED - not supplement] "Before You Speak High Performance Coffee 7 Pack" | product_type: "Energy & Endurance"
[2026-04-28T22:06:24.757Z]   [SKIPPED - not supplement] "Before You Speak Adrenal Decaf Coffee 7 Pack" | product_type: "Recovery"
[2026-04-28T22:06:24.758Z]   [SKIPPED - not supplement] "GU Roctane Recovery Drink Mix" | product_type: "Recovery"
[2026-04-28T22:06:24.759Z]   [SKIPPED - not supplement] "Redcon1 Cluster Bomb" | product_type: "Post-Workout"
[2026-04-28T22:06:25.264Z]   Page 10...
[2026-04-28T22:06:26.279Z]   [SKIPPED - not supplement] "Pack Nutrition Arginine Caps" | product_type: "Recovery"
[2026-04-28T22:06:26.279Z]   [SKIPPED - not supplement] "Muscletech Hydroxycut Energy RTDs" | product_type: "Energy Drinks"
[2026-04-28T22:06:26.280Z]   [SKIPPED - not supplement] "Harker Herbals Recovery Tonic" | product_type: "Recovery"
[2026-04-28T22:06:26.281Z]   [SKIPPED - not supplement] "Universal Carb Max" | product_type: "Post-Workout"
[2026-04-28T22:06:26.281Z]   [SKIPPED - not supplement] "Switch Nutrition Adrenal Switch Capsules" | product_type: "Recovery"
[2026-04-28T22:06:26.283Z]   [SKIPPED - not supplement] "FitAid Athletic Recovery Zero Sugar RTD" | product_type: "Recovery"
[2026-04-28T22:06:26.284Z]   [SKIPPED - not supplement] "FitAid Athletic Recovery RTD" | product_type: "Recovery"
[2026-04-28T22:06:26.284Z]   [SKIPPED - not supplement] "FitAid RX Zero Sugar Recovery RTD" | product_type: "Recovery"
[2026-04-28T22:06:26.284Z]   [SKIPPED - not supplement] "FitAid RX Athletic Recovery RTD" | product_type: "Recovery"
[2026-04-28T22:06:26.285Z]   [SKIPPED - not supplement] "VPX Synthesize Post Workout" | product_type: "Post-Workout"
[2026-04-28T22:06:26.793Z]   Page 11...
[2026-04-28T22:06:28.420Z]   [SKIPPED - not supplement] "Before You Speak Adrenal Decaf Coffee" | product_type: "Recovery"
[2026-04-28T22:06:28.421Z]   [SKIPPED - not supplement] "Before You Speak High Performance Coffee" | product_type: "Energy & Endurance"
[2026-04-28T22:06:28.425Z]   [SKIPPED - not supplement] "Inspired DVST8 Energy RTD" | product_type: "Energy Drinks"
[2026-04-28T22:06:28.426Z]   [SKIPPED - not supplement] "Switch Nutrition Essentials Carbs" | product_type: "Post-Workout"
[2026-04-28T22:06:28.427Z]   [SKIPPED - not supplement] "Redcon1 RPG - Glucose Disposal" | product_type: "Intra-Workout"
[2026-04-28T22:06:28.934Z]   Page 12...
[2026-04-28T22:06:29.712Z]   [SKIPPED - not supplement] "Sportsfuel 600ml Shaker" | product_type: "Protein Shakers"
[2026-04-28T22:06:29.713Z]   [SKIPPED - not supplement] "Smartshake DC Comics Whey2Go Powder Funnel" | product_type: "Protein Shakers"
[2026-04-28T22:06:29.713Z]   [SKIPPED - not supplement] "SmartShake DC Comics Reforce Stainless Steel Shaker 900ml" | product_type: "Protein Shakers"
[2026-04-28T22:06:29.713Z]   [SKIPPED - not supplement] "SmartShake DC Comics Lite Shaker 800ml" | product_type: "Protein Shakers"
[2026-04-28T22:06:29.713Z]   [SKIPPED - not supplement] "SmartShake Revive Rock Band Series - 750ml" | product_type: "Protein Shakers"
[2026-04-28T22:06:29.716Z]   [SKIPPED - not supplement] "Performa Activ Shaker Power Rangers Series 800ml" | product_type: "Protein Shakers"
[2026-04-28T22:06:29.717Z]   [SKIPPED - not supplement] "Mystery Shaker" | product_type: "Protein Shakers"
[2026-04-28T22:06:29.718Z]   [SKIPPED - not supplement] "Raze Energy RTD" | product_type: "Energy Drinks"
[2026-04-28T22:06:29.720Z]   [SKIPPED - not supplement] "Alien Shaker" | product_type: "Protein Shakers"
[2026-04-28T22:06:29.720Z]   [SKIPPED - not supplement] "PURE Energy Gels" | product_type: "Energy & Endurance"
[2026-04-28T22:06:29.720Z]   [SKIPPED - not supplement] "PURE Exercise Recovery 740g" | product_type: "Post-Workout"
[2026-04-28T22:06:29.722Z]   [SKIPPED - not supplement] "Olimp Dextrex Juice 1kg" | product_type: "Post-Workout"
[2026-04-28T22:06:29.723Z]   [SKIPPED - not supplement] "Olimp Carbonox - Carbohydrate Formula 1kg" | product_type: "Intra-Workout"
[2026-04-28T22:06:30.225Z]   Page 13...
[2026-04-28T22:06:31.020Z]   [SKIPPED - not supplement] "Universal ZMA Pro" | product_type: "Post-Workout"
[2026-04-28T22:06:31.021Z]   [SKIPPED - not supplement] "Nutrex Anabol Hardcore" | product_type: "Intra-Workout"
[2026-04-28T22:06:31.022Z]   [SKIPPED - no category] "Mutant Pure Vitamin C Crystals - Massive 824 Serve" | product_type: "Multi-Vitamins" | tags: antioxidants,bfcm_2,discontinued,discount-eligible,discount_works
[2026-04-28T22:06:31.023Z]   [SKIPPED - no category] "North Coast Naturals Pure Immuno-C- Massive 824 Serve" | product_type: "Immunity" | tags: bfcm_3,discontinued,discount-eligible,discount_works,general health
[2026-04-28T22:06:31.023Z]   [SKIPPED - no category] "PVL Pure Vitamin C Crystals - Massive 824 Serve" | product_type: "Multi-Vitamins" | tags: antioxidants,bfcm_3,discontinued,discount-eligible,discount_works
[2026-04-28T22:06:31.023Z]   [SKIPPED - not supplement] "Bang Energy Drink" | product_type: "Energy Drinks"
[2026-04-28T22:06:31.025Z]   [SKIPPED - not supplement] "BSN Shred Stack" | product_type: "Stacks"
[2026-04-28T22:06:31.026Z]   [SKIPPED - not supplement] "Zen Liniment Sports Spray 125mL" | product_type: "Recovery"
[2026-04-28T22:06:31.026Z]   [SKIPPED - not supplement] "PEAKFUEL Hydration 500g" | product_type: "Intra-Workout"
[2026-04-28T22:06:31.027Z]   [SKIPPED - not supplement] "Nutrex HMB 1000 120 Caps" | product_type: "Post-Workout"
[2026-04-28T22:06:31.028Z]   [SKIPPED - not supplement] "Muscletech SX-7 Black Onyx Creabuild 30 Serve" | product_type: "Post-Workout"
[2026-04-28T22:06:31.029Z]   [SKIPPED - not supplement] "Killer Labz Laxobulk" | product_type: "Post-Workout"
[2026-04-28T22:06:31.030Z]   [SKIPPED - not supplement] "5% Nutrition Post gear PCT Support" | product_type: "Post-Workout"
[2026-04-28T22:06:31.536Z]   Page 14...
[2026-04-28T22:06:32.465Z]   [SKIPPED - not supplement] "Performa Transformers Collection Shaker 800ml" | product_type: "Protein Shakers"
[2026-04-28T22:06:32.466Z]   [SKIPPED - not supplement] "Performa Shaker Comic Hero Series 800ml" | product_type: "Protein Shakers"
[2026-04-28T22:06:32.466Z]   [SKIPPED - not supplement] "Performa Shaker Marvel Series 800ml" | product_type: "Protein Shakers"
[2026-04-28T22:06:32.466Z]   [SKIPPED - not supplement] "SciVation Xtend Energy RTD 6 Pack" | product_type: "Energy Drinks"
[2026-04-28T22:06:32.467Z]   [SKIPPED - not supplement] "SciVation Xtend Energy RTD 12 Pack" | product_type: "Energy Drinks"
[2026-04-28T22:06:32.467Z]   [SKIPPED - not supplement] "PVL Total Reload" | product_type: "Intra-Workout"
[2026-04-28T22:06:32.468Z]   [SKIPPED - not supplement] "Pro Supps Crash 30 Serve" | product_type: "Post-Workout"
[2026-04-28T22:06:32.469Z]   [SKIPPED - not supplement] "PURE Beet Endurance 150g" | product_type: "Energy & Endurance"
[2026-04-28T22:06:32.470Z]   [SKIPPED - no category] "Massage Ball Roller" | product_type: "Accessories" | tags: bfcm_2,discount-eligible,discount_works,location-17947492419-outofstock,location-20189478979-outofstock
[2026-04-28T22:06:32.471Z]   [SKIPPED - not supplement] "Mutant Red Mega Jug 2.6L" | product_type: "Workout Equipment"
[2026-04-28T22:06:32.471Z]   [SKIPPED - not supplement] "PURE Blackcurrant Recovery 200g" | product_type: "Post-Workout"
[2026-04-28T22:06:32.972Z]   Page 15...
[2026-04-28T22:06:33.806Z]   [SKIPPED - not supplement] "Outbreak Antidote Grape" | product_type: "Recovery"
[2026-04-28T22:06:33.808Z]   [SKIPPED - not supplement] "Gaspari HMB 90 caps" | product_type: "Intra-Workout"
[2026-04-28T22:06:33.808Z]   [SKIPPED - not supplement] "Outbreak Nutrition Adapt" | product_type: "Post-Workout"
[2026-04-28T22:06:33.811Z]   [SKIPPED - not supplement] "Switch Nutrition Adrenal Switch 60 Serve" | product_type: "Post-Workout"
[2026-04-28T22:06:33.811Z]   [SKIPPED - not supplement] "Switch Nutrition Adrenal Switch 30 Serve" | product_type: "Post-Workout"
[2026-04-28T22:06:33.814Z]   [SKIPPED - not supplement] "Smartshake Original2Go 600ml" | product_type: "Protein Shakers"
[2026-04-28T22:06:33.814Z]   [SKIPPED - not supplement] "Smartshake Retain Bottle Stainless Steel 500ml" | product_type: "Protein Shakers"
[2026-04-28T22:06:33.815Z]   [SKIPPED - not supplement] "Smartshake Revive 750ml" | product_type: "Protein Shakers"
[2026-04-28T22:06:34.328Z]   Page 16...
[2026-04-28T22:06:35.398Z]   [SKIPPED - no category] "Massage Ball" | product_type: "Workout Equipment" | tags: accessories,bfcm_2,Color-Black,Color-Blue,Color-Purple
[2026-04-28T22:06:35.400Z]   [SKIPPED - not supplement] "Dr Keto Ketones" | product_type: "Post-Workout"
[2026-04-28T22:06:35.402Z]   [SKIPPED - not supplement] "GAT Arginine 180 Caps" | product_type: "Post-Workout"
[2026-04-28T22:06:35.403Z]   [SKIPPED - not supplement] "Kill Cliff Recover 6 Pack" | product_type: "Recovery"
[2026-04-28T22:06:35.921Z]   Page 17...
[2026-04-28T22:06:36.863Z]   [SKIPPED - not supplement] "GAT Nitraflex 30 Serve" | product_type: "Intra-Workout"
[2026-04-28T22:06:36.864Z]   [SKIPPED - not supplement] "SmartShake Original2Go ONE 800ml" | product_type: "Protein Shakers"
[2026-04-28T22:06:36.864Z]   [SKIPPED - not supplement] "SmartShake 500ml Slim Shaker" | product_type: "Protein Shakers"
[2026-04-28T22:06:36.864Z]   [SKIPPED - not supplement] "SmartShake 400ml Protein Shaker" | product_type: "Protein Shakers"
[2026-04-28T22:06:36.866Z]   [SKIPPED - not supplement] "Universal Animal Advanced M Stak Accelerator" | product_type: "Post-Workout"
[2026-04-28T22:06:37.370Z]   Page 18...
[2026-04-28T22:06:37.750Z]   [SKIPPED - not supplement] "Optimum ZMA 90 caps" | product_type: "Post-Workout"
[2026-04-28T22:06:37.750Z]   [SKIPPED - not supplement] "Optimum HMB" | product_type: "Post-Workout"
[2026-04-28T22:06:37.750Z]   [SKIPPED - not supplement] "Optimum ZMA 180 caps" | product_type: "Post-Workout"
[2026-04-28T22:06:37.751Z]   [SKIPPED - not supplement] "Mutant ZM8+" | product_type: "Post-Workout"
[2026-04-28T22:06:37.752Z]   [SKIPPED - no category] "Trigger Point Muscle Massage Stick" | product_type: "Accessories" | tags: accessories,bfcm_4,discount-eligible,discount_works,location-17947492419-outofstock
[2026-04-28T22:06:37.752Z]   Found 2161 supplement products from Sportsfuel (18 pages fetched)
[2026-04-28T22:06:39.259Z] Scraping Scorpion Supplements...
[2026-04-28T22:06:39.260Z]   Page 1...
[2026-04-28T22:06:40.030Z]   [SKIPPED - no category] "SCORPION AMINO PRO 2 JAR" | product_type: "Product" | tags: 
[2026-04-28T22:06:40.031Z]   [SKIPPED - no category] "SCORPION AMINO PRO 500g" | product_type: "Product" | tags: 
[2026-04-28T22:06:40.032Z]   [SKIPPED - not supplement] "SCORPION SHRED EXTREME CAPSULES" | product_type: "Product"
[2026-04-28T22:06:40.033Z]   [SKIPPED - no category] "SCORPION BIG MASS 3KG" | product_type: "Product" | tags: 
[2026-04-28T22:06:40.034Z]   [SKIPPED - no category] "SCORPION MASS ATTACK 3KG" | product_type: "Product" | tags: 
[2026-04-28T22:06:40.034Z]   [SKIPPED - no category] "SCORPION MASS ATTACK STACK" | product_type: "Product" | tags: 
[2026-04-28T22:06:40.034Z]   [SKIPPED - not supplement] "SCORPION SHRED VENOM - 2 JAR COMBO" | product_type: "(blank)"
[2026-04-28T22:06:40.034Z]   [SKIPPED - not supplement] "SCORPION SHRED VENOM 360g" | product_type: "(blank)"
[2026-04-28T22:06:40.035Z]   Found 58 supplement products from Scorpion Supplements (1 page fetched)
[2026-04-28T22:06:41.539Z] Scraping ASN Online...
[2026-04-28T22:06:41.539Z]   Page 1...
[2026-04-28T22:06:42.836Z]   [SKIPPED - not supplement] "AMF Shred Stack" | product_type: "(blank)"
[2026-04-28T22:06:42.838Z]   [SKIPPED - no category] "Snackn White Choc Protein Spread" | product_type: "(blank)" | tags: Spreads
[2026-04-28T22:06:42.838Z]   [SKIPPED - no category] "Snackn Milk Choc Protein Spread" | product_type: "(blank)" | tags: Spreads
[2026-04-28T22:06:42.841Z]   [SKIPPED - no category] "Snackn Protein Breakfast Instant Porridge" | product_type: "(blank)" | tags: Meal Replacement
[2026-04-28T22:06:42.841Z]   [SKIPPED - no category] "Snackn Protein Breakfast Bircher Muesli" | product_type: "(blank)" | tags: Meal Replacement
[2026-04-28T22:06:43.348Z]   Page 2...
[2026-04-28T22:06:43.863Z]   Found 201 supplement products from ASN Online (2 pages fetched)
[2026-04-28T22:06:45.377Z] Scraping Supplement Solutions...
[2026-04-28T22:06:45.378Z]   Page 1...
[2026-04-28T22:06:46.053Z]   Found 74 supplement products from Supplement Solutions (1 page fetched)
[2026-04-28T22:06:47.567Z] Scraping Raisey's...
[2026-04-28T22:06:47.567Z]   Page 1...
[2026-04-28T22:06:47.978Z]   Found 31 supplement products from Raisey's (1 page fetched)
[2026-04-28T22:06:49.486Z] Scraping Nutrition Warehouse...
[2026-04-28T22:06:49.487Z]   Page 1...
[2026-04-28T22:06:50.681Z]   [SKIPPED - no category] "Massage Gun by Krupt" | product_type: "Promos" | tags: Locked,Promos
[2026-04-28T22:06:50.684Z]   [SKIPPED - not supplement] "Iced Latte RTD Drink by Before You Speak" | product_type: "Energy Drinks (RTD)"
[2026-04-28T22:06:51.200Z]   Page 2...
[2026-04-28T22:06:52.026Z]   [SKIPPED - not supplement] "Cluster Bomb by Redcon1" | product_type: "Intra Workout"
[2026-04-28T22:06:52.029Z]   [SKIPPED - no category] "Hydration Aminos by Macro Mike" | product_type: "Hydration Powder" | tags: AfterPay'22,AI_DESCRIPTION,All Products,Build Endurance,Gain Muscle
[2026-04-28T22:06:52.541Z]   Page 3...
[2026-04-28T22:06:53.410Z]   [SKIPPED - no category] "Tortilla Style Protein Chips by Quest Nutrition" | product_type: "Healthy Snacks & Foods" | tags: AI_DESCRIPTION,Healthy Snacks & Foods,UPDATE_Imported
[2026-04-28T22:06:53.411Z]   [SKIPPED - not supplement] "G Fuel Energy RTD Can by Gamma Labs" | product_type: "Energy Drinks (RTD)"
[2026-04-28T22:06:53.411Z]   [SKIPPED - not supplement] "Smart Energy by White Wolf Nutrition" | product_type: "Energy Drinks (RTD)"
[2026-04-28T22:06:53.413Z]   [SKIPPED - not supplement] "Big Noise RTD by Redcon1" | product_type: "Energy Drinks (RTD)"
[2026-04-28T22:06:53.413Z]   [SKIPPED - not supplement] "Beta Fuel Gel by Science in Sport" | product_type: "Intra Workout"
[2026-04-28T22:06:53.413Z]   [SKIPPED - not supplement] "Beta Fuel Gel + Nootropics by Science in Sport" | product_type: "Intra Workout"
[2026-04-28T22:06:53.414Z]   [SKIPPED - not supplement] "Go Plus Isotonic Energy Gel by Science in Sport" | product_type: "Intra Workout"
[2026-04-28T22:06:53.415Z]   [SKIPPED - not supplement] "Beta Fuel by Science in Sport" | product_type: "Intra Workout"
[2026-04-28T22:06:53.417Z]   [SKIPPED - not supplement] "Performance Race Fuel by Pure Sports Nutrition" | product_type: "Intra Workout"
[2026-04-28T22:06:53.417Z]   [SKIPPED - not supplement] "Energy Drink by Lost & Found Energy" | product_type: "Energy Drinks (RTD)"
[2026-04-28T22:06:53.934Z]   Page 4...
[2026-04-28T22:06:54.899Z]   [SKIPPED - no category] "R1 Multi-Source Collagen by Rule 1 Proteins" | product_type: "Health & Vitamins" | tags: AI_DESCRIPTION,All Products,General Health,Health & Vitamins,Health & Wellbeing
[2026-04-28T22:06:55.415Z]   Page 5...
[2026-04-28T22:06:56.352Z]   [SKIPPED - no category] "Fruits & Greens + Antioxidants by Rule 1 Proteins" | product_type: "Health & Vitamins" | tags: AI_DESCRIPTION,All Products,Antioxidants,General Health,Green Foods
[2026-04-28T22:06:56.354Z]   [SKIPPED - no category] "Lytes + by Rule 1 Proteins" | product_type: "General Health" | tags: AI_DESCRIPTION,Build Endurance,Endurance,Hydration Formulas
[2026-04-28T22:06:56.355Z]   [SKIPPED - not supplement] "Energy RTD by Ghost Lifestyle" | product_type: "Energy Drinks (RTD)"
[2026-04-28T22:06:56.355Z]   [SKIPPED - not supplement] "C4 Smart RTD by Cellucor/C4 Energy" | product_type: "Energy Drinks (RTD)"
[2026-04-28T22:06:56.356Z]   [SKIPPED - not supplement] "Disorder Energy Drink RTD by Faction Labs" | product_type: "Energy Drinks (RTD)"
[2026-04-28T22:06:56.359Z]   [SKIPPED - not supplement] "Hydrate by Switch Nutrition" | product_type: "Intra Workout"
[2026-04-28T22:06:56.359Z]   [SKIPPED - not supplement] "Hydrate Switch by Switch Nutrition" | product_type: "Intra Workout"
[2026-04-28T22:06:56.360Z]   Found 698 supplement products from Nutrition Warehouse (5 pages fetched)
[2026-04-28T22:06:57.875Z] Scraping Elite Supps...
[2026-04-28T22:06:57.876Z]   Page 1...
[2026-04-28T22:06:58.874Z]   Page 2...
[2026-04-28T22:06:59.827Z]   Page 3...
[2026-04-28T22:07:00.322Z]   [SKIPPED - no category] "Massage Ball" | product_type: "simple" | tags: a-feb-2025,accessories,add_data_to_csv,b2b-export-16-may,b2b-export-9-apr
[2026-04-28T22:07:00.840Z]   Page 4...
[2026-04-28T22:07:02.138Z]   [SKIPPED - not supplement] "Summer Shredz "Fat Burning Stack"" | product_type: "Stacks"
[2026-04-28T22:07:02.142Z]   [SKIPPED - no category] "Massage Ball" | product_type: "DO NOT Remove - Exclusive Deals" | tags: a-feb-2025,deal-790,exclude-from-cc,exclusive-checkout-deals
[2026-04-28T22:07:02.144Z]   Found 539 supplement products from Elite Supps (4 pages fetched)
[2026-04-28T22:07:03.655Z] Scraping Cheap Supps...
[2026-04-28T22:07:03.656Z]   Page 1...
[2026-04-28T22:07:03.665Z]   Retry 1/2 after error: getaddrinfo ENOTFOUND www.cheapsupps.co.nz
[2026-04-28T22:07:05.675Z]   Retry 2/2 after error: getaddrinfo ENOTFOUND www.cheapsupps.co.nz
[2026-04-28T22:07:09.690Z]   ERROR on page 1 (attempt 1/3): getaddrinfo ENOTFOUND www.cheapsupps.co.nz
[2026-04-28T22:07:09.690Z]   Skipping page 1 and continuing to page 2...
[2026-04-28T22:07:11.700Z]   Page 2...
[2026-04-28T22:07:11.701Z]   Retry 1/2 after error: getaddrinfo ENOTFOUND www.cheapsupps.co.nz
[2026-04-28T22:07:13.716Z]   Retry 2/2 after error: getaddrinfo ENOTFOUND www.cheapsupps.co.nz
[2026-04-28T22:07:17.765Z]   ERROR on page 2 (attempt 2/3): getaddrinfo ENOTFOUND www.cheapsupps.co.nz
[2026-04-28T22:07:17.766Z]   Skipping page 2 and continuing to page 3...
[2026-04-28T22:07:19.773Z]   Page 3...
[2026-04-28T22:07:19.775Z]   Retry 1/2 after error: getaddrinfo ENOTFOUND www.cheapsupps.co.nz
[2026-04-28T22:07:21.788Z]   Retry 2/2 after error: getaddrinfo ENOTFOUND www.cheapsupps.co.nz
[2026-04-28T22:07:25.802Z]   ERROR on page 3 (attempt 3/3): getaddrinfo ENOTFOUND www.cheapsupps.co.nz
[2026-04-28T22:07:25.802Z]   Stopping Cheap Supps after 3 consecutive page failures
[2026-04-28T22:07:25.803Z]   Found 0 supplement products from Cheap Supps (2 pages fetched)
[2026-04-28T22:07:27.311Z] Scraping Body and Fitness...
[2026-04-28T22:07:27.312Z]   Page 1...
[2026-04-28T22:07:27.319Z]   Retry 1/2 after error: getaddrinfo ENOTFOUND www.bodyandfitness.co.nz
[2026-04-28T22:07:29.333Z]   Retry 2/2 after error: getaddrinfo ENOTFOUND www.bodyandfitness.co.nz
[2026-04-28T22:07:33.339Z]   ERROR on page 1 (attempt 1/3): getaddrinfo ENOTFOUND www.bodyandfitness.co.nz
[2026-04-28T22:07:33.340Z]   Skipping page 1 and continuing to page 2...
[2026-04-28T22:07:35.346Z]   Page 2...
[2026-04-28T22:07:35.347Z]   Retry 1/2 after error: getaddrinfo ENOTFOUND www.bodyandfitness.co.nz
[2026-04-28T22:07:37.356Z]   Retry 2/2 after error: getaddrinfo ENOTFOUND www.bodyandfitness.co.nz
[2026-04-28T22:07:41.372Z]   ERROR on page 2 (attempt 2/3): getaddrinfo ENOTFOUND www.bodyandfitness.co.nz
[2026-04-28T22:07:41.373Z]   Skipping page 2 and continuing to page 3...
[2026-04-28T22:07:43.381Z]   Page 3...
[2026-04-28T22:07:43.383Z]   Retry 1/2 after error: getaddrinfo ENOTFOUND www.bodyandfitness.co.nz
[2026-04-28T22:07:45.399Z]   Retry 2/2 after error: getaddrinfo ENOTFOUND www.bodyandfitness.co.nz
[2026-04-28T22:07:49.408Z]   ERROR on page 3 (attempt 3/3): getaddrinfo ENOTFOUND www.bodyandfitness.co.nz
[2026-04-28T22:07:49.408Z]   Stopping Body and Fitness after 3 consecutive page failures
[2026-04-28T22:07:49.409Z]   Found 0 supplement products from Body and Fitness (2 pages fetched)
[2026-04-28T22:07:50.921Z] Scraping Maxum Nutrition...
[2026-04-28T22:07:50.921Z]   Page 1...
[2026-04-28T22:07:52.210Z]   Retry 1/2 after error: Parse error: Unexpected token '<', "<!DOCTYPE "... is not valid JSON
[2026-04-28T22:07:55.167Z]   Retry 2/2 after error: Parse error: Unexpected token '<', "<!DOCTYPE "... is not valid JSON
[2026-04-28T22:08:00.127Z]   ERROR on page 1 (attempt 1/3): Parse error: Unexpected token '<', "<!DOCTYPE "... is not valid JSON
[2026-04-28T22:08:00.127Z]   Skipping page 1 and continuing to page 2...
[2026-04-28T22:08:02.133Z]   Page 2...
[2026-04-28T22:08:03.120Z]   Retry 1/2 after error: Parse error: Unexpected token '<', "<!DOCTYPE "... is not valid JSON
[2026-04-28T22:08:06.083Z]   Retry 2/2 after error: Parse error: Unexpected token '<', "<!DOCTYPE "... is not valid JSON
[2026-04-28T22:08:11.055Z]   ERROR on page 2 (attempt 2/3): Parse error: Unexpected token '<', "<!DOCTYPE "... is not valid JSON
[2026-04-28T22:08:11.055Z]   Skipping page 2 and continuing to page 3...
[2026-04-28T22:08:13.057Z]   Page 3...
[2026-04-28T22:08:14.084Z]   Retry 1/2 after error: Parse error: Unexpected token '<', "<!DOCTYPE "... is not valid JSON
[2026-04-28T22:08:17.032Z]   Retry 2/2 after error: Parse error: Unexpected token '<', "<!DOCTYPE "... is not valid JSON
[2026-04-28T22:08:22.000Z]   ERROR on page 3 (attempt 3/3): Parse error: Unexpected token '<', "<!DOCTYPE "... is not valid JSON
[2026-04-28T22:08:22.000Z]   Stopping Maxum Nutrition after 3 consecutive page failures
[2026-04-28T22:08:22.001Z]   Found 0 supplement products from Maxum Nutrition (2 pages fetched)
[2026-04-28T22:08:23.517Z] Scraping Xplosiv (Magento)...
[2026-04-28T22:08:30.553Z]   Found 0 products from Xplosiv
[2026-04-28T22:08:32.065Z] Scraping Sprint Fit (custom platform)...
[2026-04-28T22:08:35.222Z]   Found 0 products from Sprint Fit
[2026-04-28T22:08:36.732Z] Scraping Payless Supplements (custom platform)...
[2026-04-28T22:08:42.300Z]   Payless Supplements category fat-burners error: Invalid URL
[2026-04-28T22:08:43.478Z]   Found 0 products from Payless Supplements
[2026-04-28T22:08:44.980Z] Scraping GNC NZ (custom platform)...
[2026-04-28T22:08:50.357Z]   Found 0 products from GNC NZ
[2026-04-28T22:08:50.466Z] 
[2026-04-28T22:08:50.466Z] === Scrape complete ===
[2026-04-28T22:08:50.467Z] Total products: 4239
[2026-04-28T22:08:50.467Z] 
[2026-04-28T22:08:50.467Z] By retailer:
[2026-04-28T22:08:50.467Z]   NZ Muscle                 477 products
[2026-04-28T22:08:50.468Z]   Sportsfuel                2161 products
[2026-04-28T22:08:50.468Z]   Scorpion Supplements      58 products
[2026-04-28T22:08:50.468Z]   ASN Online                201 products
[2026-04-28T22:08:50.469Z]   Supplement Solutions      74 products
[2026-04-28T22:08:50.469Z]   Raisey's                  31 products
[2026-04-28T22:08:50.469Z]   Nutrition Warehouse       698 products
[2026-04-28T22:08:50.470Z]   Elite Supps               539 products
[2026-04-28T22:08:50.470Z]   Cheap Supps               0 products
[2026-04-28T22:08:50.470Z]   Body and Fitness          0 products
[2026-04-28T22:08:50.470Z]   Maxum Nutrition           0 products
[2026-04-28T22:08:50.471Z]   Xplosiv                   0 products
[2026-04-28T22:08:50.471Z]   Sprint Fit                0 products
[2026-04-28T22:08:50.471Z]   Payless Supplements       0 products
[2026-04-28T22:08:50.472Z]   GNC NZ                    0 products
[2026-04-28T22:08:50.472Z] 
[2026-04-28T22:08:50.472Z] By category:
[2026-04-28T22:08:50.473Z]   protein         1881
[2026-04-28T22:08:50.473Z]   creatine        451
[2026-04-28T22:08:50.473Z]   preworkout      757
[2026-04-28T22:08:50.473Z]   fatburner       598
[2026-04-28T22:08:50.474Z]   bcaa            552
[2026-04-28T22:08:50.474Z] 
Output: C:\Users\rapha\scoopscore\data\products.json
[2026-04-29T04:27:42.881Z] === ScoopScore scrape started ===
[2026-04-29T04:27:42.884Z] Retailers: NZ Muscle, Sportsfuel, Scorpion Supplements, ASN Online, Supplement Solutions, Raisey's, Elite Supplements, BodyStrong, Chemist Warehouse, Bargain Chemist + Xplosiv + Sprint Fit + Payless Supplements + GNC NZ + Nutrition Warehouse
[2026-04-29T04:27:42.936Z] Loaded 4239 existing products (preserving price history)
[2026-04-29T04:27:42.936Z] Scraping NZ Muscle...
[2026-04-29T04:27:42.937Z]   Page 1...
[2026-04-29T04:27:43.418Z]   [SKIPPED - not supplement] "GAT Sport Essential Cyclic Dextrin" | product_type: "(blank)"
[2026-04-29T04:27:43.419Z]   [SKIPPED - not supplement] "NZ Muscle Motion Leggings" | product_type: "(blank)"
[2026-04-29T04:27:43.419Z]   [SKIPPED - not supplement] "NZ Muscle Motion Shorts" | product_type: "(blank)"
[2026-04-29T04:27:43.420Z]   [SKIPPED - not supplement] "Livepro Lifting Chain 10Kg" | product_type: "(blank)"
[2026-04-29T04:27:43.420Z]   [SKIPPED - not supplement] "Livepro Mid Grip Handle" | product_type: "(blank)"
[2026-04-29T04:27:43.421Z]   [SKIPPED - no category] "C4 Energy + Amino" | product_type: "(blank)" | tags: 
[2026-04-29T04:27:43.421Z]   [SKIPPED - not supplement] "Musashi Shred Energy 355ml" | product_type: "(blank)"
[2026-04-29T04:27:43.422Z]   [SKIPPED - not supplement] "Rechargeable Hand Mixer" | product_type: "(blank)"
[2026-04-29T04:27:43.422Z]   [SKIPPED - no category] "TriggerPoint MobiPoint Massage Ball" | product_type: "(blank)" | tags: yoga / rollers
[2026-04-29T04:27:43.422Z]   [SKIPPED - no category] "TriggerPoint MB1 Massage Ball" | product_type: "(blank)" | tags: yoga / rollers
[2026-04-29T04:27:43.423Z]   [SKIPPED - not supplement] "Olympic Spring Collars - pair" | product_type: "(blank)"
[2026-04-29T04:27:43.423Z]   [SKIPPED - not supplement] "Medium Wide Grip Handle" | product_type: "(blank)"
[2026-04-29T04:27:43.423Z]   [SKIPPED - not supplement] "JNX Sports Gym Towel" | product_type: "(blank)"
[2026-04-29T04:27:43.424Z]   [SKIPPED - not supplement] "JNX Sports Air Freshener" | product_type: "(blank)"
[2026-04-29T04:27:43.424Z]   [SKIPPED - not supplement] "Healtheries Fish Oil 1500mg 150 Capsules" | product_type: "(blank)"
[2026-04-29T04:27:43.427Z]   [SKIPPED - not supplement] "NZ Muscle Rise Leggings" | product_type: "(blank)"
[2026-04-29T04:27:43.428Z]   [SKIPPED - not supplement] "NZ Muscle Rise Shorts" | product_type: "(blank)"
[2026-04-29T04:27:43.428Z]   [SKIPPED - not supplement] "NZ Muscle Elevate Shorts" | product_type: "(blank)"
[2026-04-29T04:27:43.936Z]   Page 2...
[2026-04-29T04:27:44.391Z]   [SKIPPED - not supplement] "Switch Ultra Fish Oil Caps" | product_type: "(blank)"
[2026-04-29T04:27:44.392Z]   [SKIPPED - not supplement] "Nutra-Life Fish Oil One-A-Day" | product_type: "(blank)"
[2026-04-29T04:27:44.392Z]   [SKIPPED - not supplement] "Musashi Shred Chewables 54 Tablets" | product_type: "(blank)"
[2026-04-29T04:27:44.393Z]   [SKIPPED - no category] "Bundle with Optimum Nutrition Amino Energy" | product_type: "(blank)" | tags: 
[2026-04-29T04:27:44.394Z]   [SKIPPED - not supplement] "SKLZ Grip Strength Trainer" | product_type: "(blank)"
[2026-04-29T04:27:44.394Z]   [SKIPPED - not supplement] "Pulldown attachments - 5 piece set" | product_type: "(blank)"
[2026-04-29T04:27:44.395Z]   [SKIPPED - not supplement] "LiveUp Sports Adjustable Handgrip" | product_type: "(blank)"
[2026-04-29T04:27:44.396Z]   [SKIPPED - not supplement] "Livepro Wide Grip Handle" | product_type: "(blank)"
[2026-04-29T04:27:44.396Z]   [SKIPPED - no category] "LivePro Targeted Massage Ball" | product_type: "(blank)" | tags: yoga / rollers
[2026-04-29T04:27:44.396Z]   [SKIPPED - not supplement] "LivePro T-Bar Row Handle" | product_type: "(blank)"
[2026-04-29T04:27:44.397Z]   [SKIPPED - not supplement] "LivePro Strap Handle Pro" | product_type: "(blank)"
[2026-04-29T04:27:44.397Z]   [SKIPPED - not supplement] "LivePro Sports Pull Rope" | product_type: "(blank)"
[2026-04-29T04:27:44.397Z]   [SKIPPED - not supplement] "LivePro Single Cable Handle" | product_type: "(blank)"
[2026-04-29T04:27:44.398Z]   [SKIPPED - not supplement] "LivePro Home Training Cables" | product_type: "(blank)"
[2026-04-29T04:27:44.398Z]   [SKIPPED - not supplement] "Healtheries Fish Oil 1000mg - 200 Capsules" | product_type: "(blank)"
[2026-04-29T04:27:44.398Z]   [SKIPPED - not supplement] "Harbinger Chalk Ball" | product_type: "(blank)"
[2026-04-29T04:27:44.908Z]   Page 3...
[2026-04-29T04:27:45.629Z]   [SKIPPED - not supplement] "NZ Muscle Waist Trainer" | product_type: "(blank)"
[2026-04-29T04:27:45.630Z]   [SKIPPED - not supplement] "Status Air Freshener" | product_type: "(blank)"
[2026-04-29T04:27:46.140Z]   Page 4...
[2026-04-29T04:27:46.575Z]   [SKIPPED - not supplement] "NZ Muscle Sports Shorts" | product_type: "(blank)"
[2026-04-29T04:27:46.576Z]   [SKIPPED - not supplement] "NZ Muscle Elevate Leggings" | product_type: "(blank)"
[2026-04-29T04:27:46.576Z]   [SKIPPED - no category] "Bundle with NZ Muscle Mass" | product_type: "(blank)" | tags: 
[2026-04-29T04:27:46.577Z]   [SKIPPED - not supplement] "Switch Nutrition Essential Carbs" | product_type: "(blank)"
[2026-04-29T04:27:46.577Z]   [SKIPPED - not supplement] "ShakeSphere Magnetic Pill Storage - Two Layers" | product_type: "(blank)"
[2026-04-29T04:27:46.577Z]   [SKIPPED - not supplement] "ShakeSphere Magnetic Pill Storage - One Layer" | product_type: "(blank)"
[2026-04-29T04:27:46.578Z]   [SKIPPED - not supplement] "Post Landmine" | product_type: "(blank)"
[2026-04-29T04:27:46.578Z]   [SKIPPED - not supplement] "NZ Muscle ICE Bucket" | product_type: "(blank)"
[2026-04-29T04:27:46.578Z]   [SKIPPED - not supplement] "NZ Muscle Funnel" | product_type: "(blank)"
[2026-04-29T04:27:46.579Z]   [SKIPPED - not supplement] "NZ Muscle Beach Ball" | product_type: "(blank)"
[2026-04-29T04:27:46.579Z]   [SKIPPED - not supplement] "LiveUp Sports Home Pull Up Bar 80-120cm" | product_type: "(blank)"
[2026-04-29T04:27:46.579Z]   [SKIPPED - not supplement] "LiveUp Sports Home Pull Up Bar 63-96cm" | product_type: "(blank)"
[2026-04-29T04:27:46.580Z]   [SKIPPED - not supplement] "LiveUp Sports Gymnastic Rings" | product_type: "(blank)"
[2026-04-29T04:27:46.580Z]   [SKIPPED - not supplement] "LivePro Single Row Handle" | product_type: "(blank)"
[2026-04-29T04:27:46.580Z]   [SKIPPED - not supplement] "LivePro Handle Grip" | product_type: "(blank)"
[2026-04-29T04:27:46.580Z]   [SKIPPED - not supplement] "LivePro Gym Chalk Bag" | product_type: "(blank)"
[2026-04-29T04:27:46.581Z]   [SKIPPED - not supplement] "LivePro Barbell Collars" | product_type: "(blank)"
[2026-04-29T04:27:46.581Z]   [SKIPPED - not supplement] "GO Healthy Fish Oil 2,000mg Compact Odourless 230 Capsules" | product_type: "(blank)"
[2026-04-29T04:27:46.581Z]   [SKIPPED - not supplement] "GO Healthy Fish Oil 1500mg 210 Capsules" | product_type: "(blank)"
[2026-04-29T04:27:46.582Z]   [SKIPPED - not supplement] "Get Raw Nutrition Intra Workout - Lemon & Lime" | product_type: "(blank)"
[2026-04-29T04:27:47.089Z]   Page 5...
[2026-04-29T04:27:47.815Z]   [SKIPPED - not supplement] "LivePro Hand Grip" | product_type: "(blank)"
[2026-04-29T04:27:47.816Z]   [SKIPPED - not supplement] "NZ Muscle Air Freshener" | product_type: "(blank)"
[2026-04-29T04:27:48.330Z]   Page 6...
[2026-04-29T04:27:48.911Z]   [SKIPPED - not supplement] "NZ Muscle Small Gym Towel 33x55cm" | product_type: "(blank)"
[2026-04-29T04:27:48.912Z]   [SKIPPED - not supplement] "NZ Muscle Large Gym Towel 130x65cm" | product_type: "(blank)"
[2026-04-29T04:27:48.912Z]   [SKIPPED - not supplement] "NZ Muscle Comfort Shorts" | product_type: "(blank)"
[2026-04-29T04:27:48.912Z]   [SKIPPED - not supplement] "LCD Massage Gun - 6 Heads" | product_type: "(blank)"
[2026-04-29T04:27:48.913Z]   [SKIPPED - no category] "MyProtein FlavDrops" | product_type: "(blank)" | tags: 
[2026-04-29T04:27:48.914Z]   [SKIPPED - not supplement] "Status Zip Shorts" | product_type: "(blank)"
[2026-04-29T04:27:48.914Z]   Found 684 supplement products from NZ Muscle (6 pages fetched)
[2026-04-29T04:27:50.414Z] Scraping Sportsfuel...
[2026-04-29T04:27:50.415Z]   Page 1...
[2026-04-29T04:27:51.311Z]   [SKIPPED - not supplement] "Switch Nutrition Chaga Double Strength Liquid Mushroom Extract" | product_type: "Immunity"
[2026-04-29T04:27:51.313Z]   [SKIPPED - not supplement] "Pillar Performance Iron Advanced + C Caps" | product_type: "General Health"
[2026-04-29T04:27:51.313Z]   [SKIPPED - not supplement] "Go Healthy Metabolic Health Support Caps" | product_type: "General Health"
[2026-04-29T04:27:51.314Z]   [SKIPPED - not supplement] "Maurten Drink Bottle 500ml *Gift*" | product_type: "Accessories"
[2026-04-29T04:27:51.314Z]   [SKIPPED - not supplement] "Good Health Turmeric Extra Strength Caps" | product_type: "General Health"
[2026-04-29T04:27:51.318Z]   [SKIPPED - not supplement] "SleepDrops Ultra Inflameze Caps" | product_type: "Sleep Aids"
[2026-04-29T04:27:51.318Z]   [SKIPPED - not supplement] "SleepDrops Menzzz" | product_type: "Sleep Aids"
[2026-04-29T04:27:51.319Z]   [SKIPPED - not supplement] "SleepDrops for Adults" | product_type: "Sleep Aids"
[2026-04-29T04:27:51.319Z]   [SKIPPED - not supplement] "Maurten Drink Bottle 500ml" | product_type: "Accessories"
[2026-04-29T04:27:51.320Z]   [SKIPPED - not supplement] "OneLife Daily Longevity Blend Powder" | product_type: "General Health"
[2026-04-29T04:27:51.321Z]   [SKIPPED - not supplement] "Go Healthy Pro Dream Sleep Caps" | product_type: "Sleep Aids"
[2026-04-29T04:27:51.324Z]   [SKIPPED - not supplement] "The Brothers Green Bio-active Sleep Drops" | product_type: "Sleep Aids"
[2026-04-29T04:27:51.325Z]   [SKIPPED - not supplement] "Lifestream New Zealand Astaxanthin Caps" | product_type: "General Health"
[2026-04-29T04:27:51.325Z]   [SKIPPED - not supplement] "FuelR Isotonic Energy Gel" | product_type: "Energy & Endurance"
[2026-04-29T04:27:51.327Z]   [SKIPPED - not supplement] "Evva NMN Radiance Powder" | product_type: "General Health"
[2026-04-29T04:27:51.327Z]   [SKIPPED - not supplement] "X50 Pure Organic Broccoli Sprouts Caps" | product_type: "General Health"
[2026-04-29T04:27:51.328Z]   [SKIPPED - not supplement] "MyPause Health Sleep Assist Caps" | product_type: "Sleep Aids"
[2026-04-29T04:27:51.329Z]   [SKIPPED - not supplement] "Zombie Labs Mouth Tape" | product_type: "Sleep Aids"
[2026-04-29T04:27:51.329Z]   [SKIPPED - not supplement] "Switch Nutrition Tudca Caps" | product_type: "General Health"
[2026-04-29T04:27:51.330Z]   [SKIPPED - not supplement] "Pack Nutrition Elementals NMN Caps" | product_type: "General Health"
[2026-04-29T04:27:51.331Z]   [SKIPPED - not supplement] "Nexus Easy Sleep Powder" | product_type: "Sleep Aids"
[2026-04-29T04:27:51.331Z]   [SKIPPED - not supplement] "Harbinger Liquid Chalk" | product_type: "Workout Equipment"
[2026-04-29T04:27:51.332Z]   [SKIPPED - not supplement] "Pack Nutrition Elementals Shilajit 40% Fulvic Acid Caps" | product_type: "General Health"
[2026-04-29T04:27:51.332Z]   [SKIPPED - not supplement] "MitoQ +Liver Metabolism Antioxidant Capsules" | product_type: "General Health"
[2026-04-29T04:27:51.333Z]   [SKIPPED - not supplement] "SmartShake Bohtal Insulated Travel Mug 600ml" | product_type: "Water Bottles"
[2026-04-29T04:27:51.333Z]   [SKIPPED - not supplement] "SmartShake Bohtal Insulated Tumbler 750ml" | product_type: "Water Bottles"
[2026-04-29T04:27:51.333Z]   [SKIPPED - not supplement] "SmartShake Bohtal Insulated Sports Bottle 960ml" | product_type: "Water Bottles"
[2026-04-29T04:27:51.334Z]   [SKIPPED - not supplement] "Secret Santa Bundle" | product_type: "Accessories"
[2026-04-29T04:27:51.335Z]   [SKIPPED - not supplement] "Muscle Recovery Bundle" | product_type: "Recovery"
[2026-04-29T04:27:51.335Z]   [SKIPPED - not supplement] "SIS Rego Cherry Juice Concentrate Sachets" | product_type: "Recovery"
[2026-04-29T04:27:51.336Z]   [SKIPPED - not supplement] "SIS Rest+ Juice Drink Mix" | product_type: "Sleep Aids"
[2026-04-29T04:27:51.851Z]   Page 2...
[2026-04-29T04:27:52.723Z]   [SKIPPED - not supplement] "Precision Fuel PF 30 Chew Bar" | product_type: "Energy & Endurance"
[2026-04-29T04:27:52.723Z]   [SKIPPED - not supplement] "Precision Fuel PF 60 Chew Bar" | product_type: "Energy & Endurance"
[2026-04-29T04:27:52.724Z]   [SKIPPED - not supplement] "Precision Fuel PF Carb Only Drink Mix" | product_type: "Energy & Endurance"
[2026-04-29T04:27:52.724Z]   [SKIPPED - not supplement] "Precision Fuel PF 300 Flow Gel" | product_type: "Energy & Endurance"
[2026-04-29T04:27:52.725Z]   [SKIPPED - not supplement] "Precision Fuel PF 90 Gel" | product_type: "Energy & Endurance"
[2026-04-29T04:27:52.725Z]   [SKIPPED - not supplement] "Precision Fuel PF 30 Gel" | product_type: "Energy & Endurance"
[2026-04-29T04:27:52.726Z]   [SKIPPED - not supplement] "Harbinger Pro Elbow Sleeves 4mm" | product_type: "Workout Equipment"
[2026-04-29T04:27:52.726Z]   [SKIPPED - not supplement] "Harbinger Pro Lifting Grips" | product_type: "Workout Equipment"
[2026-04-29T04:27:52.727Z]   [SKIPPED - not supplement] "Vitalze KnotAway Cream" | product_type: "Recovery"
[2026-04-29T04:27:52.727Z]   [SKIPPED - not supplement] "Vitalize Chill Restore Cream" | product_type: "Recovery"
[2026-04-29T04:27:52.728Z]   [SKIPPED - not supplement] "He Deep Sleep Caps" | product_type: "Sleep Aids"
[2026-04-29T04:27:52.729Z]   [SKIPPED - not supplement] "Zombie Labs Carbs" | product_type: "Energy & Endurance"
[2026-04-29T04:27:52.730Z]   [SKIPPED - not supplement] "Sportsfuel Air Freshener" | product_type: "Accessories"
[2026-04-29T04:27:52.731Z]   [SKIPPED - no category] "1x Rule 1 Mass Sample Sachet (Random Flavour) *Gift*" | product_type: "(blank)" | tags: algolia-ignore,incoming,location-17947492419-instock,location-20189478979-outofstock,location-20853096515-outofstock
[2026-04-29T04:27:52.731Z]   [SKIPPED - no category] "1x Rule 1 Essential Amino 9 Sample (Random Flavour) *Gift*" | product_type: "(blank)" | tags: algolia-ignore,location-17947492419-instock,location-20189478979-outofstock,location-20853096515-outofstock,location-35711352899-outofstock
[2026-04-29T04:27:52.732Z]   [SKIPPED - not supplement] "SKLZ Fitness Trainer Mat" | product_type: "Workout Equipment"
[2026-04-29T04:27:52.734Z]   [SKIPPED - not supplement] "Go Healthy Go Milk Thistle 50,000" | product_type: "General Health"
[2026-04-29T04:27:52.737Z]   [SKIPPED - not supplement] "Harbinger Big Grip Pro Lifting Straps" | product_type: "Workout Equipment"
[2026-04-29T04:27:52.737Z]   [SKIPPED - not supplement] "Harbinger Women's Pro Glove 3.0" | product_type: "Workout Equipment"
[2026-04-29T04:27:53.240Z]   Page 3...
[2026-04-29T04:27:54.196Z]   [SKIPPED - not supplement] "Harbinger Women's Power Glove 3.0" | product_type: "Workout Equipment"
[2026-04-29T04:27:54.197Z]   [SKIPPED - not supplement] "Harbinger Pro Wristwrap Glove 3.0" | product_type: "Workout Equipment"
[2026-04-29T04:27:54.197Z]   [SKIPPED - not supplement] "Harbinger Men's Pro Glove 3.0" | product_type: "Workout Equipment"
[2026-04-29T04:27:54.198Z]   [SKIPPED - not supplement] "Harbinger Men's Power Glove 3.0" | product_type: "Workout Equipment"
[2026-04-29T04:27:54.198Z]   [SKIPPED - not supplement] "Nexus Sports Nutrition Shilajit Caps" | product_type: "General Health"
[2026-04-29T04:27:54.198Z]   [SKIPPED - not supplement] "Nexus Sports Nutrition NMN Caps" | product_type: "General Health"
[2026-04-29T04:27:54.199Z]   [SKIPPED - not supplement] "Sportsfuel Sticker" | product_type: "Accessories"
[2026-04-29T04:27:54.199Z]   [SKIPPED - not supplement] "Switch Nutrition Pain Relief+ Caps" | product_type: "General Health"
[2026-04-29T04:27:54.199Z]   [SKIPPED - not supplement] "Mitchells Nutrition Beef Heart Capsules" | product_type: "General Health"
[2026-04-29T04:27:54.200Z]   [SKIPPED - not supplement] "MusclePharm Fish Oil Caps" | product_type: "Fish Oil & Healthy Fats"
[2026-04-29T04:27:54.200Z]   [SKIPPED - not supplement] "Savvy Touch Rocket Fuel For Kids" | product_type: "General Health"
[2026-04-29T04:27:54.200Z]   [SKIPPED - not supplement] "MitoQ Adrenal +Balance Antioxidant Capsules" | product_type: "General Health"
[2026-04-29T04:27:54.200Z]   [SKIPPED - not supplement] "MitoQ +Joint Antioxidant Capsules" | product_type: "General Health"
[2026-04-29T04:27:54.201Z]   [SKIPPED - not supplement] "MitoQ +Brain Antioxidant Capsules" | product_type: "General Health"
[2026-04-29T04:27:54.201Z]   [SKIPPED - not supplement] "MitoQ +Eye Antioxidant Capsules" | product_type: "General Health"
[2026-04-29T04:27:54.201Z]   [SKIPPED - not supplement] "MitoQ +Curcumin Antioxidant Capsules" | product_type: "General Health"
[2026-04-29T04:27:54.201Z]   [SKIPPED - not supplement] "MitoQ +Liver Antioxidant Capsules" | product_type: "General Health"
[2026-04-29T04:27:54.202Z]   [SKIPPED - not supplement] "Elite Speed Rope with Gift Box" | product_type: "Accessories"
[2026-04-29T04:27:54.202Z]   [SKIPPED - not supplement] "MitoQ +Blood Sugar Antioxidant Capsules" | product_type: "General Health"
[2026-04-29T04:27:54.203Z]   [SKIPPED - not supplement] "MitoQ Pure Antioxidant Capsules" | product_type: "General Health"
[2026-04-29T04:27:54.203Z]   [SKIPPED - not supplement] "Applied Nutrition Turk-X" | product_type: "Recovery"
[2026-04-29T04:27:54.204Z]   [SKIPPED - not supplement] "Applied Nutrition Mushroom Superblend" | product_type: "General Health"
[2026-04-29T04:27:54.204Z]   [SKIPPED - not supplement] "Applied Nutrition HMB 500mg" | product_type: "Recovery"
[2026-04-29T04:27:54.204Z]   [SKIPPED - not supplement] "Applied Nutrition Carb-X Carbohydrates 1.2kg" | product_type: "Energy & Endurance"
[2026-04-29T04:27:54.205Z]   [SKIPPED - not supplement] "CurraNZ New Zealand Blackcurrant Extract Caps" | product_type: "General Health"
[2026-04-29T04:27:54.206Z]   [SKIPPED - not supplement] "Zombie Labs Tudca Capsules" | product_type: "General Health"
[2026-04-29T04:27:54.206Z]   [SKIPPED - not supplement] "BePure Sleep & Mood" | product_type: "Sleep Aids"
[2026-04-29T04:27:54.207Z]   [SKIPPED - not supplement] "Switch Nutrition Hair + Skin Caps" | product_type: "General Health"
[2026-04-29T04:27:54.208Z]   [SKIPPED - not supplement] "High 5 Energy Bar" | product_type: "Energy & Endurance"
[2026-04-29T04:27:54.209Z]   [SKIPPED - not supplement] "Applied Nutrition Breathe Isotonic Energy Gels" | product_type: "Energy & Endurance"
[2026-04-29T04:27:54.209Z]   [SKIPPED - not supplement] "Applied Nutrition Isotonic Energy Gels" | product_type: "Energy & Endurance"
[2026-04-29T04:27:54.210Z]   [SKIPPED - not supplement] "Harker Herbals Sinus Clear Syrup" | product_type: "Immunity"
[2026-04-29T04:27:54.210Z]   [SKIPPED - not supplement] "Harker Herbals Sleep Well Syrup" | product_type: "Sleep Aids"
[2026-04-29T04:27:54.211Z]   [SKIPPED - not supplement] "Harker Herbals Bronchial Clear Syrup" | product_type: "Immunity"
[2026-04-29T04:27:54.211Z]   [SKIPPED - not supplement] "Harker Herbals Immune + Energy Syrup" | product_type: "Immunity"
[2026-04-29T04:27:54.212Z]   [SKIPPED - not supplement] "Sobear Liver Support Gummies" | product_type: "General Health"
[2026-04-29T04:27:54.213Z]   [SKIPPED - not supplement] "Switch Nutrition Moringa Powder" | product_type: "General Health"
[2026-04-29T04:27:54.213Z]   [SKIPPED - not supplement] "BioTrace Bio Iodine Plus" | product_type: "General Health"
[2026-04-29T04:27:54.214Z]   [SKIPPED - not supplement] "Go Healthy Capsimax 1-A-Day Caps" | product_type: "General Health"
[2026-04-29T04:27:54.214Z]   [SKIPPED - not supplement] "Harker Herbals Intestinal Cleanse Syrup" | product_type: "General Health"
[2026-04-29T04:27:54.215Z]   [SKIPPED - not supplement] "Rocktape H2O Tape (5cm X 5m)" | product_type: "Workout Equipment"
[2026-04-29T04:27:54.215Z]   [SKIPPED - not supplement] "Good Health Turmeric 15800 Complex Caps" | product_type: "General Health"
[2026-04-29T04:27:54.216Z]   [SKIPPED - not supplement] "Good Health B Activated B12 Tablets" | product_type: "General Health"
[2026-04-29T04:27:54.216Z]   [SKIPPED - not supplement] "Good Health Viralex Caps" | product_type: "Immunity"
[2026-04-29T04:27:54.217Z]   [SKIPPED - not supplement] "Good Health Viralex Attack Caps" | product_type: "Immunity"
[2026-04-29T04:27:54.217Z]   [SKIPPED - not supplement] "Eve Wellness A Juicy Dose of Iron Caps" | product_type: "General Health"
[2026-04-29T04:27:54.218Z]   [SKIPPED - not supplement] "Life Cykel Shilajit Pure Resin" | product_type: "General Health"
[2026-04-29T04:27:54.218Z]   [SKIPPED - not supplement] "Switch Nutrition Tart Cherry (Montmorency) Extract (50:1)" | product_type: "General Health"
[2026-04-29T04:27:54.218Z]   [SKIPPED - not supplement] "MuscleSport Tudca Caps" | product_type: "General Health"
[2026-04-29T04:27:54.219Z]   [SKIPPED - not supplement] "Switch Nutrition Sleep+ Caps" | product_type: "Sleep Aids"
[2026-04-29T04:27:54.219Z]   [SKIPPED - not supplement] "PURE Performance + Race Ready Anthocyanins Caps" | product_type: "General Health"
[2026-04-29T04:27:54.221Z]   [SKIPPED - not supplement] "BePure Skin Rescue" | product_type: "General Health"
[2026-04-29T04:27:54.223Z]   [SKIPPED - not supplement] "Lifestream Milk Thistle Detox+" | product_type: "General Health"
[2026-04-29T04:27:54.733Z]   Page 4...
[2026-04-29T04:27:55.545Z]   [SKIPPED - not supplement] "USN Rice Cream Complex" | product_type: "Energy & Endurance"
[2026-04-29T04:27:55.547Z]   [SKIPPED - no category] "Rule 1 Energized Amino" | product_type: "Energy & Endurance" | tags: C-Grade,incoming,informed choice,location-17947492419-instock,location-20189478979-outofstock
[2026-04-29T04:27:55.548Z]   [SKIPPED - not supplement] "Nature's Way Adult Vita Gummies Sleep Plus 90s" | product_type: "Sleep Aids"
[2026-04-29T04:27:55.549Z]   [SKIPPED - not supplement] "Nature's Way Adult Vita Gummies Hair, Skin & Nails 60s" | product_type: "General Health"
[2026-04-29T04:27:55.550Z]   [SKIPPED - not supplement] "Health By Habit Immune Defence Caps" | product_type: "General Health"
[2026-04-29T04:27:55.550Z]   [SKIPPED - not supplement] "Health By Habit Energy Caps" | product_type: "General Health"
[2026-04-29T04:27:55.551Z]   [SKIPPED - not supplement] "Health By Habit Super Skin Caps" | product_type: "General Health"
[2026-04-29T04:27:55.551Z]   [SKIPPED - not supplement] "Health By Habit Mens Multi Caps" | product_type: "General Health"
[2026-04-29T04:27:55.552Z]   [SKIPPED - not supplement] "h2go Pure Water Sipper Bottle Drink 825ml" | product_type: "General Health"
[2026-04-29T04:27:55.555Z]   [SKIPPED - not supplement] "Health By Habit Turmeric 10,000mg 120 Caps" | product_type: "General Health"
[2026-04-29T04:27:55.555Z]   [SKIPPED - not supplement] "Health By Habit Sleep Caps" | product_type: "Sleep Aids"
[2026-04-29T04:27:55.556Z]   [SKIPPED - not supplement] "Musashi Sleep Recovery" | product_type: "General Health"
[2026-04-29T04:27:55.556Z]   [SKIPPED - not supplement] "Mitchells Nutrition Beef Tallow" | product_type: "General Health"
[2026-04-29T04:27:55.557Z]   [SKIPPED - not supplement] "Sportsfuel Unisex Bucket Hat" | product_type: "Accessories"
[2026-04-29T04:27:55.557Z]   [SKIPPED - not supplement] "Sportsfuel "Unleash Your Potential" Cotton Tote Bag" | product_type: "Accessories"
[2026-04-29T04:27:55.558Z]   [SKIPPED - not supplement] "Switch Nutrition Sleep+ Powder" | product_type: "Sleep Aids"
[2026-04-29T04:27:55.558Z]   [SKIPPED - not supplement] "Chief Organic Beef Liver, Heart & Kidney Immunity Boost Caps" | product_type: "General Health"
[2026-04-29T04:27:55.559Z]   [SKIPPED - not supplement] "Chief Organic Beef Liver Energy Boost Caps" | product_type: "General Health"
[2026-04-29T04:27:55.559Z]   [SKIPPED - not supplement] "Switch Nutrition Sleep+ Nasal Strips" | product_type: "General Health"
[2026-04-29T04:27:55.560Z]   [SKIPPED - not supplement] "Switch Nutrition Sleep+ Mouth Tape" | product_type: "General Health"
[2026-04-29T04:27:55.560Z]   [SKIPPED - not supplement] "BioTrace Organic Lion's Mane Powder" | product_type: "General Health"
[2026-04-29T04:27:55.561Z]   [SKIPPED - not supplement] "Kill Cliff Recover - Single" | product_type: "Post-Workout"
[2026-04-29T04:27:55.562Z]   [SKIPPED - not supplement] "Paper Bag" | product_type: "Accessories"
[2026-04-29T04:27:55.563Z]   [SKIPPED - not supplement] "SKLZ Speed Chute" | product_type: "Accessories"
[2026-04-29T04:27:55.564Z]   [SKIPPED - not supplement] "SF Active Cushion Crew Socks - White - Large *Gift*" | product_type: "Clothing"
[2026-04-29T04:27:55.564Z]   [SKIPPED - not supplement] "Sportsfuel "Do More" Cotton Tote Bag *Gift*" | product_type: "Accessories"
[2026-04-29T04:27:55.565Z]   [SKIPPED - not supplement] "Goli Matcha Mind Gummies" | product_type: "General Health"
[2026-04-29T04:27:55.565Z]   [SKIPPED - not supplement] "Savvy Touch Rocket Fuel for Athletes - Informed Sport" | product_type: "General Health"
[2026-04-29T04:27:55.565Z]   [SKIPPED - not supplement] "Forest Finds Wellbeing Mushroom Tonic Refill Pack" | product_type: "General Health"
[2026-04-29T04:27:55.566Z]   [SKIPPED - not supplement] "Forest Finds PM Mushroom Tonic Refill Pack" | product_type: "General Health"
[2026-04-29T04:27:55.566Z]   [SKIPPED - not supplement] "Forest Finds AM Mushroom Tonic Refill Pack" | product_type: "General Health"
[2026-04-29T04:27:55.566Z]   [SKIPPED - not supplement] "Savvy Touch Rocket Fuel" | product_type: "General Health"
[2026-04-29T04:27:55.567Z]   [SKIPPED - not supplement] "Athletec ZMA 120 Caps Twin Pack" | product_type: "Recovery"
[2026-04-29T04:27:55.567Z]   [SKIPPED - not supplement] "Lifestream Circulate 5 Herbs Caps" | product_type: "General Health"
[2026-04-29T04:27:55.567Z]   [SKIPPED - not supplement] "Healtheries Easy Sleep Tablets" | product_type: "Sleep Aids"
[2026-04-29T04:27:55.567Z]   [SKIPPED - not supplement] "NutraLife Fish Oil One-A-Day Concentrated Odourless Caps" | product_type: "General Health"
[2026-04-29T04:27:56.078Z]   Page 5...
[2026-04-29T04:27:56.953Z]   [SKIPPED - not supplement] "Forest Finds Organic NZ Lion's Mane Powder" | product_type: "General Health"
[2026-04-29T04:27:56.955Z]   [SKIPPED - not supplement] "USN Anabolic Carb" | product_type: "Recovery"
[2026-04-29T04:27:56.956Z]   [SKIPPED - not supplement] "iSatori Bio-Gro" | product_type: "Post-Workout"
[2026-04-29T04:27:56.956Z]   [SKIPPED - not supplement] "Go Healthy Ginkgo 9,000+ Caps" | product_type: "General Health"
[2026-04-29T04:27:56.958Z]   [SKIPPED - not supplement] "Sting Figure 8 Lifting Strap" | product_type: "Workout Equipment"
[2026-04-29T04:27:56.959Z]   [SKIPPED - not supplement] "Applied Nutrition Berberine 1000mg" | product_type: "General Health"
[2026-04-29T04:27:56.960Z]   [SKIPPED - not supplement] "SF Active Cushion Crew Socks - 3 Pack" | product_type: "Clothing"
[2026-04-29T04:27:56.960Z]   [SKIPPED - not supplement] "SF Active Cushion Ankle Socks - 3 Pack" | product_type: "Clothing"
[2026-04-29T04:27:56.960Z]   [SKIPPED - not supplement] "Balega Blister Resist Socks - Quarter" | product_type: "Accessories"
[2026-04-29T04:27:56.960Z]   [SKIPPED - not supplement] "Balega Blister Resist Socks - Crew" | product_type: "Accessories"
[2026-04-29T04:27:56.961Z]   [SKIPPED - not supplement] "Pro-Life Moringa Caps" | product_type: "General Health"
[2026-04-29T04:27:56.961Z]   [SKIPPED - not supplement] "Forest Finds PM Mushroom Gummies" | product_type: "Sleep Aids"
[2026-04-29T04:27:56.962Z]   [SKIPPED - not supplement] "Forest Finds AM Mushroom Gummies" | product_type: "General Health"
[2026-04-29T04:27:56.963Z]   [SKIPPED - not supplement] "Harbinger Women's Pro Wristwrap Gloves 2.0" | product_type: "Workout Equipment"
[2026-04-29T04:27:56.963Z]   [SKIPPED - not supplement] "Harbinger Power Knee Wraps Black 72″" | product_type: "Workout Equipment"
[2026-04-29T04:27:56.963Z]   [SKIPPED - not supplement] "BioTrace Glutathione 250mg" | product_type: "General Health"
[2026-04-29T04:27:56.964Z]   [SKIPPED - not supplement] "SIS Go Energy Bake" | product_type: "Energy & Endurance"
[2026-04-29T04:27:56.964Z]   [SKIPPED - not supplement] "Mitchells Nutrition Beef Liver & Spleen Capsules Refill Pouch" | product_type: "General Health"
[2026-04-29T04:27:56.964Z]   [SKIPPED - not supplement] "Mitchells Nutrition Beef Liver Capsules Refill Pouch" | product_type: "General Health"
[2026-04-29T04:27:56.965Z]   [SKIPPED - not supplement] "Forest Finds Wellbeing Mushroom Tonic Single Serve Sachet" | product_type: "General Health"
[2026-04-29T04:27:56.965Z]   [SKIPPED - not supplement] "Forest Finds PM Mushroom Tonic Single Serve Sachet" | product_type: "General Health"
[2026-04-29T04:27:56.965Z]   [SKIPPED - not supplement] "Forest Finds AM Mushroom Tonic Single Serve Sachet" | product_type: "General Health"
[2026-04-29T04:27:56.966Z]   [SKIPPED - not supplement] "Mitchells Nutrition Stainless Steel Tea Strainer" | product_type: "Accessories"
[2026-04-29T04:27:56.966Z]   [SKIPPED - not supplement] "Mitchells Nutrition Digest Well Botanical Loose Tea Blend" | product_type: "General Health"
[2026-04-29T04:27:56.966Z]   [SKIPPED - not supplement] "Mitchells Nutrition Digest Soothe Botanical Loose Tea Blend" | product_type: "General Health"
[2026-04-29T04:27:56.967Z]   [SKIPPED - not supplement] "BioTrace Elemental Selenium Drops" | product_type: "General Health"
[2026-04-29T04:27:56.967Z]   [SKIPPED - not supplement] "BioTrace Elemental Boron Drops" | product_type: "General Health"
[2026-04-29T04:27:56.968Z]   [SKIPPED - not supplement] "Pro-Life Shilajit" | product_type: "General Health"
[2026-04-29T04:27:56.968Z]   [SKIPPED - not supplement] "Vitafit Psyllium 450 Caps" | product_type: "General Health"
[2026-04-29T04:27:56.969Z]   [SKIPPED - not supplement] "Vitafit Lemon & Honey Cold-Ez Lozenges 1kg" | product_type: "Immunity"
[2026-04-29T04:27:56.969Z]   [SKIPPED - not supplement] "Vitafit Hot Menthol Cold-Ez Lozenges 1kg" | product_type: "Immunity"
[2026-04-29T04:27:56.969Z]   [SKIPPED - not supplement] "Vitafit Haemoglobin Glandular" | product_type: "General Health"
[2026-04-29T04:27:56.970Z]   [SKIPPED - not supplement] "Vitafit Chlorophyll" | product_type: "General Health"
[2026-04-29T04:27:56.970Z]   [SKIPPED - not supplement] "Vitafit Selenium Advance" | product_type: "General Health"
[2026-04-29T04:27:56.971Z]   [SKIPPED - not supplement] "Switch Nutrition 100% Pure Organic Grass Fed Beef Liver" | product_type: "General Health"
[2026-04-29T04:27:56.971Z]   [SKIPPED - not supplement] "Switch Nutrition Resveratrol + Pterostilbene Powder" | product_type: "General Health"
[2026-04-29T04:27:56.971Z]   [SKIPPED - not supplement] "Switch Nutrition 100% Pure Quercetin" | product_type: "Immunity"
[2026-04-29T04:27:56.972Z]   [SKIPPED - not supplement] "H2 Hydrogen Water Bottle" | product_type: "Accessories"
[2026-04-29T04:27:56.973Z]   [SKIPPED - not supplement] "Sportsfuel Air Freshener (Random Scent) *Gift*" | product_type: "Accessories"
[2026-04-29T04:27:56.974Z]   [SKIPPED - not supplement] "Tropeaka Authentic Chai Powder" | product_type: "General Health"
[2026-04-29T04:27:57.482Z]   Page 6...
[2026-04-29T04:27:58.407Z]   [SKIPPED - not supplement] "GO Healthy Ashwagandha 8,000+ High Potency" | product_type: "General Health"
[2026-04-29T04:27:58.408Z]   [SKIPPED - not supplement] "GO Healthy Turmeric 30,000+ 1-A-Day" | product_type: "General Health"
[2026-04-29T04:27:58.408Z]   [SKIPPED - not supplement] "GO Healthy CoQ10 400mg 1-A-Day" | product_type: "General Health"
[2026-04-29T04:27:58.409Z]   [SKIPPED - not supplement] "Eve Wellness Unwind Latte with Blue Spirulina & Chamomile" | product_type: "General Health"
[2026-04-29T04:27:58.410Z]   [SKIPPED - not supplement] "Eve Wellness Functional Mushroom Latte" | product_type: "General Health"
[2026-04-29T04:27:58.410Z]   [SKIPPED - not supplement] "Eve Wellness Hot Choc with Ashwagandha" | product_type: "General Health"
[2026-04-29T04:27:58.410Z]   [SKIPPED - not supplement] "Eve Wellness Matcha Latte" | product_type: "General Health"
[2026-04-29T04:27:58.411Z]   [SKIPPED - not supplement] "Mutant Born Hardcore Mega Jug 2.6L *Gift*" | product_type: "Workout Equipment"
[2026-04-29T04:27:58.411Z]   [SKIPPED - not supplement] "Musashi Alpha Jug 2.4L *Gift*" | product_type: "Water Bottles"
[2026-04-29T04:27:58.412Z]   [SKIPPED - not supplement] "Nutura Wellness Mood + Focus CB2 Hemp Oil Drops" | product_type: "General Health"
[2026-04-29T04:27:58.412Z]   [SKIPPED - not supplement] "Nutura Wellness Calm + Sleep CB2 Hemp Oil Drops" | product_type: "General Health"
[2026-04-29T04:27:58.413Z]   [SKIPPED - not supplement] "Get Raw Intra Workout" | product_type: "Intra-Workout"
[2026-04-29T04:27:58.414Z]   [SKIPPED - not supplement] "Switch Nutrition 100% Pure Organic Golden Irish Sea Moss (10:1) 60 Caps" | product_type: "General Health"
[2026-04-29T04:27:58.414Z]   [SKIPPED - not supplement] "Sportsfuel Air Freshener *Gift*" | product_type: "Accessories"
[2026-04-29T04:27:58.414Z]   [SKIPPED - not supplement] "Sportsfuel Car Air Freshener" | product_type: "Accessories"
[2026-04-29T04:27:58.414Z]   [SKIPPED - not supplement] "Gaspari Proven Liver Dtox Caps" | product_type: "General Health"
[2026-04-29T04:27:58.415Z]   [SKIPPED - not supplement] "Go Healthy Pro Curcumin Active" | product_type: "General Health"
[2026-04-29T04:27:58.415Z]   [SKIPPED - not supplement] "Cellucor C4 Drink Bottle *Gift*" | product_type: "Accessories"
[2026-04-29T04:27:58.416Z]   [SKIPPED - not supplement] "Shakesphere Water Jug" | product_type: "Water Bottles"
[2026-04-29T04:27:58.416Z]   [SKIPPED - not supplement] "Shakesphere Tumbler Original No View 700ml" | product_type: "Water Bottles"
[2026-04-29T04:27:58.417Z]   [SKIPPED - not supplement] "Harker Herbals Celtic & NZ Sea Salt with Kelp" | product_type: "General Health"
[2026-04-29T04:27:58.417Z]   [SKIPPED - not supplement] "BePure Vit D Restore Capsules" | product_type: "General Health"
[2026-04-29T04:27:58.418Z]   [SKIPPED - not supplement] "Balance Sipper Bottle 700ml" | product_type: "Accessories"
[2026-04-29T04:27:58.418Z]   [SKIPPED - not supplement] "Switch Nutrition Quercetin Caps" | product_type: "General Health"
[2026-04-29T04:27:58.419Z]   [SKIPPED - not supplement] "Switch Nutrition Shilajit 8:1 Caps" | product_type: "General Health"
[2026-04-29T04:27:58.419Z]   [SKIPPED - not supplement] "Switch Nutrition HMB Caps" | product_type: "General Health"
[2026-04-29T04:27:58.419Z]   [SKIPPED - not supplement] "Pro-Life Resveratrol + Grape Seed & Red Wine 60 Caps" | product_type: "General Health"
[2026-04-29T04:27:58.420Z]   [SKIPPED - not supplement] "Harbinger 2″ Padded Ankle Cuff" | product_type: "Accessories"
[2026-04-29T04:27:58.420Z]   [SKIPPED - not supplement] "Switch Nutrition 100% Pure TMG (Trimethyglycine) Powder" | product_type: "General Health"
[2026-04-29T04:27:58.422Z]   [SKIPPED - not supplement] "JNX The Curse! Air Freshener *Gift*" | product_type: "Accessories"
[2026-04-29T04:27:58.423Z]   [SKIPPED - not supplement] "Zen Liniment Sports Roll-On 75ml" | product_type: "Recovery"
[2026-04-29T04:27:58.424Z]   [SKIPPED - not supplement] "Zen Herbal Liniment Spray 100mL" | product_type: "Recovery"
[2026-04-29T04:27:58.424Z]   [SKIPPED - not supplement] "Zen Herbal Liniment Gel 75g" | product_type: "Recovery"
[2026-04-29T04:27:58.425Z]   [SKIPPED - not supplement] "Omrub Organic Muscle Rub 24g *Gift*" | product_type: "General Health"
[2026-04-29T04:27:58.425Z]   [SKIPPED - not supplement] "Skratch Labs Energy Chews" | product_type: "Energy & Endurance"
[2026-04-29T04:27:58.426Z]   [SKIPPED - not supplement] "Forest Finds Wellbeing Mushroom Gummies" | product_type: "General Health"
[2026-04-29T04:27:58.427Z]   [SKIPPED - not supplement] "Clinicians Prospan Lozenges" | product_type: "General Health"
[2026-04-29T04:27:58.428Z]   [SKIPPED - not supplement] "Clinicians Prospan Bronchial Syrup" | product_type: "General Health"
[2026-04-29T04:27:58.428Z]   [SKIPPED - not supplement] "Switch Nutrition NMN Pure Nicotinamide Mononucleotide 60 Capsules" | product_type: "General Health"
[2026-04-29T04:27:58.429Z]   [SKIPPED - not supplement] "SiS Beta Fuel Energy Gels" | product_type: "Energy & Endurance"
[2026-04-29T04:27:58.429Z]   [SKIPPED - not supplement] "Sportsfuel Unleash Magnet *Gift*" | product_type: "Accessories"
[2026-04-29T04:27:58.430Z]   [SKIPPED - not supplement] "GO Healthy Pro Saffron Mood Capsules" | product_type: "General Health"
[2026-04-29T04:27:58.937Z]   Page 7...
[2026-04-29T04:27:59.611Z]   [SKIPPED - not supplement] "GO Healthy Pro Ashwagandha Sleep Capsules" | product_type: "Sleep Aids"
[2026-04-29T04:27:59.612Z]   [SKIPPED - not supplement] "Maurten Gel 160" | product_type: "Energy & Endurance"
[2026-04-29T04:27:59.612Z]   [SKIPPED - not supplement] "SIS Go Isotonic Gel Variety Pack" | product_type: "Energy & Endurance"
[2026-04-29T04:27:59.613Z]   [SKIPPED - not supplement] "Switch Nutrition Griffonia 5-HTP" | product_type: "General Health"
[2026-04-29T04:27:59.613Z]   [SKIPPED - not supplement] "Switch Nutrition N-Acetyl L-Cysteine (NAC) Capsules" | product_type: "General Health"
[2026-04-29T04:27:59.613Z]   [SKIPPED - not supplement] "SiS Beta Fuel Energy Chew" | product_type: "Energy & Endurance"
[2026-04-29T04:27:59.614Z]   [SKIPPED - not supplement] "Trove Wellness Resveratrol Antioxidant Support" | product_type: "General Health"
[2026-04-29T04:27:59.615Z]   [SKIPPED - not supplement] "Sportsfuel Weekly Meal Planners *Gift*" | product_type: "Accessories"
[2026-04-29T04:27:59.615Z]   [SKIPPED - not supplement] "Sportsfuel Weekly Meal Planners" | product_type: "Accessories"
[2026-04-29T04:27:59.616Z]   [SKIPPED - not supplement] "Sportsfuel CrossFit Hook Grip Finger Tape" | product_type: "Accessories"
[2026-04-29T04:27:59.617Z]   [SKIPPED - not supplement] "Brave Face Junior Let’s Dream Drops Herbal Night Liquid" | product_type: "Sleep Aids"
[2026-04-29T04:27:59.617Z]   [SKIPPED - not supplement] "Brave Face HeadRest Herbal Night Drops" | product_type: "Sleep Aids"
[2026-04-29T04:27:59.618Z]   [SKIPPED - not supplement] "Bucked Up Deer Antler Velvet Spray - His" | product_type: "Post-Workout"
[2026-04-29T04:27:59.619Z]   [SKIPPED - not supplement] "Awak'n Calm Oil" | product_type: "General Health"
[2026-04-29T04:27:59.619Z]   [SKIPPED - not supplement] "Awak'n Calm Mints" | product_type: "Sleep Aids"
[2026-04-29T04:27:59.619Z]   [SKIPPED - not supplement] "Maurten Starter Pack Limited Edition" | product_type: "Energy & Endurance"
[2026-04-29T04:27:59.620Z]   [SKIPPED - not supplement] "Omrub Organic Muscle Rub" | product_type: "General Health"
[2026-04-29T04:27:59.621Z]   [SKIPPED - not supplement] "Switch Nutrition 100% Pure Organic Golden Irish Sea Moss Powder (10:1) 50g" | product_type: "General Health"
[2026-04-29T04:27:59.622Z]   [SKIPPED - not supplement] "Switch Nutrition 100% Pure Colostrum (20% IgG) Powder 150g" | product_type: "Immunity"
[2026-04-29T04:27:59.622Z]   [SKIPPED - not supplement] "Switch Nutrition 100% Pure Taurine Powder 200g" | product_type: "General Health"
[2026-04-29T04:27:59.623Z]   [SKIPPED - not supplement] "Switch Nutrition 100% Pure Inositol Powder" | product_type: "General Health"
[2026-04-29T04:27:59.623Z]   [SKIPPED - not supplement] "Switch Nutrition 100% Pure Glycine Powder 200g" | product_type: "Immunity"
[2026-04-29T04:27:59.623Z]   [SKIPPED - not supplement] "Switch Nutrition 100% Pure NMN Powder" | product_type: "General Health"
[2026-04-29T04:27:59.623Z]   [SKIPPED - not supplement] "Switch Nutrition Berberine+ Capsules" | product_type: "General Health"
[2026-04-29T04:27:59.624Z]   [SKIPPED - not supplement] "Harbinger Lifting Grips" | product_type: "Workout Equipment"
[2026-04-29T04:27:59.625Z]   [SKIPPED - not supplement] "Balega Blister Resist Socks - No Show" | product_type: "Accessories"
[2026-04-29T04:27:59.625Z]   [SKIPPED - not supplement] "Balega Hidden Comfort Socks" | product_type: "Accessories"
[2026-04-29T04:27:59.625Z]   [SKIPPED - not supplement] "Harbinger Palm Grips" | product_type: "Accessories"
[2026-04-29T04:27:59.626Z]   [SKIPPED - not supplement] "Harbinger Red Line Knee Wraps 78"" | product_type: "Accessories"
[2026-04-29T04:27:59.626Z]   [SKIPPED - not supplement] "Harbinger Men's Pro Wristwrap Gloves 2.0" | product_type: "Accessories"
[2026-04-29T04:27:59.627Z]   [SKIPPED - not supplement] "Harbinger Women's Power Gloves Black" | product_type: "Accessories"
[2026-04-29T04:27:59.627Z]   [SKIPPED - not supplement] "Harbinger Power Gloves Black" | product_type: "Accessories"
[2026-04-29T04:27:59.627Z]   [SKIPPED - not supplement] "Rocktape Rockguard Shin Guards" | product_type: "Accessories"
[2026-04-29T04:27:59.628Z]   [SKIPPED - not supplement] "McDavid 513 Wrist Sleeve Adjustable / Elastic" | product_type: "Accessories"
[2026-04-29T04:27:59.628Z]   [SKIPPED - not supplement] "McDavid 441 Deluxe Calf Support" | product_type: "Accessories"
[2026-04-29T04:27:59.628Z]   [SKIPPED - not supplement] "McDavid 493 Back Support" | product_type: "Accessories"
[2026-04-29T04:27:59.628Z]   [SKIPPED - not supplement] "McDavid Jumper's Knee Strap" | product_type: "Accessories"
[2026-04-29T04:27:59.629Z]   [SKIPPED - not supplement] "McDavid 511 Ankle Sleeve - Elastic" | product_type: "Accessories"
[2026-04-29T04:27:59.629Z]   [SKIPPED - not supplement] "McDavid 402 Open Patella Knee Support" | product_type: "Accessories"
[2026-04-29T04:27:59.630Z]   [SKIPPED - not supplement] "TriggerPoint Mobility Exercise Mat 5mm" | product_type: "Workout Equipment"
[2026-04-29T04:27:59.631Z]   [SKIPPED - not supplement] "TriggerPoint AcuCurve Self Massage Cane" | product_type: "Accessories"
[2026-04-29T04:27:59.631Z]   [SKIPPED - not supplement] "TriggerPoint Impact Massage Vibrating Buffer" | product_type: "Accessories"
[2026-04-29T04:27:59.631Z]   [SKIPPED - not supplement] "Forest Finds AM Mushroom Tonic" | product_type: "General Health"
[2026-04-29T04:27:59.632Z]   [SKIPPED - not supplement] "Forest Finds PM Mushroom Tonic" | product_type: "General Health"
[2026-04-29T04:27:59.633Z]   [SKIPPED - not supplement] "Liquid Death Mountain & Sparkling Water" | product_type: "General Health"
[2026-04-29T04:27:59.633Z]   [SKIPPED - not supplement] "Forest Finds Wellbeing Mushroom Tonic" | product_type: "General Health"
[2026-04-29T04:27:59.634Z]   [SKIPPED - not supplement] "EHP Labs Portable Hand Mixer" | product_type: "Accessories"
[2026-04-29T04:27:59.635Z]   [SKIPPED - not supplement] "Nothing Naughty Sunflower Lecithin 200g" | product_type: "General Health"
[2026-04-29T04:27:59.636Z]   [SKIPPED - not supplement] "Before You Speak “Have a Nice Day” Middle Finger Mug *Gift*" | product_type: "Accessories"
[2026-04-29T04:27:59.637Z]   [SKIPPED - not supplement] "Sportsfuel Social Club Magnet *Gift*" | product_type: "Accessories"
[2026-04-29T04:28:00.138Z]   Page 8...
[2026-04-29T04:28:01.110Z]   [SKIPPED - not supplement] "USN Immune Health *Gift*" | product_type: "Immunity"
[2026-04-29T04:28:01.111Z]   [SKIPPED - not supplement] "Natures Sunshine Berberine" | product_type: "General Health"
[2026-04-29T04:28:01.111Z]   [SKIPPED - not supplement] "Trove Wellness Inner Cellular Health NMN" | product_type: "General Health"
[2026-04-29T04:28:01.112Z]   [SKIPPED - not supplement] "Goli Beets Cardio CoQ10 Gummies" | product_type: "Immunity"
[2026-04-29T04:28:01.115Z]   [SKIPPED - no category] "Massage Ball  (Random Colour) *Gift*" | product_type: "Workout Equipment" | tags: algolia-ignore,discount-eligible,location-17947492419-outofstock,location-20189478979-outofstock,location-20853096515-outofstock
[2026-04-29T04:28:01.115Z]   [SKIPPED - not supplement] "USN Immune Health" | product_type: "Immunity"
[2026-04-29T04:28:01.118Z]   [SKIPPED - not supplement] "Sportsfuel Social Club Unisex Tee - Charcoal - Limited Edition" | product_type: "Clothing"
[2026-04-29T04:28:01.119Z]   [SKIPPED - not supplement] "Sportsfuel Powder Funnel *Gift*" | product_type: "Accessories"
[2026-04-29T04:28:01.119Z]   [SKIPPED - not supplement] "Volo Wellbeing Natural Sleep Remedy" | product_type: "Sleep Aids"
[2026-04-29T04:28:01.120Z]   [SKIPPED - not supplement] "Sportsfuel Social Club Unisex Tee - Oat - Limited Edition" | product_type: "Clothing"
[2026-04-29T04:28:01.121Z]   [SKIPPED - not supplement] "Sportsfuel Social Club Unisex Sweatpants  - Limited Edition" | product_type: "Clothing"
[2026-04-29T04:28:01.121Z]   [SKIPPED - not supplement] "Sportsfuel Social Club Unisex Hoodie - Limited Edition" | product_type: "Clothing"
[2026-04-29T04:28:01.122Z]   [SKIPPED - not supplement] "SF Active Performance Women's Tank" | product_type: "Clothing"
[2026-04-29T04:28:01.122Z]   [SKIPPED - not supplement] "SF Active Performance Women's Leggings" | product_type: "Clothing"
[2026-04-29T04:28:01.122Z]   [SKIPPED - not supplement] "SF Active Performance Women's Bike Shorts" | product_type: "Clothing"
[2026-04-29T04:28:01.123Z]   [SKIPPED - not supplement] "SF Active Performance Men's Tee" | product_type: "Clothing"
[2026-04-29T04:28:01.123Z]   [SKIPPED - not supplement] "SF Active Performance Men's Shorts" | product_type: "Clothing"
[2026-04-29T04:28:01.124Z]   [SKIPPED - not supplement] "Sportsfuel Powder Funnel" | product_type: "Accessories"
[2026-04-29T04:28:01.124Z]   [SKIPPED - not supplement] "Sportsfuel Magnet" | product_type: "Accessories"
[2026-04-29T04:28:01.125Z]   [SKIPPED - not supplement] "Maurten Drink Mix 160" | product_type: "Energy & Endurance"
[2026-04-29T04:28:01.125Z]   [SKIPPED - not supplement] "SF Active Cushion Ankle Socks - Single Pack" | product_type: "Clothing"
[2026-04-29T04:28:01.126Z]   [SKIPPED - not supplement] "SF Active Cushion Crew Socks - Single Pack" | product_type: "Clothing"
[2026-04-29T04:28:01.126Z]   [SKIPPED - not supplement] "Sportsfuel "Do More" Cotton Tote Bag" | product_type: "Accessories"
[2026-04-29T04:28:01.127Z]   [SKIPPED - not supplement] "Life Cykel Organic Mushroom Coffee 100g" | product_type: "General Health"
[2026-04-29T04:28:01.127Z]   [SKIPPED - not supplement] "Life Cykel Reishi Lemon Myrtle Mouth Mist 60ml" | product_type: "General Health"
[2026-04-29T04:28:01.128Z]   [SKIPPED - not supplement] "Life Cykel Lion's Mane Lemon Myrtle Mouth Mist 60ml" | product_type: "General Health"
[2026-04-29T04:28:01.128Z]   [SKIPPED - not supplement] "Life Cykel Cordyceps Lemon Myrtle Mouth Mist 60ml" | product_type: "General Health"
[2026-04-29T04:28:01.128Z]   [SKIPPED - not supplement] "Life Cykel Turkey Tail Mushroom Double Extract" | product_type: "General Health"
[2026-04-29T04:28:01.128Z]   [SKIPPED - not supplement] "Life Cykel Shiitake Mushroom Double Extract 60ml" | product_type: "General Health"
[2026-04-29T04:28:01.129Z]   [SKIPPED - not supplement] "Life Cykel Reishi Mushroom Double Extract" | product_type: "General Health"
[2026-04-29T04:28:01.129Z]   [SKIPPED - not supplement] "Life Cykel Cordyceps Mushroom Double Extract" | product_type: "General Health"
[2026-04-29T04:28:01.129Z]   [SKIPPED - not supplement] "Life Cykel Chaga Mushroom Double Extract" | product_type: "General Health"
[2026-04-29T04:28:01.131Z]   [SKIPPED - not supplement] "Goli Triple Action Immune Gummies" | product_type: "General Health"
[2026-04-29T04:28:01.131Z]   [SKIPPED - not supplement] "PURE Fluid Energy Gels Box of 18 - WADA Tested" | product_type: "Energy & Endurance"
[2026-04-29T04:28:01.132Z]   [SKIPPED - not supplement] "Nutra-Life Debloat & Detox - 60 Capsules" | product_type: "General Health"
[2026-04-29T04:28:01.133Z]   [SKIPPED - not supplement] "SKLZ Fitness Pro Band" | product_type: "Accessories"
[2026-04-29T04:28:01.133Z]   [SKIPPED - not supplement] "Pro-Life High Strength Chaga Mushroom" | product_type: "General Health"
[2026-04-29T04:28:01.134Z]   [SKIPPED - not supplement] "Lifestream Astazan Antioxidant - 60 Capsules" | product_type: "General Health"
[2026-04-29T04:28:01.134Z]   [SKIPPED - not supplement] "Lifestream Calcium Natural - 120 Capsules" | product_type: "General Health"
[2026-04-29T04:28:01.648Z]   Page 9...
[2026-04-29T04:28:02.603Z]   [SKIPPED - not supplement] "Clinicians Kids Tooth Protect Chews" | product_type: "General Health"
[2026-04-29T04:28:02.603Z]   [SKIPPED - not supplement] "Nothing Naughty Fruit Bar - Single" | product_type: "Energy & Endurance"
[2026-04-29T04:28:02.605Z]   [SKIPPED - not supplement] "Sting Armaplus Boxing Glove" | product_type: "Accessories"
[2026-04-29T04:28:02.606Z]   [SKIPPED - not supplement] "SKLZ Mini Bands 10 Pack" | product_type: "Accessories"
[2026-04-29T04:28:02.606Z]   [SKIPPED - not supplement] "GO Healthy Flaxseed Oil 1,000mg Organic 220 Caps" | product_type: "Fish Oil & Healthy Fats"
[2026-04-29T04:28:02.607Z]   [SKIPPED - not supplement] "Before You Speak Immunity Coffee" | product_type: "Immunity"
[2026-04-29T04:28:02.607Z]   [SKIPPED - not supplement] "Before You Speak Adrenal Decaf Coffee 7 Pack" | product_type: "Recovery"
[2026-04-29T04:28:02.608Z]   [SKIPPED - not supplement] "Devil's Breath Liquid Chalk" | product_type: "Accessories"
[2026-04-29T04:28:02.609Z]   [SKIPPED - not supplement] "Good4Me Sleep & Stress Support Ashwagandha Gummies" | product_type: "Sleep Aids"
[2026-04-29T04:28:02.609Z]   [SKIPPED - not supplement] "Good4Me Iron Boost Gummies" | product_type: "General Health"
[2026-04-29T04:28:02.609Z]   [SKIPPED - not supplement] "Good4Me Hair Skin Nails Gummies" | product_type: "General Health"
[2026-04-29T04:28:02.610Z]   [SKIPPED - not supplement] "Good4Me Apple Cider Vinegar Gummies" | product_type: "General Health"
[2026-04-29T04:28:02.610Z]   [SKIPPED - not supplement] "Natures Sunshine SugarReg" | product_type: "General Health"
[2026-04-29T04:28:02.610Z]   [SKIPPED - not supplement] "Nature's Sunshine Kava Kava Caps" | product_type: "Sleep Aids"
[2026-04-29T04:28:02.611Z]   [SKIPPED - not supplement] "Pro-Life NAC Caps" | product_type: "Immunity"
[2026-04-29T04:28:02.611Z]   [SKIPPED - not supplement] "BePure Immune Essentials Kit (Limited Edition)" | product_type: "Immunity"
[2026-04-29T04:28:02.613Z]   [SKIPPED - not supplement] "SIS Immune Tablets" | product_type: "Immunity"
[2026-04-29T04:28:02.613Z]   [SKIPPED - not supplement] "Redcon1 Cluster Bomb" | product_type: "Post-Workout"
[2026-04-29T04:28:02.613Z]   [SKIPPED - not supplement] "Switch Nutrition Essentials Quercetin" | product_type: "Immunity"
[2026-04-29T04:28:02.614Z]   [SKIPPED - not supplement] "Thermal Labs Vaporize Herbal Diuretic" | product_type: "General Health"
[2026-04-29T04:28:02.614Z]   [SKIPPED - not supplement] "Maurten Drink Mix 320" | product_type: "Energy & Endurance"
[2026-04-29T04:28:02.615Z]   [SKIPPED - not supplement] "Maurten Gel Caf 100" | product_type: "Energy & Endurance"
[2026-04-29T04:28:02.615Z]   [SKIPPED - not supplement] "Maurten Gel 100" | product_type: "Energy & Endurance"
[2026-04-29T04:28:02.616Z]   [SKIPPED - not supplement] "Switch Nutrition N-Acetyl L-Cysteine (NAC) Powder" | product_type: "General Health"
[2026-04-29T04:28:02.616Z]   [SKIPPED - not supplement] "X50 Organic Herbal Matcha Tea" | product_type: "General Health"
[2026-04-29T04:28:02.617Z]   [SKIPPED - not supplement] "Nutrex Lipo-6 Chromium Caps" | product_type: "General Health"
[2026-04-29T04:28:02.618Z]   [SKIPPED - not supplement] "höm Sleep" | product_type: "Sleep Aids"
[2026-04-29T04:28:02.619Z]   [SKIPPED - not supplement] "Harker Herbals Kidney Tonic" | product_type: "General Health"
[2026-04-29T04:28:02.620Z]   [SKIPPED - not supplement] "Healtheries Iron & Vit C Tablets" | product_type: "Immunity"
[2026-04-29T04:28:02.621Z]   [SKIPPED - not supplement] "Pack Nutrition Arginine Caps" | product_type: "Recovery"
[2026-04-29T04:28:03.131Z]   Page 10...
[2026-04-29T04:28:04.069Z]   [SKIPPED - not supplement] "Harker Herbals Immune Boost" | product_type: "Immunity"
[2026-04-29T04:28:04.069Z]   [SKIPPED - not supplement] "Harker Herbals Deep Lung Support" | product_type: "General Health"
[2026-04-29T04:28:04.070Z]   [SKIPPED - not supplement] "Harker Herbals Children's Vira Guard" | product_type: "Immunity"
[2026-04-29T04:28:04.070Z]   [SKIPPED - not supplement] "Harker Herbals Vira Guard" | product_type: "Immunity"
[2026-04-29T04:28:04.071Z]   [SKIPPED - not supplement] "Harker Herbals Sniffle Juice" | product_type: "General Health"
[2026-04-29T04:28:04.071Z]   [SKIPPED - not supplement] "Harker Herbals Sleep Support" | product_type: "General Health"
[2026-04-29T04:28:04.071Z]   [SKIPPED - not supplement] "Harker Herbals Recovery Tonic" | product_type: "Recovery"
[2026-04-29T04:28:04.071Z]   [SKIPPED - not supplement] "Harker Herbals Liver Tonic" | product_type: "General Health"
[2026-04-29T04:28:04.072Z]   [SKIPPED - not supplement] "Harker Herbals Iron Boost" | product_type: "General Health"
[2026-04-29T04:28:04.072Z]   [SKIPPED - not supplement] "Harker Herbals Immune Tonic" | product_type: "Immunity"
[2026-04-29T04:28:04.072Z]   [SKIPPED - not supplement] "Harker Herbal Heart Health" | product_type: "General Health"
[2026-04-29T04:28:04.072Z]   [SKIPPED - not supplement] "Harker Herbals General Tonic" | product_type: "General Health"
[2026-04-29T04:28:04.073Z]   [SKIPPED - not supplement] "Harker Herbals Ear, Nose & Throat Tonic" | product_type: "General Health"
[2026-04-29T04:28:04.073Z]   [SKIPPED - not supplement] "Harker Herbals Detox Support" | product_type: "General Health"
[2026-04-29T04:28:04.074Z]   [SKIPPED - not supplement] "Harker Herbals Children's Deep Lung Support" | product_type: "General Health"
[2026-04-29T04:28:04.074Z]   [SKIPPED - not supplement] "Harker Herbals Children's Immune Build" | product_type: "General Health"
[2026-04-29T04:28:04.074Z]   [SKIPPED - not supplement] "Harker Herbals Children's Ear, Nose & Throat" | product_type: "General Health"
[2026-04-29T04:28:04.074Z]   [SKIPPED - not supplement] "Harker Herbals Chest Clear" | product_type: "General Health"
[2026-04-29T04:28:04.075Z]   [SKIPPED - not supplement] "Harker Herbals Childrens Calm & Sleep" | product_type: "Sleep Aids"
[2026-04-29T04:28:04.075Z]   [SKIPPED - not supplement] "Harker Herbal Bladder Support" | product_type: "General Health"
[2026-04-29T04:28:04.075Z]   [SKIPPED - not supplement] "USN Turmeric Curcumin+" | product_type: "General Health"
[2026-04-29T04:28:04.076Z]   [SKIPPED - not supplement] "USN Nutrition Feels Mood & Mind Enhancers" | product_type: "General Health"
[2026-04-29T04:28:04.076Z]   [SKIPPED - not supplement] "Universal Carb Max" | product_type: "Post-Workout"
[2026-04-29T04:28:04.076Z]   [SKIPPED - not supplement] "Switch Nutrition Adrenal Switch Capsules" | product_type: "Recovery"
[2026-04-29T04:28:04.077Z]   [SKIPPED - not supplement] "Tropeaka Relax Into Sleep" | product_type: "Sleep Aids"
[2026-04-29T04:28:04.077Z]   [SKIPPED - not supplement] "Tropeaka Body & Liver Cleanse" | product_type: "General Health"
[2026-04-29T04:28:04.078Z]   [SKIPPED - not supplement] "Tropeaka Organic Wheatgrass" | product_type: "General Health"
[2026-04-29T04:28:04.078Z]   [SKIPPED - not supplement] "Tropeaka Ultra Cleanse Repair + Renew Powder" | product_type: "General Health"
[2026-04-29T04:28:04.078Z]   [SKIPPED - not supplement] "Tropeaka Organic Turmeric Latte Powder" | product_type: "General Health"
[2026-04-29T04:28:04.078Z]   [SKIPPED - not supplement] "Tropeaka Sleep Herbal Infusion" | product_type: "General Health"
[2026-04-29T04:28:04.079Z]   [SKIPPED - not supplement] "Tropeaka Protect Herbal Infusion" | product_type: "General Health"
[2026-04-29T04:28:04.079Z]   [SKIPPED - not supplement] "Tropeaka MCT Oil Powder" | product_type: "General Health"
[2026-04-29T04:28:04.079Z]   [SKIPPED - not supplement] "Tropeaka Hair Complex" | product_type: "General Health"
[2026-04-29T04:28:04.080Z]   [SKIPPED - not supplement] "X50 Herbal Tea Uplift" | product_type: "General Health"
[2026-04-29T04:28:04.081Z]   [SKIPPED - not supplement] "X50 Herbal Tea Sleepy" | product_type: "General Health"
[2026-04-29T04:28:04.081Z]   [SKIPPED - not supplement] "X50 Herbal Tea Immunity" | product_type: "Immunity"
[2026-04-29T04:28:04.081Z]   [SKIPPED - not supplement] "X50 Herbal Tea Cleanse Night" | product_type: "Sleep Aids"
[2026-04-29T04:28:04.082Z]   [SKIPPED - not supplement] "X50 Herbal Tea Cleanse Day" | product_type: "General Health"
[2026-04-29T04:28:04.082Z]   [SKIPPED - not supplement] "X50 Herbal Tea Antiflam" | product_type: "General Health"
[2026-04-29T04:28:04.083Z]   [SKIPPED - not supplement] "Clif Bloks Energy Chews" | product_type: "Energy & Endurance"
[2026-04-29T04:28:04.083Z]   [SKIPPED - not supplement] "Nothing Naughty Grounded Blanched Almonds" | product_type: "General Health"
[2026-04-29T04:28:04.083Z]   [SKIPPED - not supplement] "Nothing Naughty Inulin" | product_type: "General Health"
[2026-04-29T04:28:04.084Z]   [SKIPPED - not supplement] "Nothing Naughty Hemp Hearts 300g" | product_type: "General Health"
[2026-04-29T04:28:04.084Z]   [SKIPPED - not supplement] "Nothing Naughty Cocoa Butter" | product_type: "General Health"
[2026-04-29T04:28:04.084Z]   [SKIPPED - not supplement] "Nothing Naughty Cacao Nibs" | product_type: "General Health"
[2026-04-29T04:28:04.087Z]   [SKIPPED - not supplement] "Volo Wellbeing Natural Quease Travel Remedy" | product_type: "General Health"
[2026-04-29T04:28:04.088Z]   [SKIPPED - not supplement] "VPX 8KETO Pure C8 MCT Oil" | product_type: "Fish Oil & Healthy Fats"
[2026-04-29T04:28:04.089Z]   [SKIPPED - not supplement] "VPX Synthesize Post Workout" | product_type: "Post-Workout"
[2026-04-29T04:28:04.090Z]   [SKIPPED - not supplement] "Athletic Sport Flush H20 Diuretic" | product_type: "General Health"
[2026-04-29T04:28:04.090Z]   [SKIPPED - not supplement] "Athletic Sport Estro-X" | product_type: "General Health"
[2026-04-29T04:28:04.090Z]   [SKIPPED - not supplement] "Athletic Sport Digezyme" | product_type: "General Health"
[2026-04-29T04:28:04.091Z]   [SKIPPED - not supplement] "Athletic Sport Adrenal Cort" | product_type: "General Health"
[2026-04-29T04:28:04.091Z]   [SKIPPED - not supplement] "Olimp ZMA 120 Caps" | product_type: "General Health"
[2026-04-29T04:28:04.092Z]   [SKIPPED - not supplement] "Healthspan Elite HMB 1g" | product_type: "General Health"
[2026-04-29T04:28:04.093Z]   [SKIPPED - not supplement] "Healthspan Elite Calcium Complex" | product_type: "General Health"
[2026-04-29T04:28:04.093Z]   [SKIPPED - not supplement] "Healthspan Elite Activ Immunity +" | product_type: "General Health"
[2026-04-29T04:28:04.094Z]   [SKIPPED - not supplement] "Daily Good Immunity Shots Mixed" | product_type: "General Health"
[2026-04-29T04:28:04.094Z]   [SKIPPED - not supplement] "Daily Good Organic Blackcurrant Immunity Shots" | product_type: "General Health"
[2026-04-29T04:28:04.095Z]   [SKIPPED - not supplement] "Daily Good Organic Fiji Ginger Immunity Shots" | product_type: "General Health"
[2026-04-29T04:28:04.095Z]   [SKIPPED - not supplement] "Daily Good Organic Fiji Turmeric Immunity Shots" | product_type: "General Health"
[2026-04-29T04:28:04.095Z]   [SKIPPED - not supplement] "Tropeaka Immunity" | product_type: "General Health"
[2026-04-29T04:28:04.096Z]   [SKIPPED - not supplement] "Tropeaka Dragon Fruit Powder" | product_type: "General Health"
[2026-04-29T04:28:04.096Z]   [SKIPPED - not supplement] "Tropeaka Coconut Water Powder" | product_type: "General Health"
[2026-04-29T04:28:04.096Z]   [SKIPPED - not supplement] "Tropeaka Organic Cacao Powder" | product_type: "General Health"
[2026-04-29T04:28:04.097Z]   [SKIPPED - not supplement] "Tropeaka Barley Grass" | product_type: "General Health"
[2026-04-29T04:28:04.098Z]   [SKIPPED - not supplement] "Vitargo Carbohydrate Powder" | product_type: "Energy & Endurance"
[2026-04-29T04:28:04.602Z]   Page 11...
[2026-04-29T04:28:05.486Z]   [SKIPPED - not supplement] "Pro-Life Super Shroom Caps" | product_type: "Immunity"
[2026-04-29T04:28:05.487Z]   [SKIPPED - not supplement] "Pro-Life Reishi Mushroom Caps" | product_type: "Immunity"
[2026-04-29T04:28:05.487Z]   [SKIPPED - not supplement] "Pro-Life Mullein Caps 30 Caps" | product_type: "Immunity"
[2026-04-29T04:28:05.488Z]   [SKIPPED - not supplement] "Before You Speak Adrenal Decaf Coffee" | product_type: "Recovery"
[2026-04-29T04:28:05.489Z]   [SKIPPED - not supplement] "Healtheries Iron Fizz" | product_type: "General Health"
[2026-04-29T04:28:05.490Z]   [SKIPPED - not supplement] "Muscletech Platinum Premium Fish Oil" | product_type: "Fish Oil & Healthy Fats"
[2026-04-29T04:28:05.490Z]   [SKIPPED - not supplement] "Leppin Sport Traverse Drink System" | product_type: "Accessories"
[2026-04-29T04:28:05.491Z]   [SKIPPED - not supplement] "Leppin Sport Summit Drink System" | product_type: "Accessories"
[2026-04-29T04:28:05.491Z]   [SKIPPED - not supplement] "Leppin Sport SlipSteam Drink System" | product_type: "Accessories"
[2026-04-29T04:28:05.492Z]   [SKIPPED - not supplement] "White Wolf Nutrition Zen" | product_type: "Sleep Aids"
[2026-04-29T04:28:05.492Z]   [SKIPPED - not supplement] "Martin & Pleasance - Rest&Quiet Sleep Formula" | product_type: "Sleep Aids"
[2026-04-29T04:28:05.494Z]   [SKIPPED - not supplement] "Viktual+ Kava Night" | product_type: "Sleep Aids"
[2026-04-29T04:28:05.495Z]   [SKIPPED - not supplement] "Morlife Berry Active Immune" | product_type: "Immunity"
[2026-04-29T04:28:05.496Z]   [SKIPPED - not supplement] "Pro-Life Flaxseed Oil Caps" | product_type: "Fish Oil & Healthy Fats"
[2026-04-29T04:28:05.496Z]   [SKIPPED - not supplement] "Pro-Life Evening Primrose Oil Caps" | product_type: "Fish Oil & Healthy Fats"
[2026-04-29T04:28:05.497Z]   [SKIPPED - not supplement] "Pro-Life Anti-Bite Tablets" | product_type: "Immunity"
[2026-04-29T04:28:05.497Z]   [SKIPPED - not supplement] "Knowrish Well Self Defence Immunity" | product_type: "Immunity"
[2026-04-29T04:28:05.499Z]   [SKIPPED - not supplement] "Axe & Sledge Demo Day" | product_type: "Energy & Endurance"
[2026-04-29T04:28:05.500Z]   [SKIPPED - not supplement] "Natures Sunshine Elderberry D3fence" | product_type: "Immunity"
[2026-04-29T04:28:05.500Z]   [SKIPPED - not supplement] "Natures Sunshine Saw Palmetto" | product_type: "Immunity"
[2026-04-29T04:28:05.501Z]   [SKIPPED - not supplement] "Healtheries Fish Oil 1000mg 200 Caps" | product_type: "Fish Oil & Healthy Fats"
[2026-04-29T04:28:05.502Z]   [SKIPPED - not supplement] "Nutralife Evening Primrose Oil 1000mg" | product_type: "Fish Oil & Healthy Fats"
[2026-04-29T04:28:05.502Z]   [SKIPPED - not supplement] "Switch Nutrition Essentials Carbs" | product_type: "Post-Workout"
[2026-04-29T04:28:05.503Z]   [SKIPPED - not supplement] "Switch Nutrition Essentials MCT Oil Powder" | product_type: "Fish Oil & Healthy Fats"
[2026-04-29T04:28:05.504Z]   [SKIPPED - not supplement] "BePure Immune Action" | product_type: "Immunity"
[2026-04-29T04:28:05.505Z]   [SKIPPED - not supplement] "Redcon1 RPG - Glucose Disposal" | product_type: "Intra-Workout"
[2026-04-29T04:28:05.506Z]   [SKIPPED - not supplement] "Lifestream Viro Strike" | product_type: "Immunity"
[2026-04-29T04:28:06.015Z]   Page 12...
[2026-04-29T04:28:06.941Z]   [SKIPPED - not supplement] "Outbreak Nutrition Refuge Recovery Sleep" | product_type: "Sleep Aids"
[2026-04-29T04:28:06.942Z]   [SKIPPED - not supplement] "Elite Merch Pack" | product_type: "Accessories"
[2026-04-29T04:28:06.943Z]   [SKIPPED - not supplement] "Harbinger 14" Bar Pad Black" | product_type: "Workout Equipment"
[2026-04-29T04:28:06.944Z]   [SKIPPED - not supplement] "ATP Aurum Oil" | product_type: "Fish Oil & Healthy Fats"
[2026-04-29T04:28:06.947Z]   [SKIPPED - not supplement] "Musashi Alpha Jug 2.4L" | product_type: "Water Bottles"
[2026-04-29T04:28:06.949Z]   [SKIPPED - not supplement] "NutraLife Immune-24" | product_type: "Immunity"
[2026-04-29T04:28:06.951Z]   [SKIPPED - not supplement] "Clinicians Kids Peaceful Dreams" | product_type: "Sleep Aids"
[2026-04-29T04:28:06.951Z]   [SKIPPED - not supplement] "Clinicians REM Sleep Caps" | product_type: "Sleep Aids"
[2026-04-29T04:28:06.952Z]   [SKIPPED - not supplement] "Clinicians Sleep Science 30 Caps" | product_type: "Sleep Aids"
[2026-04-29T04:28:06.953Z]   [SKIPPED - not supplement] "PURE Exercise Recovery 740g" | product_type: "Post-Workout"
[2026-04-29T04:28:06.953Z]   [SKIPPED - not supplement] "PURE Endurance Formula 500g" | product_type: "Energy & Endurance"
[2026-04-29T04:28:06.954Z]   [SKIPPED - not supplement] "Rocktape BD Plain 32mtr Practitioner Roll" | product_type: "Accessories"
[2026-04-29T04:28:06.955Z]   [SKIPPED - not supplement] "SKLZ Quick Ladder" | product_type: "Accessories"
[2026-04-29T04:28:06.955Z]   [SKIPPED - not supplement] "SKLZ 6 x Hurdles" | product_type: "Accessories"
[2026-04-29T04:28:06.955Z]   [SKIPPED - not supplement] "SKLZ Speed Rope" | product_type: "Accessories"
[2026-04-29T04:28:06.956Z]   [SKIPPED - not supplement] "SKLZ Mini Bands (set of 3)" | product_type: "Accessories"
[2026-04-29T04:28:06.956Z]   [SKIPPED - not supplement] "Harbinger Chalk Ball Single Pack" | product_type: "Accessories"
[2026-04-29T04:28:06.957Z]   [SKIPPED - not supplement] "Olimp Dextrex Juice 1kg" | product_type: "Post-Workout"
[2026-04-29T04:28:06.958Z]   [SKIPPED - not supplement] "Olimp Carbonox - Carbohydrate Formula 1kg" | product_type: "Intra-Workout"
[2026-04-29T04:28:07.466Z]   Page 13...
[2026-04-29T04:28:08.449Z]   [SKIPPED - not supplement] "Gaspari Elderberry Gummies 30 serve" | product_type: "Immunity"
[2026-04-29T04:28:08.451Z]   [SKIPPED - not supplement] "GO Healthy 5-HTP 120mg (60 Vegecaps)" | product_type: "Sleep Aids"
[2026-04-29T04:28:08.452Z]   [SKIPPED - not supplement] "Universal ZMA Pro" | product_type: "Post-Workout"
[2026-04-29T04:28:08.456Z]   [SKIPPED - not supplement] "GO Healthy Krill Oil 1,500mg 1-A-Day Super Strength" | product_type: "Fish Oil & Healthy Fats"
[2026-04-29T04:28:08.457Z]   [SKIPPED - not supplement] "BSN Shred Stack" | product_type: "Stacks"
[2026-04-29T04:28:08.458Z]   [SKIPPED - not supplement] "BePure Deep Sleep" | product_type: "Sleep Aids"
[2026-04-29T04:28:08.459Z]   [SKIPPED - not supplement] "Zen Liniment Sports Spray 125mL" | product_type: "Recovery"
[2026-04-29T04:28:08.459Z]   [SKIPPED - not supplement] "PEAKFUEL Hydration 500g" | product_type: "Intra-Workout"
[2026-04-29T04:28:08.460Z]   [SKIPPED - not supplement] "PEAKFUEL Energy Gels 35g" | product_type: "Energy & Endurance"
[2026-04-29T04:28:08.460Z]   [SKIPPED - not supplement] "Tailwind Endurance Fuel" | product_type: "Energy & Endurance"
[2026-04-29T04:28:08.461Z]   [SKIPPED - not supplement] "Nutrex HMB 1000 120 Caps" | product_type: "Post-Workout"
[2026-04-29T04:28:08.462Z]   [SKIPPED - not supplement] "GO Healthy Vir-Defence Extra Strength Rapid 30 Caps" | product_type: "Immunity"
[2026-04-29T04:28:08.464Z]   [SKIPPED - not supplement] "Muscletech SX-7 Black Onyx Creabuild 30 Serve" | product_type: "Post-Workout"
[2026-04-29T04:28:08.464Z]   [SKIPPED - not supplement] "Killer Labz Laxobulk" | product_type: "Post-Workout"
[2026-04-29T04:28:08.465Z]   [SKIPPED - not supplement] "Sting M1 Mens Magnum Training Gloves" | product_type: "Accessories"
[2026-04-29T04:28:08.465Z]   [SKIPPED - not supplement] "5% Nutrition Post gear PCT Support" | product_type: "Post-Workout"
[2026-04-29T04:28:08.980Z]   Page 14...
[2026-04-29T04:28:09.774Z]   [SKIPPED - not supplement] "Purely Inspired MCT Oil 950ml" | product_type: "Fish Oil & Healthy Fats"
[2026-04-29T04:28:09.775Z]   [SKIPPED - not supplement] "PURE Fluid Energy Gels" | product_type: "Energy & Endurance"
[2026-04-29T04:28:09.777Z]   [SKIPPED - not supplement] "GO Healthy Colostrum Milk 550mg (120 ChewTabs)" | product_type: "Immunity"
[2026-04-29T04:28:09.777Z]   [SKIPPED - not supplement] "PVL Total Reload" | product_type: "Intra-Workout"
[2026-04-29T04:28:09.778Z]   [SKIPPED - not supplement] "Pro Supps Crash 30 Serve" | product_type: "Post-Workout"
[2026-04-29T04:28:09.779Z]   [SKIPPED - not supplement] "HIIT Interval Timer" | product_type: "Accessories"
[2026-04-29T04:28:09.779Z]   [SKIPPED - not supplement] "IF Mag" | product_type: "Accessories"
[2026-04-29T04:28:09.780Z]   [SKIPPED - not supplement] "Elite Speed Rope with Bag" | product_type: "Accessories"
[2026-04-29T04:28:09.781Z]   [SKIPPED - not supplement] "Gifted Athletics Roman XIII Tee White Large" | product_type: "Accessories"
[2026-04-29T04:28:09.782Z]   [SKIPPED - not supplement] "Olympic Fast Load Collars" | product_type: "Accessories"
[2026-04-29T04:28:09.783Z]   [SKIPPED - not supplement] "Ultra Plus Speed Rope Yellow" | product_type: "Accessories"
[2026-04-29T04:28:09.783Z]   [SKIPPED - not supplement] "Shockwave Aluminium Speed Rope" | product_type: "Accessories"
[2026-04-29T04:28:09.784Z]   [SKIPPED - not supplement] "GO Garlic 30s" | product_type: "Immunity"
[2026-04-29T04:28:09.785Z]   [SKIPPED - not supplement] "Gifted Athletics Crest Tee" | product_type: "Accessories"
[2026-04-29T04:28:09.786Z]   [SKIPPED - not supplement] "Mutant Red Mega Jug 2.6L" | product_type: "Workout Equipment"
[2026-04-29T04:28:09.786Z]   [SKIPPED - not supplement] "PURE Blackcurrant Recovery 200g" | product_type: "Post-Workout"
[2026-04-29T04:28:09.787Z]   [SKIPPED - not supplement] "Outbreak Antidote Grape" | product_type: "Recovery"
[2026-04-29T04:28:10.302Z]   Page 15...
[2026-04-29T04:28:11.280Z]   [SKIPPED - not supplement] "MusclePharm Fish Oil 90caps" | product_type: "Fish Oil & Healthy Fats"
[2026-04-29T04:28:11.281Z]   [SKIPPED - not supplement] "Go Fish Oil 1500mg Odourless" | product_type: "Fish Oil & Healthy Fats"
[2026-04-29T04:28:11.282Z]   [SKIPPED - not supplement] "Go Healthy Cherry Sleep 30caps" | product_type: "Sleep Aids"
[2026-04-29T04:28:11.283Z]   [SKIPPED - not supplement] "GO De Congest Triple Strength 60s" | product_type: "Immunity"
[2026-04-29T04:28:11.283Z]   [SKIPPED - not supplement] "Sting K1 Womens Training Gloves" | product_type: "Accessories"
[2026-04-29T04:28:11.284Z]   [SKIPPED - not supplement] "Gaspari HMB 90 caps" | product_type: "Intra-Workout"
[2026-04-29T04:28:11.285Z]   [SKIPPED - not supplement] "Outbreak Nutrition Adapt" | product_type: "Post-Workout"
[2026-04-29T04:28:11.285Z]   [SKIPPED - not supplement] "GO Healthy Manuka Honey UMF 23+ 250g" | product_type: "Immunity"
[2026-04-29T04:28:11.285Z]   [SKIPPED - not supplement] "GO Healthy Manuka Honey UMF 5+ 250g" | product_type: "Immunity"
[2026-04-29T04:28:11.286Z]   [SKIPPED - not supplement] "GO Healthy Manuka Honey UMF 8+ 250g" | product_type: "Immunity"
[2026-04-29T04:28:11.286Z]   [SKIPPED - not supplement] "GO Healthy Manuka Honey UMF 12+ 250g" | product_type: "Immunity"
[2026-04-29T04:28:11.286Z]   [SKIPPED - not supplement] "GO Healthy Manuka Honey UMF 16+ 250g" | product_type: "Immunity"
[2026-04-29T04:28:11.287Z]   [SKIPPED - not supplement] "GO Healthy Manuka Honey UMF 20+ 250g" | product_type: "Immunity"
[2026-04-29T04:28:11.289Z]   [SKIPPED - not supplement] "Nothing Naughty Fruit Bars" | product_type: "Energy & Endurance"
[2026-04-29T04:28:11.290Z]   [SKIPPED - not supplement] "Switch Nutrition Adrenal Switch 60 Serve" | product_type: "Post-Workout"
[2026-04-29T04:28:11.290Z]   [SKIPPED - not supplement] "Switch Nutrition Adrenal Switch 30 Serve" | product_type: "Post-Workout"
[2026-04-29T04:28:11.292Z]   [SKIPPED - not supplement] "Optimum Nutrition Camelbak Drink Bottle" | product_type: "Water Bottles"
[2026-04-29T04:28:11.293Z]   [SKIPPED - not supplement] "GU Liquid Energy Gel" | product_type: "Energy & Endurance"
[2026-04-29T04:28:11.294Z]   [SKIPPED - not supplement] "GU Energy Waffle" | product_type: "Energy & Endurance"
[2026-04-29T04:28:11.294Z]   [SKIPPED - not supplement] "GU Chews" | product_type: "Energy & Endurance"
[2026-04-29T04:28:11.294Z]   [SKIPPED - not supplement] "GU Energy Gel" | product_type: "Energy & Endurance"
[2026-04-29T04:28:11.295Z]   [SKIPPED - not supplement] "SiS Go Isotonic Energy Gel" | product_type: "Energy & Endurance"
[2026-04-29T04:28:11.296Z]   [SKIPPED - not supplement] "SiS Beta Fuel" | product_type: "Energy & Endurance"
[2026-04-29T04:28:11.798Z]   Page 16...
[2026-04-29T04:28:12.629Z]   [SKIPPED - not supplement] "Massage Ball" | product_type: "Workout Equipment"
[2026-04-29T04:28:12.630Z]   [SKIPPED - not supplement] "Fitique Nutrition Booty bands" | product_type: "Accessories"
[2026-04-29T04:28:12.631Z]   [SKIPPED - not supplement] "GO Fish Oil 1000mg 90s" | product_type: "Fish Oil & Healthy Fats"
[2026-04-29T04:28:12.631Z]   [SKIPPED - not supplement] "Sportsfuel Tie Bag" | product_type: "Accessories"
[2026-04-29T04:28:12.631Z]   [SKIPPED - not supplement] "Dr Keto Ketones" | product_type: "Post-Workout"
[2026-04-29T04:28:12.633Z]   [SKIPPED - not supplement] "Sting Elasticised Lifting Knee Wraps 80inch" | product_type: "Accessories"
[2026-04-29T04:28:12.633Z]   [SKIPPED - not supplement] "Natures Nurse Rapid Recovery Herbal Sports Rub 480ml" | product_type: "Accessories"
[2026-04-29T04:28:12.634Z]   [SKIPPED - not supplement] "Natures Nurse Rapid Recovery Herbal Sports Rub 80g" | product_type: "Accessories"
[2026-04-29T04:28:12.634Z]   [SKIPPED - not supplement] "Go Healthy Sleep Support 60caps" | product_type: "Sleep Aids"
[2026-04-29T04:28:12.634Z]   [SKIPPED - not supplement] "GAT Arginine 180 Caps" | product_type: "Post-Workout"
[2026-04-29T04:28:12.635Z]   [SKIPPED - not supplement] "Sting Neo Dip Belt 7 Inch" | product_type: "Workout Equipment"
[2026-04-29T04:28:12.636Z]   [SKIPPED - not supplement] "Gaspari Glycofuse" | product_type: "Energy & Endurance"
[2026-04-29T04:28:12.638Z]   [SKIPPED - not supplement] "Rocktape Kinesiology Tape (5m x 5cm)" | product_type: "Accessories"
[2026-04-29T04:28:12.639Z]   [SKIPPED - not supplement] "Palm Protector Grips" | product_type: "Accessories"
[2026-04-29T04:28:13.141Z]   Page 17...
[2026-04-29T04:28:13.973Z]   [SKIPPED - not supplement] "Horleys Replace Gels - 5x38g" | product_type: "Energy & Endurance"
[2026-04-29T04:28:13.974Z]   [SKIPPED - not supplement] "Leppin Squeezy 10 pack" | product_type: "Energy & Endurance"
[2026-04-29T04:28:13.975Z]   [SKIPPED - not supplement] "Sting Armalite SAS Focus Mitts Pair" | product_type: "Accessories"
[2026-04-29T04:28:13.975Z]   [SKIPPED - not supplement] "Sportsfuel Drink Bottle 750ml" | product_type: "Accessories"
[2026-04-29T04:28:13.979Z]   [SKIPPED - not supplement] "ATP ZMAG" | product_type: "Sleep Aids"
[2026-04-29T04:28:13.979Z]   [SKIPPED - not supplement] "Go Healthy Cherry Sleep 60 caps" | product_type: "Sleep Aids"
[2026-04-29T04:28:13.980Z]   [SKIPPED - not supplement] "Go Krill Oil 750mg" | product_type: "Fish Oil & Healthy Fats"
[2026-04-29T04:28:13.981Z]   [SKIPPED - not supplement] "Go Healthy Antibiotic Support 14 Caps" | product_type: "Immunity"
[2026-04-29T04:28:13.981Z]   [SKIPPED - not supplement] "GO Healthy Cholesterol Shield (100 SoftGel Caps)" | product_type: "General Health"
[2026-04-29T04:28:13.982Z]   [SKIPPED - not supplement] "GO Healthy Cholesterol Shield (60 SoftGel Capsules)" | product_type: "General Health"
[2026-04-29T04:28:13.982Z]   [SKIPPED - not supplement] "Go Healthy Vir Defence" | product_type: "Immunity"
[2026-04-29T04:28:13.982Z]   [SKIPPED - not supplement] "GO Immune Protect 60s" | product_type: "Immunity"
[2026-04-29T04:28:13.983Z]   [SKIPPED - not supplement] "GO Immune Protect 30s" | product_type: "Immunity"
[2026-04-29T04:28:14.492Z]   Page 18...
[2026-04-29T04:28:14.872Z]   [SKIPPED - not supplement] "Optimum HMB" | product_type: "Post-Workout"
[2026-04-29T04:28:14.874Z]   [SKIPPED - not supplement] "Optimum Fish Oil" | product_type: "Fish Oil & Healthy Fats"
[2026-04-29T04:28:14.874Z]   [SKIPPED - not supplement] "Pro Tan Bikini Bronze 206.5ml" | product_type: "Accessories"
[2026-04-29T04:28:14.874Z]   [SKIPPED - not supplement] "Pro Tan Muscle Juice 118.5ml" | product_type: "Accessories"
[2026-04-29T04:28:14.874Z]   [SKIPPED - not supplement] "Pro Tan Get Buffed 237ml" | product_type: "Accessories"
[2026-04-29T04:28:14.875Z]   [SKIPPED - not supplement] "Pro Tan Show Shine 118.5ml" | product_type: "Accessories"
[2026-04-29T04:28:14.875Z]   [SKIPPED - not supplement] "Pro Tan Two Minute Tan 237ml" | product_type: "Accessories"
[2026-04-29T04:28:14.875Z]   [SKIPPED - not supplement] "Trigger Point Muscle Massage Stick" | product_type: "Accessories"
[2026-04-29T04:28:14.876Z]   [SKIPPED - not supplement] "Weightlifting Palm Guard" | product_type: "Accessories"
[2026-04-29T04:28:14.876Z]   Found 3199 supplement products from Sportsfuel (18 pages fetched)
[2026-04-29T04:28:16.387Z] Scraping Scorpion Supplements...
[2026-04-29T04:28:16.388Z]   Page 1...
[2026-04-29T04:28:17.300Z]   [SKIPPED - no category] "SCORPION AMINO PRO 2 JAR" | product_type: "Product" | tags: 
[2026-04-29T04:28:17.302Z]   [SKIPPED - no category] "SCORPION AMINO PRO 500g" | product_type: "Product" | tags: 
[2026-04-29T04:28:17.303Z]   [SKIPPED - not supplement] "SCORPION WATER JUG 2.5 LITRE" | product_type: "Accessories"
[2026-04-29T04:28:17.304Z]   [SKIPPED - not supplement] "SCORPION FIGURE 8 TRAINING STRAPS" | product_type: "Accessories"
[2026-04-29T04:28:17.304Z]   [SKIPPED - not supplement] "Stainless Steel Drink Bottle" | product_type: "Accessories"
[2026-04-29T04:28:17.305Z]   [SKIPPED - not supplement] "SCORPION DAD HAT" | product_type: "Accessories"
[2026-04-29T04:28:17.305Z]   [SKIPPED - not supplement] "SCORPION TRAINING LOG" | product_type: "Accessories"
[2026-04-29T04:28:17.305Z]   [SKIPPED - not supplement] "SCORPION BEANIE" | product_type: "Accessories"
[2026-04-29T04:28:17.306Z]   [SKIPPED - not supplement] "SCORPION CREW SOCKS WHITE" | product_type: "Accessories"
[2026-04-29T04:28:17.306Z]   [SKIPPED - not supplement] "SCORPION SHRED EXTREME CAPSULES" | product_type: "Product"
[2026-04-29T04:28:17.308Z]   [SKIPPED - no category] "SCORPION BIG MASS 3KG" | product_type: "Product" | tags: 
[2026-04-29T04:28:17.308Z]   [SKIPPED - no category] "SCORPION MASS ATTACK 3KG" | product_type: "Product" | tags: 
[2026-04-29T04:28:17.309Z]   [SKIPPED - no category] "SCORPION MASS ATTACK STACK" | product_type: "Product" | tags: 
[2026-04-29T04:28:17.309Z]   [SKIPPED - not supplement] "SCORPION SHRED VENOM - 2 JAR COMBO" | product_type: "(blank)"
[2026-04-29T04:28:17.309Z]   [SKIPPED - not supplement] "SCORPION SHRED VENOM 360g" | product_type: "(blank)"
[2026-04-29T04:28:17.310Z]   Found 63 supplement products from Scorpion Supplements (1 page fetched)
[2026-04-29T04:28:18.817Z] Scraping ASN Online...
[2026-04-29T04:28:18.818Z]   Page 1...
[2026-04-29T04:28:20.055Z]   [SKIPPED - not supplement] "AMF Shred Stack" | product_type: "(blank)"
[2026-04-29T04:28:20.057Z]   [SKIPPED - not supplement] "GAT Sport Cyclic Dextrin" | product_type: "(blank)"
[2026-04-29T04:28:20.057Z]   [SKIPPED - not supplement] "FUELR Caffeinated Energy Gels" | product_type: "(blank)"
[2026-04-29T04:28:20.057Z]   [SKIPPED - not supplement] "FUELR Isotonic Energy Gels" | product_type: "(blank)"
[2026-04-29T04:28:20.058Z]   [SKIPPED - not supplement] "HiveEnergy Sports Fuel with Himalayan Salt" | product_type: "(blank)"
[2026-04-29T04:28:20.058Z]   [SKIPPED - not supplement] "HiveEnergy Sports Fuel" | product_type: "(blank)"
[2026-04-29T04:28:20.059Z]   [SKIPPED - not supplement] "Swoleys Testie Chews Test Booster Gummies" | product_type: "(blank)"
[2026-04-29T04:28:20.064Z]   [SKIPPED - not supplement] "Pharmafreak Test Freak Gold Edition Test Booster" | product_type: "(blank)"
[2026-04-29T04:28:20.065Z]   [SKIPPED - not supplement] "ASN Logo Tank" | product_type: "(blank)"
[2026-04-29T04:28:20.066Z]   [SKIPPED - not supplement] "ASN Logo Tee" | product_type: "(blank)"
[2026-04-29T04:28:20.579Z]   Page 2...
[2026-04-29T04:28:20.974Z]   [SKIPPED - not supplement] "Pharmafreak Test Freak Test Booster" | product_type: "(blank)"
[2026-04-29T04:28:20.975Z]   Found 273 supplement products from ASN Online (2 pages fetched)
[2026-04-29T04:28:22.476Z] Scraping Supplement Solutions...
[2026-04-29T04:28:22.477Z]   Page 1...
[2026-04-29T04:28:23.159Z]   [SKIPPED - not supplement] "Zombie Labs Blackoutz" | product_type: "Sleep Aid"
[2026-04-29T04:28:23.161Z]   [SKIPPED - not supplement] "Inception Labs Aceso" | product_type: "General Health"
[2026-04-29T04:28:23.161Z]   [SKIPPED - not supplement] "Inception Labs Somnus" | product_type: "Sleep Aid"
[2026-04-29T04:28:23.161Z]   [SKIPPED - not supplement] "Inception Labs Reprieve" | product_type: "General Health"
[2026-04-29T04:28:23.162Z]   [SKIPPED - not supplement] "Inception Labs PhytoBiome" | product_type: "General Health"
[2026-04-29T04:28:23.165Z]   [SKIPPED - not supplement] "Supplement Solutions Liquid Chalk 50ml" | product_type: "Accessories"
[2026-04-29T04:28:23.165Z]   [SKIPPED - not supplement] "Supplement Solutions Camo Knee Wraps 180cm" | product_type: "Accessories"
[2026-04-29T04:28:23.166Z]   Found 102 supplement products from Supplement Solutions (1 page fetched)
[2026-04-29T04:28:24.674Z] Scraping Raisey's...
[2026-04-29T04:28:24.675Z]   Page 1...
[2026-04-29T04:28:25.137Z]   Found 36 supplement products from Raisey's (1 page fetched)
[2026-04-29T04:28:26.649Z] Scraping Elite Supplements...
[2026-04-29T04:28:26.650Z]   Page 1...
[2026-04-29T04:28:27.167Z]   Found 0 supplement products from Elite Supplements (1 page fetched)
[2026-04-29T04:28:28.678Z] Scraping BodyStrong...
[2026-04-29T04:28:28.679Z]   Page 1...
[2026-04-29T04:28:29.863Z]   [SKIPPED - not supplement] "GASPARI Tribulus | 90 Capsules" | product_type: "Capsules"
[2026-04-29T04:28:29.866Z]   [SKIPPED - not supplement] "MUSASHI Tribulus+ - 60 Capsules" | product_type: "Capsules"
[2026-04-29T04:28:29.869Z]   Found 128 supplement products from BodyStrong (1 page fetched)
[2026-04-29T04:28:31.382Z] Scraping Chemist Warehouse...
[2026-04-29T04:28:31.383Z]   Page 1...
[2026-04-29T04:28:31.468Z]   Retry 1/2 after error: HTTP 404 for https://www.chemistwarehouse.co.nz/products.json?limit=250&page=1
[2026-04-29T04:28:33.518Z]   Retry 2/2 after error: HTTP 404 for https://www.chemistwarehouse.co.nz/products.json?limit=250&page=1
[2026-04-29T04:28:37.547Z]   ERROR on page 1 (attempt 1/3): HTTP 404 for https://www.chemistwarehouse.co.nz/products.json?limit=250&page=1
[2026-04-29T04:28:37.547Z]   Skipping page 1 and continuing to page 2...
[2026-04-29T04:28:39.548Z]   Page 2...
[2026-04-29T04:28:39.625Z]   Retry 1/2 after error: HTTP 404 for https://www.chemistwarehouse.co.nz/products.json?limit=250&page=2
[2026-04-29T04:28:41.672Z]   Retry 2/2 after error: HTTP 404 for https://www.chemistwarehouse.co.nz/products.json?limit=250&page=2
[2026-04-29T04:28:45.717Z]   ERROR on page 2 (attempt 2/3): HTTP 404 for https://www.chemistwarehouse.co.nz/products.json?limit=250&page=2
[2026-04-29T04:28:45.717Z]   Skipping page 2 and continuing to page 3...
[2026-04-29T04:28:47.727Z]   Page 3...
[2026-04-29T04:28:47.803Z]   Retry 1/2 after error: HTTP 404 for https://www.chemistwarehouse.co.nz/products.json?limit=250&page=3
[2026-04-29T04:28:49.840Z]   Retry 2/2 after error: HTTP 404 for https://www.chemistwarehouse.co.nz/products.json?limit=250&page=3
[2026-04-29T04:28:53.883Z]   ERROR on page 3 (attempt 3/3): HTTP 404 for https://www.chemistwarehouse.co.nz/products.json?limit=250&page=3
[2026-04-29T04:28:53.883Z]   Stopping Chemist Warehouse after 3 consecutive page failures
[2026-04-29T04:28:53.883Z]   Found 0 supplement products from Chemist Warehouse (2 pages fetched)
[2026-04-29T04:28:55.392Z] Scraping Bargain Chemist...
[2026-04-29T04:28:55.392Z]   Page 1...
[2026-04-29T04:28:56.064Z]   [SKIPPED - not supplement] "Victoria’s Secret Angel Gold EDP Spray 50ml" | product_type: "Beauty Accessories"
[2026-04-29T04:28:56.070Z]   [SKIPPED - not supplement] "Trilogy Polyglutamic+ Booster Serum 15ml" | product_type: "Beauty Accessories"
[2026-04-29T04:28:56.070Z]   [SKIPPED - not supplement] "Calvin Klein Obsession for Women Eau de Parfum 100 ML" | product_type: "Beauty Accessories"
[2026-04-29T04:28:56.077Z]   [SKIPPED - not supplement] "Elizabeth Arden G/Tea Summer EDT Spray 100ml" | product_type: "Beauty Accessories"
[2026-04-29T04:28:56.077Z]   [SKIPPED - not supplement] "ADIDAS 75ML EDT SPRAY WOMEN FRUIT RHYTHM" | product_type: "Beauty Accessories"
[2026-04-29T04:28:56.077Z]   [SKIPPED - not supplement] "VERA WANG EMBRACE 240ML B/MIST IRIS" | product_type: "Beauty Accessories"
[2026-04-29T04:28:56.078Z]   [SKIPPED - not supplement] "ADIDAS 50ML EDT SPRAY PURE LIGHTNESS" | product_type: "Beauty Accessories"
[2026-04-29T04:28:56.078Z]   [SKIPPED - not supplement] "ADIDAS GET READY 50ML EDT SPRAY WOMEN" | product_type: "Beauty Accessories"
[2026-04-29T04:28:56.079Z]   [SKIPPED - not supplement] "CHARLIE SILVER 100ML EDT" | product_type: "Beauty Accessories"
[2026-04-29T04:28:56.079Z]   [SKIPPED - not supplement] "ARIANA GRANDE CLOUD 2.0 INTENSE 100ML EDP" | product_type: "Beauty Accessories"
[2026-04-29T04:28:56.079Z]   [SKIPPED - not supplement] "VERA WANG ROCK PRINCESS 250ML BODY MIST" | product_type: "Beauty Accessories"
[2026-04-29T04:28:56.080Z]   [SKIPPED - not supplement] "ADIDAS 50ML EDT SPRAY WOMEN NAT VITALITY" | product_type: "Beauty Accessories"
[2026-04-29T04:28:56.080Z]   [SKIPPED - not supplement] "VERA WANG PRINCESS 30ML EDT SPRAY" | product_type: "Beauty Accessories"
[2026-04-29T04:28:56.080Z]   [SKIPPED - not supplement] "Chloe By Chloe Women's Eau De Perfume 50ml" | product_type: "Beauty Accessories"
[2026-04-29T04:28:56.080Z]   [SKIPPED - not supplement] "Guess Seductive Noir EDT 75ml for Women" | product_type: "Beauty Accessories"
[2026-04-29T04:28:56.081Z]   [SKIPPED - not supplement] "DOLCE & GABBANA LIGHT BLUE EAU INTENSE (W) EDP 50 ml IT" | product_type: "Beauty Accessories"
[2026-04-29T04:28:56.081Z]   [SKIPPED - not supplement] "VERSACE BLUE JEANS MAN (M) EDT 75 ml IT" | product_type: "Beauty Accessories"
[2026-04-29T04:28:56.081Z]   [SKIPPED - not supplement] "TH Tommy Girl EDT 100ml" | product_type: "Beauty Accessories"
[2026-04-29T04:28:56.082Z]   [SKIPPED - not supplement] "MARCJ Honey EDP Spray 100ml" | product_type: "Beauty Accessories"
[2026-04-29T04:28:56.082Z]   [SKIPPED - not supplement] "EA G/Tea Lav. EDT Spray 100ml" | product_type: "Beauty Accessories"
[2026-04-29T04:28:56.082Z]   [SKIPPED - not supplement] "BURBERRY GODDESS (W) EDP 100 ml REFILLABLE ES" | product_type: "Beauty Accessories"
[2026-04-29T04:28:56.082Z]   [SKIPPED - not supplement] "CALVIN KLEIN CK EVERYONE (U) EDT 50 ml ES" | product_type: "Beauty Accessories"
[2026-04-29T04:28:56.083Z]   [SKIPPED - not supplement] "Britney Spears Jungle Fan. EDT 30ml" | product_type: "Beauty Accessories"
[2026-04-29T04:28:56.083Z]   [SKIPPED - not supplement] "JEAN PAUL GAULTIER SCANDAL ABSOLU (W) PARFUM CONCENTRE 80ml" | product_type: "Beauty Accessories"
[2026-04-29T04:28:56.083Z]   [SKIPPED - not supplement] "CALVIN KLEIN (ETERNITY+OBSESSION+CK ONE+ESCAPE) (U+W) SET EDP 3 x 15 ml + EDT 15 ml (SPLASH) FR" | product_type: "Beauty Accessories"
[2026-04-29T04:28:56.084Z]   [SKIPPED - not supplement] "EA G/Tea Mimosa EDT Spray 100ml" | product_type: "Beauty Accessories"
[2026-04-29T04:28:56.084Z]   [SKIPPED - not supplement] "ELIE SAAB GIRL OF NOW SHINE (W) EDP 90 ml IT" | product_type: "Beauty Accessories"
[2026-04-29T04:28:56.085Z]   [SKIPPED - not supplement] "ELIE SAAB GIRL OF NOW (W) EDP 90 ml IT" | product_type: "Beauty Accessories"
[2026-04-29T04:28:56.085Z]   [SKIPPED - not supplement] "EA G/Tea Lotus EDT 100ml" | product_type: "Beauty Accessories"
[2026-04-29T04:28:56.085Z]   [SKIPPED - not supplement] "Boss Green Men EDT New 200ml" | product_type: "Beauty Accessories"
[2026-04-29T04:28:56.086Z]   [SKIPPED - not supplement] "LATTAFA BADE'E AL OUD AMETHYST (W) EDP 100 ml AE" | product_type: "Beauty Accessories"
[2026-04-29T04:28:56.086Z]   [SKIPPED - not supplement] "Moschino TOY2 Pearl 30ml EDP 2pc Set" | product_type: "Beauty Accessories"
[2026-04-29T04:28:56.086Z]   [SKIPPED - not supplement] "Britney Spears PrerogRave EDP 100ml" | product_type: "Beauty Accessories"
[2026-04-29T04:28:56.087Z]   [SKIPPED - not supplement] "BURBERRY HER (W) EDP 100 ml ES" | product_type: "Beauty Accessories"
[2026-04-29T04:28:56.087Z]   [SKIPPED - not supplement] "VIKTOR & ROLF SPICEBOMB EXTREME POUR HOMME (M) EDP 90 ml FR" | product_type: "Beauty Accessories"
[2026-04-29T04:28:56.087Z]   [SKIPPED - not supplement] "CHRISTIAN DIOR POISON (W) EDT 100 ml FR" | product_type: "Beauty Accessories"
[2026-04-29T04:28:56.087Z]   [SKIPPED - not supplement] "JIMMY CHOO BLOSSOM (W) EDP 100 ml FR" | product_type: "Beauty Accessories"
[2026-04-29T04:28:56.088Z]   [SKIPPED - not supplement] "Yacht Man Metal EDT 100ml" | product_type: "Beauty Accessories"
[2026-04-29T04:28:56.603Z]   Page 2...
[2026-04-29T04:28:57.238Z]   [SKIPPED - not supplement] "GIORGIO ARMANI EMPORIO ARMANI DIAMONDS FOR MEN (M) EDT 75ml" | product_type: "Beauty Accessories"
[2026-04-29T04:28:57.238Z]   [SKIPPED - not supplement] "ROYALPRESTIGE Hand Warmers 2pk" | product_type: "Beauty Accessories"
[2026-04-29T04:28:57.239Z]   [SKIPPED - not supplement] "PRADA PARADOXE INTENSE (W) EDP 90 ml REFILLABLE FR" | product_type: "Beauty Accessories"
[2026-04-29T04:28:57.239Z]   [SKIPPED - not supplement] "CHARLIE EDT Gold 100ml" | product_type: "Beauty Accessories"
[2026-04-29T04:28:57.239Z]   [SKIPPED - not supplement] "ELIE SAAB GIRL OF NOW FOREVER (W) EDP 90 ml IT" | product_type: "Beauty Accessories"
[2026-04-29T04:28:57.239Z]   [SKIPPED - not supplement] "HUGO BOSS HUGO JUST DIFFERENT (M) EDT 75 ml FR" | product_type: "Beauty Accessories"
[2026-04-29T04:28:57.240Z]   [SKIPPED - not supplement] "DKNY Be Deli. Fresh Blossom 30ml" | product_type: "Beauty Accessories"
[2026-04-29T04:28:57.240Z]   [SKIPPED - not supplement] "YVES SAINT LAURENT Y (M) EDP INTENSE 100 ml FR" | product_type: "Beauty Accessories"
[2026-04-29T04:28:57.241Z]   [SKIPPED - not supplement] "DOLCE & GABBANA LIGHT BLUE (W) EDT 100 ml REFILLABLE IT" | product_type: "Beauty Accessories"
[2026-04-29T04:28:57.241Z]   [SKIPPED - not supplement] "NARCISO RODRIGUEZ PURE MUSC FOR HER (W) EDP 50 ml FR" | product_type: "Beauty Accessories"
[2026-04-29T04:28:57.241Z]   [SKIPPED - not supplement] "DOLCE & GABBANA LIGHT BLUE POUR HOMME (M) EDT 100 ml IT" | product_type: "Beauty Accessories"
[2026-04-29T04:28:57.244Z]   [SKIPPED - not supplement] "SugarBaby Get Glowing Glow Drops 40ml" | product_type: "Beauty Accessories"
[2026-04-29T04:28:57.245Z]   [SKIPPED - not supplement] "DB Fragrance Scent Two 100ml" | product_type: "Beauty Accessories"
[2026-04-29T04:28:57.245Z]   [SKIPPED - not supplement] "DB Fragrance Painted Lady 100ml" | product_type: "Beauty Accessories"
[2026-04-29T04:28:57.253Z]   [SKIPPED - not supplement] "MCo MCH355 Comb Eyelash Curler" | product_type: "Beauty Accessories"
[2026-04-29T04:28:57.254Z]   [SKIPPED - not supplement] "MCo MCH303 E/day Precision Tweezers" | product_type: "Beauty Accessories"
[2026-04-29T04:28:57.255Z]   [SKIPPED - not supplement] "Juicy Couture EDP Spray 50ml" | product_type: "Beauty Accessories"
[2026-04-29T04:28:57.767Z]   Page 3...
[2026-04-29T04:28:58.292Z]   [SKIPPED - not supplement] "Body Lux Gld 35ml EDT&Lot 2pc Set" | product_type: "Beauty Accessories"
[2026-04-29T04:28:58.293Z]   [SKIPPED - not supplement] "Body Lux LAA Rouge Frag Mist 250ml" | product_type: "Beauty Accessories"
[2026-04-29T04:28:58.293Z]   [SKIPPED - not supplement] "Body Lux RosyCld 35mlEDT&Lot 2pc Set" | product_type: "Beauty Accessories"
[2026-04-29T04:28:58.293Z]   [SKIPPED - not supplement] "Body Lux Good Girl Frag Mist 250ml" | product_type: "Beauty Accessories"
[2026-04-29T04:28:58.294Z]   [SKIPPED - not supplement] "D&G K Pour Homme EDT 100ml 2pc Set25" | product_type: "Beauty Accessories"
[2026-04-29T04:28:58.294Z]   [SKIPPED - not supplement] "CK Eternity EDP W 100ml 3pc Set X25" | product_type: "Beauty Accessories"
[2026-04-29T04:28:58.294Z]   [SKIPPED - not supplement] "CK One EDT Unisex 100ml 2pc Set X25" | product_type: "Beauty Accessories"
[2026-04-29T04:28:58.294Z]   [SKIPPED - not supplement] "D&G K by D&G EDT 100ml 3pc Set24" | product_type: "Beauty Accessories"
[2026-04-29T04:28:58.295Z]   [SKIPPED - not supplement] "D&G Lt Blue Wmns EDT 100ml 3pc Set25" | product_type: "Beauty Accessories"
[2026-04-29T04:28:58.296Z]   [SKIPPED - not supplement] "Body Lux LYM Frag Mist 2020 250ml" | product_type: "Beauty Accessories"
[2026-04-29T04:28:58.297Z]   [SKIPPED - not supplement] "Body Lux Frag Girl Night EDP 30ml" | product_type: "Beauty Accessories"
[2026-04-29T04:28:58.297Z]   [SKIPPED - not supplement] "Body Lux LYM Frag Mist 2022 250ml" | product_type: "Beauty Accessories"
[2026-04-29T04:28:58.297Z]   [SKIPPED - not supplement] "YSL Opium EDP Spray 50ml" | product_type: "Beauty Accessories"
[2026-04-29T04:28:58.298Z]   [SKIPPED - not supplement] "Narciso Rodriguez Her EDT 90ml" | product_type: "Beauty Accessories"
[2026-04-29T04:28:58.298Z]   [SKIPPED - not supplement] "AdM 41-2128 Allig Clips Bows Blk 2pc" | product_type: "Beauty Accessories"
[2026-04-29T04:28:58.298Z]   [SKIPPED - not supplement] "MbM 40-3128 One Tch Clp C/Shells 2pk" | product_type: "Beauty Accessories"
[2026-04-29T04:28:58.299Z]   [SKIPPED - not supplement] "MAE 40-2268 El/Twirl Ties Browns 4pk" | product_type: "Beauty Accessories"
[2026-04-29T04:28:58.299Z]   [SKIPPED - not supplement] "MAE 40-2016 Styling Clips Black 4pk" | product_type: "Beauty Accessories"
[2026-04-29T04:28:58.300Z]   [SKIPPED - not supplement] "AdM 41-2316 Headband Velvt Braid Blk" | product_type: "Beauty Accessories"
[2026-04-29T04:28:58.300Z]   [SKIPPED - not supplement] "AdM 41-2227 Elast Satin Flowers 2pk" | product_type: "Beauty Accessories"
[2026-04-29T04:28:58.300Z]   [SKIPPED - not supplement] "AdM 41-2223 Elast Bows Blk&Browns 4s" | product_type: "Beauty Accessories"
[2026-04-29T04:28:58.303Z]   [SKIPPED - not supplement] "Dear Body Glit. Stars Fragrance Mist 250ml" | product_type: "Beauty Accessories"
[2026-04-29T04:28:58.303Z]   [SKIPPED - not supplement] "Ruby Face Cosmetic Hair Brush" | product_type: "Beauty Accessories"
[2026-04-29T04:28:58.305Z]   [SKIPPED - not supplement] "CHLOE By Chloe EDP 75ml 3pc Set25" | product_type: "Beauty Accessories"
[2026-04-29T04:28:58.306Z]   [SKIPPED - not supplement] "BURBERRY Her EDP 100ml 2pc Set25" | product_type: "Beauty Accessories"
[2026-04-29T04:28:58.306Z]   [SKIPPED - not supplement] "Armani Code For Men Cologne Eau De Toilette 125ml" | product_type: "Beauty Accessories"
[2026-04-29T04:28:58.307Z]   [SKIPPED - not supplement] "Boss Bottled (Grey) EDT 50ml" | product_type: "Beauty Accessories"
[2026-04-29T04:28:58.307Z]   [SKIPPED - not supplement] "Rabanne Paco Fame EDP 30ml" | product_type: "Beauty Accessories"
[2026-04-29T04:28:58.308Z]   [SKIPPED - not supplement] "DEPEND PT Nail care Remover & Corrector pen" | product_type: "Cosmetics"
[2026-04-29T04:28:58.308Z]   [SKIPPED - not supplement] "MARC Jacobs Fragrance Mini Gift 4pc Set" | product_type: "Beauty Accessories"
[2026-04-29T04:28:58.309Z]   [SKIPPED - not supplement] "UMBRO Giftset For Men Power 2pc" | product_type: "Beauty Accessories"
[2026-04-29T04:28:58.309Z]   [SKIPPED - not supplement] "UMBRO Giftset For Men Ice 2pc" | product_type: "Beauty Accessories"
[2026-04-29T04:28:58.309Z]   [SKIPPED - not supplement] "Philips Avent Soother Ultra Air Night 18m+ 2pk" | product_type: "Children Babies & Mum"
[2026-04-29T04:28:58.310Z]   [SKIPPED - not supplement] "Philips Avent Natural Response Teat 6mths -  2pk" | product_type: "Children Babies & Mum"
[2026-04-29T04:28:58.310Z]   [SKIPPED - not supplement] "Truyu Nail Clipper Curved Celestial Limited Edition" | product_type: "Beauty Accessories"
[2026-04-29T04:28:58.311Z]   [SKIPPED - not supplement] "Agent Provocateur MISS AP EDP 100ml" | product_type: "Beauty Accessories"
[2026-04-29T04:28:58.311Z]   [SKIPPED - not supplement] "Swisspers Cotton Squares 150's" | product_type: "Beauty Accessories"
[2026-04-29T04:28:58.312Z]   [SKIPPED - not supplement] "MIU MIU TWIST EDP Spray 100ml" | product_type: "Beauty Accessories"
[2026-04-29T04:28:58.312Z]   [SKIPPED - not supplement] "DKNY MY NY EDP SPRAY 50ml" | product_type: "Beauty Accessories"
[2026-04-29T04:28:58.312Z]   [SKIPPED - not supplement] "CK Truth for Women EDP 100ml" | product_type: "Beauty Accessories"
[2026-04-29T04:28:58.313Z]   [SKIPPED - not supplement] "Victoria’s Secret Tease Heartbreaker EDP Spray 100ml" | product_type: "Beauty Accessories"
[2026-04-29T04:28:58.313Z]   [SKIPPED - not supplement] "Victoria’s Secret Rapture Cologne Spray 50ml" | product_type: "Beauty Accessories"
[2026-04-29T04:28:58.313Z]   [SKIPPED - not supplement] "Victoria’s Secret Love Me EDP Spray 50ml" | product_type: "Beauty Accessories"
[2026-04-29T04:28:58.314Z]   [SKIPPED - not supplement] "Calvin Klein Eternity Cologne for Him 100ml" | product_type: "Beauty Accessories"
[2026-04-29T04:28:58.314Z]   [SKIPPED - not supplement] "Victoria’s Secret Heavenly Summer EDP Spray 100ml" | product_type: "Beauty Accessories"
[2026-04-29T04:28:58.314Z]   [SKIPPED - not supplement] "TLC Hanging Travel Kit - Navy" | product_type: "Beauty Accessories"
[2026-04-29T04:28:58.315Z]   [SKIPPED - not supplement] "Wet n Wild Ghost Gloss Inky" | product_type: "Beauty Accessories"
[2026-04-29T04:28:58.315Z]   [SKIPPED - not supplement] "Britney Spears Curious EDP 100ml for Women" | product_type: "Beauty Accessories"
[2026-04-29T04:28:58.315Z]   [SKIPPED - not supplement] "Britney Spears Believe EDP 100ml for Women" | product_type: "Beauty Accessories"
[2026-04-29T04:28:58.827Z]   Page 4...
[2026-04-29T04:28:59.517Z]   [SKIPPED - not supplement] "Revlon Colorstay Satin Ink™ Lipcolor Citrine Queen" | product_type: "Beauty Accessories"
[2026-04-29T04:28:59.518Z]   [SKIPPED - not supplement] "TravaCalm Travel Band" | product_type: "Medicines & Professional Services"
[2026-04-29T04:28:59.519Z]   [SKIPPED - not supplement] "Dolce & Gabbana K EDP 150ml for Men" | product_type: "Beauty Accessories"
[2026-04-29T04:28:59.519Z]   [SKIPPED - not supplement] "CREED Aventus EDP 50ml for Men" | product_type: "Beauty Accessories"
[2026-04-29T04:28:59.519Z]   [SKIPPED - not supplement] "QVS Tan Remover and Preparation Mitten" | product_type: "Beauty Accessories"
[2026-04-29T04:28:59.520Z]   [SKIPPED - not supplement] "MAE Twirl Ties Mini Peach & Pink" | product_type: "Beauty Accessories"
[2026-04-29T04:28:59.520Z]   [SKIPPED - not supplement] "MAE Twirl Ties Mini Clear & Blue x4" | product_type: "Beauty Accessories"
[2026-04-29T04:28:59.521Z]   [SKIPPED - not supplement] "Missy Pixel Princess Eau De Parfum 22ml" | product_type: "Beauty Accessories"
[2026-04-29T04:28:59.521Z]   [SKIPPED - not supplement] "Jennifer Lopez Glow 100ml EDT" | product_type: "Beauty Accessories"
[2026-04-29T04:28:59.521Z]   [SKIPPED - not supplement] "BVLGARI Omnia Pink Sapphire EDT 65ml for Women" | product_type: "Beauty Accessories"
[2026-04-29T04:28:59.522Z]   [SKIPPED - not supplement] "Versace Dylan Blue Pour Femme Perfume EDP 100ml" | product_type: "Beauty Accessories"
[2026-04-29T04:28:59.522Z]   [SKIPPED - not supplement] "Avent Natural Feeding Bottle 0m+ 125mL x 2 Pack" | product_type: "Baby"
[2026-04-29T04:28:59.523Z]   [SKIPPED - not supplement] "Philips Avent Natural Bottle 330ml 2 Pack" | product_type: "Baby"
[2026-04-29T04:28:59.524Z]   [SKIPPED - not supplement] "ADIDAS Energy Drive EDP 100ml" | product_type: "Beauty Accessories"
[2026-04-29T04:28:59.524Z]   [SKIPPED - not supplement] "ADIDAS Full Recharge EDP 100ml" | product_type: "Beauty Accessories"
[2026-04-29T04:28:59.525Z]   [SKIPPED - no category] "Vital Proteins Collagen Peptides Chocolate 329g" | product_type: "Health & Wellbeing" | tags: april_promo,coll_PriceSmash,may-2026-promo,On Promotion
[2026-04-29T04:28:59.525Z]   [SKIPPED - not supplement] "Versace Eros EDT 30ml For Men" | product_type: "Beauty Accessories"
[2026-04-29T04:28:59.526Z]   [SKIPPED - not supplement] "EL White Linen EDP Spray 60ml" | product_type: "Beauty Accessories"
[2026-04-29T04:28:59.526Z]   [SKIPPED - no category] "Personal Massaging Vibrator Pink" | product_type: "Personal Care" | tags: coll_PriceSmash,may-2026-promo,On Promotion
[2026-04-29T04:28:59.527Z]   [SKIPPED - not supplement] "GUCCI Guilty PH EDP 90ml" | product_type: "Beauty Accessories"
[2026-04-29T04:28:59.528Z]   [SKIPPED - not supplement] "Narciso Musc Noir EDP 50ml" | product_type: "Beauty Accessories"
[2026-04-29T04:28:59.528Z]   [SKIPPED - not supplement] "Lee Stafford Hair Perfume Mist Original 82ml" | product_type: "Beauty Accessories"
[2026-04-29T04:28:59.529Z]   [SKIPPED - not supplement] "Lee Stafford Hair Perfume Mist Papaya Punch 80ml" | product_type: "Beauty Accessories"
[2026-04-29T04:28:59.529Z]   [SKIPPED - not supplement] "Lee Stafford Hair Perfume Mist Caramel Brulee 81ml" | product_type: "Beauty Accessories"
[2026-04-29T04:28:59.530Z]   [SKIPPED - not supplement] "Versace Eros Flame EDP 100ml" | product_type: "Beauty Accessories"
[2026-04-29T04:28:59.530Z]   [SKIPPED - not supplement] "Victoria’s Secret So In Love EDP Spray 50ml" | product_type: "Beauty Accessories"
[2026-04-29T04:28:59.531Z]   [SKIPPED - not supplement] "Victoria’s Secret Love EDP Spray 100ml" | product_type: "Beauty Accessories"
[2026-04-29T04:28:59.531Z]   [SKIPPED - not supplement] "BS Fantasy 100ml EDP 3pc Set25" | product_type: "Beauty Accessories"
[2026-04-29T04:28:59.531Z]   [SKIPPED - not supplement] "LATTAFA Khamrah Wmn EDP 100ml" | product_type: "Beauty Accessories"
[2026-04-29T04:28:59.531Z]   [SKIPPED - not supplement] "D&G The One Wmns EDP 75ml 3pc Set25" | product_type: "Beauty Accessories"
[2026-04-29T04:28:59.532Z]   [SKIPPED - not supplement] "Versace Eros PH EDT 200ml" | product_type: "Beauty Accessories"
[2026-04-29T04:28:59.532Z]   [SKIPPED - not supplement] "Sarah Jessica Parker Lovely Womans EDP 200ml" | product_type: "Beauty Accessories"
[2026-04-29T04:28:59.532Z]   [SKIPPED - not supplement] "RALPH Polo Red Mens EDP 200ml" | product_type: "Beauty Accessories"
[2026-04-29T04:28:59.533Z]   [SKIPPED - not supplement] "POLO Red EDP 125ml" | product_type: "Beauty Accessories"
[2026-04-29T04:28:59.533Z]   [SKIPPED - not supplement] "Rabanne Olympea EDP 80ml" | product_type: "Beauty Accessories"
[2026-04-29T04:28:59.534Z]   [SKIPPED - not supplement] "Rabanne 1Million Elx Parfum Int100ml" | product_type: "Beauty Accessories"
[2026-04-29T04:28:59.534Z]   [SKIPPED - not supplement] "Mugler Angel New Standing EDT 50ml" | product_type: "Beauty Accessories"
[2026-04-29T04:28:59.534Z]   [SKIPPED - not supplement] "Mugler Alien Goddess EDP Refill 60ml" | product_type: "Beauty Accessories"
[2026-04-29T04:28:59.535Z]   [SKIPPED - not supplement] "MAISON Margiela Replica Sunday Morning EDT (R)able 30ml" | product_type: "Beauty Accessories"
[2026-04-29T04:28:59.535Z]   [SKIPPED - not supplement] "MAISON Margiela Replica By the Fireplace EDT 30ml" | product_type: "Beauty Accessories"
[2026-04-29T04:28:59.535Z]   [SKIPPED - not supplement] "LATTAFA Yara Moi Wmn EDP 100ml" | product_type: "Beauty Accessories"
[2026-04-29T04:28:59.535Z]   [SKIPPED - not supplement] "LATTAFA Yara Candy Wmn EDP 100ml" | product_type: "Beauty Accessories"
[2026-04-29T04:28:59.536Z]   [SKIPPED - not supplement] "LATTAFA Najdia EDP 100ml" | product_type: "Beauty Accessories"
[2026-04-29T04:28:59.536Z]   [SKIPPED - not supplement] "LATTAFA Mayar Wmn EDP 100ml" | product_type: "Beauty Accessories"
[2026-04-29T04:28:59.536Z]   [SKIPPED - not supplement] "LATTAFA Hayaati Gld Elixir EDP 100ml" | product_type: "Beauty Accessories"
[2026-04-29T04:28:59.537Z]   [SKIPPED - not supplement] "LATTAFA Asad Zanzibar Men 100ml" | product_type: "Beauty Accessories"
[2026-04-29T04:28:59.537Z]   [SKIPPED - not supplement] "Kenzo FBK Poppy Bq EDP 100ml 3pc S25" | product_type: "Beauty Accessories"
[2026-04-29T04:28:59.537Z]   [SKIPPED - not supplement] "Kenzo FBK EDP 75ml 3pc Set25" | product_type: "Beauty Accessories"
[2026-04-29T04:28:59.537Z]   [SKIPPED - not supplement] "Kenzo FBK EDP 50ml 3pc Set25" | product_type: "Beauty Accessories"
[2026-04-29T04:28:59.538Z]   [SKIPPED - not supplement] "Kenzo FBK EDT Coral 100ml" | product_type: "Beauty Accessories"
[2026-04-29T04:28:59.538Z]   [SKIPPED - not supplement] "Kenzo FBK EDP 30ml" | product_type: "Beauty Accessories"
[2026-04-29T04:28:59.538Z]   [SKIPPED - not supplement] "J HAS A GUN NA Perf EDP100ml 2pc S25" | product_type: "Beauty Accessories"
[2026-04-29T04:28:59.539Z]   [SKIPPED - not supplement] "Jo Malone Cologne Wood Sage Sea Salt 30ml" | product_type: "Beauty Accessories"
[2026-04-29T04:28:59.539Z]   [SKIPPED - not supplement] "Jo Malone London English Pear & Freesia 100ml" | product_type: "Beauty Accessories"
[2026-04-29T04:28:59.539Z]   [SKIPPED - not supplement] "JPG Le Male EDT 125ml 2pc Set25" | product_type: "Beauty Accessories"
[2026-04-29T04:28:59.539Z]   [SKIPPED - not supplement] "ISSEY LE DIssey PH EDT 125ml 3pc S25" | product_type: "Beauty Accessories"
[2026-04-29T04:28:59.540Z]   [SKIPPED - not supplement] "CH Good Girl Blush Elixir 80ml" | product_type: "Beauty Accessories"
[2026-04-29T04:28:59.540Z]   [SKIPPED - not supplement] "CH Good Girl EDP 80ml 2pc Set25" | product_type: "Beauty Accessories"
[2026-04-29T04:28:59.540Z]   [SKIPPED - not supplement] "CH Good Girl Legere EDP 30ml" | product_type: "Beauty Accessories"
[2026-04-29T04:28:59.541Z]   [SKIPPED - not supplement] "CH Bad Boy EDT 100ml 2pc Set25" | product_type: "Beauty Accessories"
[2026-04-29T04:28:59.541Z]   [SKIPPED - not supplement] "Jimmy Choo I/W/Choo Le Parfum 100ml" | product_type: "Beauty Accessories"
[2026-04-29T04:28:59.541Z]   [SKIPPED - not supplement] "Paco Rabanne LADY MILLION EDP Spray 30ml" | product_type: "Beauty Accessories"
[2026-04-29T04:28:59.542Z]   [SKIPPED - not supplement] "M.KORS Gorgeous EDP 100ml 4pc Set25" | product_type: "Beauty Accessories"
[2026-04-29T04:28:59.542Z]   [SKIPPED - not supplement] "TLC T-169WWW Wild West DZU" | product_type: "Beauty Accessories"
[2026-04-29T04:28:59.542Z]   [SKIPPED - not supplement] "AL Pink SC Magic EDT 50ml 2pc Set25" | product_type: "Beauty Accessories"
[2026-04-29T04:28:59.543Z]   [SKIPPED - not supplement] "Versace Eros PH EDT 100ml 3 pc S25" | product_type: "Beauty Accessories"
[2026-04-29T04:28:59.543Z]   [SKIPPED - not supplement] "TLC T-140BLOAT Black&Oat Mirr. Purse" | product_type: "Beauty Accessories"
[2026-04-29T04:28:59.544Z]   [SKIPPED - not supplement] "TLC T-107POO3 Pink Bow 3pc Set" | product_type: "Beauty Accessories"
[2026-04-29T04:28:59.544Z]   [SKIPPED - not supplement] "Britney Spears Naked Fantasy 100ml EDT" | product_type: "Beauty Accessories"
[2026-04-29T04:28:59.545Z]   [SKIPPED - not supplement] "Versace Dy/Blue PH EDT 50ml 3pc S25" | product_type: "Beauty Accessories"
[2026-04-29T04:28:59.545Z]   [SKIPPED - no category] "Vital Proteins Lemon Collagen Peptides 313g" | product_type: "Health & Wellbeing" | tags: april_promo,coll_PriceSmash,may-2026-promo,On Promotion
[2026-04-29T04:28:59.546Z]   [SKIPPED - not supplement] "D&G The Only One EDP 50ml" | product_type: "Beauty Accessories"
[2026-04-29T04:28:59.546Z]   [SKIPPED - not supplement] "BYREDO Black Saff Uni EDP 100ml" | product_type: "Beauty Accessories"
[2026-04-29T04:28:59.546Z]   [SKIPPED - not supplement] "D&G The Only One EDP 30ml" | product_type: "Beauty Accessories"
[2026-04-29T04:28:59.547Z]   [SKIPPED - not supplement] "EA Red Door Revealed 100ml" | product_type: "Beauty Accessories"
[2026-04-29T04:28:59.547Z]   [SKIPPED - not supplement] "E.Taylor Wht Dmnd En Rouge EDT 100ml" | product_type: "Beauty Accessories"
[2026-04-29T04:28:59.547Z]   [SKIPPED - not supplement] "BYREDO Gyspy Water Uni EDP 100ml" | product_type: "Beauty Accessories"
[2026-04-29T04:28:59.548Z]   [SKIPPED - not supplement] "D&G The One Pour Homme EDT 50ml" | product_type: "Beauty Accessories"
[2026-04-29T04:28:59.548Z]   [SKIPPED - not supplement] "TLC T-107WWW Wild West Holdall" | product_type: "Beauty Accessories"
[2026-04-29T04:28:59.548Z]   [SKIPPED - not supplement] "TLC T-160WWW Wild West Hang WB" | product_type: "Beauty Accessories"
[2026-04-29T04:28:59.549Z]   [SKIPPED - not supplement] "TLC T-124POAT Pink Bow Oat Zipover" | product_type: "Beauty Accessories"
[2026-04-29T04:29:00.052Z]   Page 5...
[2026-04-29T04:29:00.675Z]   [SKIPPED - not supplement] "BePure Three Fish Oil 30s" | product_type: "Health & Wellbeing"
[2026-04-29T04:29:00.676Z]   [SKIPPED - not supplement] "BePure Three Fish Oil 60 Caps" | product_type: "Health & Wellbeing"
[2026-04-29T04:29:00.680Z]   [SKIPPED - not supplement] "BVLGARI Aqva Divina EDT 40ml for Women" | product_type: "Beauty Accessories"
[2026-04-29T04:29:00.682Z]   [SKIPPED - not supplement] "Versace Eros PH EDP 100ml" | product_type: "Beauty Accessories"
[2026-04-29T04:29:00.682Z]   [SKIPPED - not supplement] "L'Oréal Paris Revitalift Laser X3 Night Mask-Cream 50ml" | product_type: "Beauty Accessories"
[2026-04-29T04:29:00.682Z]   [SKIPPED - not supplement] "Calvin Klein Sheer Beauty EDT 100ml" | product_type: "Beauty Accessories"
[2026-04-29T04:29:00.683Z]   [SKIPPED - not supplement] "Lancome La Vie Est Belle Soleil Crystal EDP 100ml LE" | product_type: "Beauty Accessories"
[2026-04-29T04:29:00.683Z]   [SKIPPED - not supplement] "DB Fragrance Chaos EDP 100ml" | product_type: "Beauty Accessories"
[2026-04-29T04:29:00.684Z]   [SKIPPED - not supplement] "Jimmy Choo Illicit EDP 100ml" | product_type: "Beauty Accessories"
[2026-04-29T04:29:00.684Z]   [SKIPPED - not supplement] "Boss Hugo Just Different M EDT 75ml" | product_type: "Beauty Accessories"
[2026-04-29T04:29:00.684Z]   [SKIPPED - not supplement] "Gucci Rush EDT Spray 50ml" | product_type: "Beauty Accessories"
[2026-04-29T04:29:00.685Z]   [SKIPPED - not supplement] "Marc Jacobs Daisy EDT 30ml LE" | product_type: "Beauty Accessories"
[2026-04-29T04:29:00.685Z]   [SKIPPED - not supplement] "DB Fragrance Fluidite 100ml" | product_type: "Beauty Accessories"
[2026-04-29T04:29:00.685Z]   [SKIPPED - not supplement] "BioGaia Gastrus Pure Capsules 30pk" | product_type: "Beauty Accessories"
[2026-04-29T04:29:00.685Z]   [SKIPPED - not supplement] "Paco Rabanne 1 Million Elixir Parfum 200ml" | product_type: "Beauty Accessories"
[2026-04-29T04:29:00.686Z]   [SKIPPED - not supplement] "DB Fragrance Burning Love 100ml" | product_type: "Beauty Accessories"
[2026-04-29T04:29:00.686Z]   [SKIPPED - not supplement] "Narciso Rodriguez For Her EDP Spray 100ml" | product_type: "Beauty Accessories"
[2026-04-29T04:29:00.686Z]   [SKIPPED - not supplement] "NICORETTE Gum Fresh Fruit 4mg 150s" | product_type: "Beauty Accessories"
[2026-04-29T04:29:00.687Z]   [SKIPPED - not supplement] "BioGaia Gastrus Pure Capsules 60pk" | product_type: "Beauty Accessories"
[2026-04-29T04:29:00.687Z]   [SKIPPED - not supplement] "DB Fragrance Fancy 100ml" | product_type: "Beauty Accessories"
[2026-04-29T04:29:00.687Z]   [SKIPPED - not supplement] "Adidas Aftershave Ice Drive 100ml" | product_type: "Beauty Accessories"
[2026-04-29T04:29:00.687Z]   [SKIPPED - not supplement] "Adidas Ice Dive EDP 50ml" | product_type: "Beauty Accessories"
[2026-04-29T04:29:00.688Z]   [SKIPPED - not supplement] "Calvin Klein Obession Women EDP 100ml" | product_type: "Beauty Accessories"
[2026-04-29T04:29:00.688Z]   [SKIPPED - not supplement] "Marc Jacobs Perfect Elixir 100ml" | product_type: "Beauty Accessories"
[2026-04-29T04:29:00.688Z]   [SKIPPED - not supplement] "Issey Miyake Pour Homme EDT Spray 125ml" | product_type: "Beauty Accessories"
[2026-04-29T04:29:00.689Z]   [SKIPPED - not supplement] "Versace Eros Pour Homme EDP 50ml" | product_type: "Beauty Accessories"
[2026-04-29T04:29:00.689Z]   [SKIPPED - not supplement] "Gucci Gorgeous Gardenia EDP 30ml" | product_type: "Beauty Accessories"
[2026-04-29T04:29:00.689Z]   [SKIPPED - not supplement] "YSL Black Opium EDP 50ml" | product_type: "Beauty Accessories"
[2026-04-29T04:29:00.690Z]   [SKIPPED - not supplement] "Beckham Intimately Deo Spray 150ml" | product_type: "Beauty Accessories"
[2026-04-29T04:29:00.690Z]   [SKIPPED - not supplement] "Elizabeth Arden 5th Avenue EDP Spray 30ml" | product_type: "Beauty Accessories"
[2026-04-29T04:29:00.690Z]   [SKIPPED - not supplement] "Elizabeth Arden 5th Avenue 30ml EDP 2 piece Set 25" | product_type: "Beauty Accessories"
[2026-04-29T04:29:00.690Z]   [SKIPPED - not supplement] "Elizabeth Arden 5th Avenue After 5 EDP Spray 125ml" | product_type: "Beauty Accessories"
[2026-04-29T04:29:00.691Z]   [SKIPPED - not supplement] "Yves Saint Laurent Elle EDP Spray 90ml" | product_type: "Beauty Accessories"
[2026-04-29T04:29:00.691Z]   [SKIPPED - not supplement] "Joop Wow Fresh For Men EDT 40ml" | product_type: "Beauty Accessories"
[2026-04-29T04:29:00.691Z]   [SKIPPED - not supplement] "Creed Love in Black EDP 75ml" | product_type: "Beauty Accessories"
[2026-04-29T04:29:00.692Z]   [SKIPPED - not supplement] "Elizabeth Arden Red Door 100ml 3 Piece Gift Set" | product_type: "Beauty Accessories"
[2026-04-29T04:29:00.692Z]   [SKIPPED - not supplement] "Marc Jacobs Daisy EDT 50ml 2 piece Set" | product_type: "Beauty Accessories"
[2026-04-29T04:29:00.692Z]   [SKIPPED - not supplement] "Calvin Klein One EDT 100mI" | product_type: "Beauty Accessories"
[2026-04-29T04:29:00.693Z]   [SKIPPED - not supplement] "YSL La Nuit de L'Homme EDT 60ml" | product_type: "Beauty Accessories"
[2026-04-29T04:29:00.693Z]   [SKIPPED - not supplement] "Dolce & Gabbana Light Blue Eau Intense EDP 100ml" | product_type: "Beauty Accessories"
[2026-04-29T04:29:00.693Z]   [SKIPPED - not supplement] "Vera Wang Lovestruck EDP 100ml" | product_type: "Beauty Accessories"
[2026-04-29T04:29:00.693Z]   [SKIPPED - not supplement] "YSL Yvresse EDT Spray 80ml" | product_type: "Beauty Accessories"
[2026-04-29T04:29:00.694Z]   [SKIPPED - not supplement] "Marc Jacobs Perfect EDP 150ml" | product_type: "Beauty Accessories"
[2026-04-29T04:29:00.694Z]   [SKIPPED - not supplement] "Gucci Rush EDT 75ml" | product_type: "Beauty Accessories"
[2026-04-29T04:29:00.694Z]   [SKIPPED - not supplement] "Joop FEMME EDT Spray 100ml" | product_type: "Beauty Accessories"
[2026-04-29T04:29:00.695Z]   [SKIPPED - not supplement] "Beckham Instinct Deo Spray 150ml" | product_type: "Beauty Accessories"
[2026-04-29T04:29:00.695Z]   [SKIPPED - not supplement] "Versace Dylan Blue EDT 200ml" | product_type: "Beauty Accessories"
[2026-04-29T04:29:00.695Z]   [SKIPPED - not supplement] "Slava Zaitsev Maroussia EDT Spray 100ml" | product_type: "Beauty Accessories"
[2026-04-29T04:29:00.696Z]   [SKIPPED - not supplement] "Dolce & Gabbana Light Blue EDT 100ml" | product_type: "Beauty Accessories"
[2026-04-29T04:29:00.696Z]   [SKIPPED - not supplement] "Yves Saint Laurent Libre Florale EDP 50ml" | product_type: "Beauty Accessories"
[2026-04-29T04:29:00.696Z]   [SKIPPED - not supplement] "Boss Unlimited EDT 100ml" | product_type: "Beauty Accessories"
[2026-04-29T04:29:00.696Z]   [SKIPPED - not supplement] "MUGLER ANGEL (W) EDP 25 ml REFILLABLE FR" | product_type: "Beauty Accessories"
[2026-04-29T04:29:00.697Z]   [SKIPPED - not supplement] "Yara Tous Lattafa Women EDP 100ml" | product_type: "Beauty Accessories"
[2026-04-29T04:29:00.697Z]   [SKIPPED - not supplement] "YSL La Nuit de L'Homme EDT 100ml" | product_type: "Beauty Accessories"
[2026-04-29T04:29:00.698Z]   [SKIPPED - not supplement] "Boss Femme EDP 75ml" | product_type: "Beauty Accessories"
[2026-04-29T04:29:00.698Z]   [SKIPPED - not supplement] "Burberry For Men EDT 100ml" | product_type: "Beauty Accessories"
[2026-04-29T04:29:00.699Z]   [SKIPPED - not supplement] "Adidas Get Comfy EDP 100ml" | product_type: "Beauty Accessories"
[2026-04-29T04:29:00.699Z]   [SKIPPED - not supplement] "Britney Spears Fantasy Intense EDP 100ml" | product_type: "Beauty Accessories"
[2026-04-29T04:29:00.699Z]   [SKIPPED - not supplement] "Yves Saint Laurent Paris EDT Spray 125ml" | product_type: "Beauty Accessories"
[2026-04-29T04:29:00.699Z]   [SKIPPED - not supplement] "Beckham Beyond EDT 90ml" | product_type: "Beauty Accessories"
[2026-04-29T04:29:00.700Z]   [SKIPPED - not supplement] "Elizabeth Arden White Tea EDT Spray 100ml" | product_type: "Beauty Accessories"
[2026-04-29T04:29:00.700Z]   [SKIPPED - not supplement] "Joop Homme Wild 125ml" | product_type: "Beauty Accessories"
[2026-04-29T04:29:00.700Z]   [SKIPPED - not supplement] "Tom Ford Rose D'Amalfi EDP 50ml" | product_type: "Beauty Accessories"
[2026-04-29T04:29:00.700Z]   [SKIPPED - not supplement] "Paco Rabanne 1M EDT 100ml 3pc Set" | product_type: "Beauty Accessories"
[2026-04-29T04:29:00.701Z]   [SKIPPED - not supplement] "Gucci Bloom EDP 30ml" | product_type: "Beauty Accessories"
[2026-04-29T04:29:00.701Z]   [SKIPPED - not supplement] "YSL La Nuit de L'Homme EDP 100ml" | product_type: "Beauty Accessories"
[2026-04-29T04:29:00.701Z]   [SKIPPED - not supplement] "Lattafa Fakhar Black Mens 100ml" | product_type: "Beauty Accessories"
[2026-04-29T04:29:00.702Z]   [SKIPPED - not supplement] "Marc Jacobs Perfect Elixir 50ml" | product_type: "Beauty Accessories"
[2026-04-29T04:29:00.702Z]   [SKIPPED - not supplement] "YSL L'Homme EDT Spray 100ml" | product_type: "Beauty Accessories"
[2026-04-29T04:29:00.702Z]   [SKIPPED - not supplement] "Hugo Boss Dark Blue EDT Spray 75ml" | product_type: "Beauty Accessories"
[2026-04-29T04:29:00.703Z]   [SKIPPED - not supplement] "Dior Sauvage EDT 60ml" | product_type: "Beauty Accessories"
[2026-04-29T04:29:00.703Z]   [SKIPPED - not supplement] "Rabanne Lady Million EDP Spray 80ml" | product_type: "Beauty Accessories"
[2026-04-29T04:29:00.703Z]   [SKIPPED - not supplement] "Gucci Guilty Man EDT 50ml" | product_type: "Beauty Accessories"
[2026-04-29T04:29:00.703Z]   [SKIPPED - not supplement] "Versace Eros EDT 30ml" | product_type: "Beauty Accessories"
[2026-04-29T04:29:00.704Z]   [SKIPPED - not supplement] "YSL Mon Paris EDP 50ml" | product_type: "Beauty Accessories"
[2026-04-29T04:29:00.704Z]   [SKIPPED - not supplement] "Issey Miyake Pour Homme EDT Natural Spray 75ml" | product_type: "Beauty Accessories"
[2026-04-29T04:29:00.704Z]   [SKIPPED - not supplement] "Britney Spears Fantasy EDT 30ml" | product_type: "Beauty Accessories"
[2026-04-29T04:29:01.217Z]   Page 6...
[2026-04-29T04:29:01.775Z]   [SKIPPED - not supplement] "DB Cherry Bomb Collection Discovery Set" | product_type: "Beauty Accessories"
[2026-04-29T04:29:01.776Z]   [SKIPPED - not supplement] "DB Cherry Haze Special Edition EDP 100ml" | product_type: "Beauty Accessories"
[2026-04-29T04:29:01.776Z]   [SKIPPED - not supplement] "DB Cherry Spark Special Edition EDP 100ml" | product_type: "Beauty Accessories"
[2026-04-29T04:29:01.777Z]   [SKIPPED - not supplement] "DB Cherry Ripe Special Edition EDP 100ml" | product_type: "Beauty Accessories"
[2026-04-29T04:29:01.779Z]   [SKIPPED - not supplement] "Christian Dior Sauvage Elixir 100ml" | product_type: "Beauty Accessories"
[2026-04-29T04:29:01.779Z]   [SKIPPED - not supplement] "Hugo Boss Grey EDP 100ml" | product_type: "Beauty Accessories"
[2026-04-29T04:29:01.780Z]   [SKIPPED - not supplement] "Creed Carmina EDP 30ml" | product_type: "Beauty Accessories"
[2026-04-29T04:29:01.781Z]   [SKIPPED - not supplement] "Gucci Guilty Revolution Pour Femme EDP 50ml" | product_type: "Beauty Accessories"
[2026-04-29T04:29:01.781Z]   [SKIPPED - not supplement] "Mont Blanc Explorer EDP 100ml" | product_type: "Beauty Accessories"
[2026-04-29T04:29:01.782Z]   [SKIPPED - not supplement] "Narciso Rodriguez All of Me EDP 90ml" | product_type: "Beauty Accessories"
[2026-04-29T04:29:01.782Z]   [SKIPPED - not supplement] "Creed Spring Flower For Woman EDP 75ml" | product_type: "Beauty Accessories"
[2026-04-29T04:29:01.783Z]   [SKIPPED - not supplement] "Narciso Rodriguez All of Me EDP 50ml" | product_type: "Beauty Accessories"
[2026-04-29T04:29:01.783Z]   [SKIPPED - not supplement] "Gucci Flora Gorgeous Jasmine EDP 100ml" | product_type: "Beauty Accessories"
[2026-04-29T04:29:01.784Z]   [SKIPPED - not supplement] "Creed Carmina EDP 75ml" | product_type: "Beauty Accessories"
[2026-04-29T04:29:01.784Z]   [SKIPPED - not supplement] "Gucci Bamboo EDP 75ml" | product_type: "Beauty Accessories"
[2026-04-29T04:29:01.785Z]   [SKIPPED - not supplement] "Jimmy Choo EDT 100ml" | product_type: "Beauty Accessories"
[2026-04-29T04:29:01.786Z]   [SKIPPED - not supplement] "Calvin Klein Be Cologne 100mI Eau De Toilette" | product_type: "Beauty Accessories"
[2026-04-29T04:29:01.787Z]   [SKIPPED - not supplement] "Giorgio Armani Acqua Di Gio Profondo Parfum 100ml" | product_type: "Beauty Accessories"
[2026-04-29T04:29:01.787Z]   [SKIPPED - not supplement] "Mont Blanc Legend Night Eau de Parfum 100ml" | product_type: "Beauty Accessories"
[2026-04-29T04:29:01.788Z]   [SKIPPED - not supplement] "Mont Blanc Legend Blue Eau de Parfum 30ml" | product_type: "Beauty Accessories"
[2026-04-29T04:29:01.789Z]   [SKIPPED - not supplement] "Lancôme Poeme Eau De Parfum Vapo 100ml" | product_type: "Beauty Accessories"
[2026-04-29T04:29:01.789Z]   [SKIPPED - not supplement] "Versace Crystal Noir Eau De Toilette 50ml" | product_type: "Beauty Accessories"
[2026-04-29T04:29:01.790Z]   [SKIPPED - not supplement] "Calvin Klein Obsession For Men Eau De Toilette 125ml" | product_type: "Beauty Accessories"
[2026-04-29T04:29:01.791Z]   [SKIPPED - not supplement] "Joop! Go EDT 100ml for Men" | product_type: "Beauty Accessories"
[2026-04-29T04:29:01.792Z]   [SKIPPED - not supplement] "Billie Eilish No. 2 Eau De Parfum 100ml" | product_type: "Beauty Accessories"
[2026-04-29T04:29:01.792Z]   [SKIPPED - not supplement] "Lanvin Arpege EDP 100ml" | product_type: "Beauty Accessories"
[2026-04-29T04:29:01.793Z]   [SKIPPED - not supplement] "Bargain Chemist Hair Tie Scrunchie Black 5pk" | product_type: "Beauty Accessories"
[2026-04-29T04:29:01.793Z]   [SKIPPED - not supplement] "Hair Tie Animal Scrunchie 5pk" | product_type: "Beauty Accessories"
[2026-04-29T04:29:01.793Z]   [SKIPPED - not supplement] "Bargain Chemist Velvet Scrunchie Assorted" | product_type: "Beauty Accessories"
[2026-04-29T04:29:01.794Z]   [SKIPPED - not supplement] "Bargain Chemist  Hair Tie Polka Dot Scrunchie 5pk" | product_type: "Beauty Accessories"
[2026-04-29T04:29:01.795Z]   [SKIPPED - no category] "Oil Garden Love & Friendship Massage Blend 100ml" | product_type: "Health & Wellbeing" | tags: BRAND=Oil Garden,CAT=Comfort & wellness,CAT=Essential Oils,MCAT=Lifestyle & Wellness,On Promotion
[2026-04-29T04:29:02.304Z]   Page 7...
[2026-04-29T04:29:02.972Z]   [SKIPPED - not supplement] "Umbrella Childs Dome Flowers" | product_type: "Baby"
[2026-04-29T04:29:02.973Z]   [SKIPPED - not supplement] "Umbrella Childs Dome Vehicles" | product_type: "Baby"
[2026-04-29T04:29:02.973Z]   [SKIPPED - not supplement] "Head Band Statement Diamante Asstorted" | product_type: "Cosmetics"
[2026-04-29T04:29:02.973Z]   [SKIPPED - not supplement] "HB&Co Large Mini Check Make Up Bag" | product_type: "Cosmetics"
[2026-04-29T04:29:02.974Z]   [SKIPPED - not supplement] "Headband Jewelled Assorted" | product_type: "Cosmetics"
[2026-04-29T04:29:02.974Z]   [SKIPPED - not supplement] "HB&Co Compact Mirror Rhinestone Rectangle Assorted" | product_type: "Cosmetics"
[2026-04-29T04:29:02.974Z]   [SKIPPED - no category] "Massage Curved Hammer Black" | product_type: "Lifestyle & Wellness" | tags: Bargains Best Price,CAT=Sports & Recreation,enable-bis,may-2026-promo,MCAT=Lifestyle & Wellness
[2026-04-29T04:29:02.976Z]   [SKIPPED - not supplement] "HB&Co Compact Mirror Rhinestone Heart Assorted" | product_type: "Cosmetics"
[2026-04-29T04:29:02.976Z]   [SKIPPED - not supplement] "HB&Co Cosmetic Bag Heart Black" | product_type: "Cosmetics"
[2026-04-29T04:29:02.977Z]   [SKIPPED - not supplement] "HB&Co Compact Mirror rectangle Pastel Assorted" | product_type: "Cosmetics"
[2026-04-29T04:29:02.977Z]   [SKIPPED - not supplement] "HB&Co LED Mirror Compact Double Sided White" | product_type: "Cosmetics"
[2026-04-29T04:29:02.978Z]   [SKIPPED - not supplement] "HB&Co Cosmetic Make Up Bag Large Spots White" | product_type: "Cosmetics"
[2026-04-29T04:29:02.978Z]   [SKIPPED - not supplement] "HB&Co Cosmetic Make Up Bag Large Spots Black" | product_type: "Cosmetics"
[2026-04-29T04:29:02.979Z]   [SKIPPED - not supplement] "HB&Co Pet Grooming Brush" | product_type: "Household"
[2026-04-29T04:29:02.979Z]   [SKIPPED - not supplement] "Bargain Chemist Head Band Padded Assorted" | product_type: "Cosmetics"
[2026-04-29T04:29:02.980Z]   [SKIPPED - not supplement] "Bargain Chemist Hair Tie Soft Satin Scrunchie 5pk" | product_type: "Cosmetics"
[2026-04-29T04:29:02.980Z]   [SKIPPED - not supplement] "HB&Co LED Mirror White Travel Size" | product_type: "Cosmetics"
[2026-04-29T04:29:02.980Z]   [SKIPPED - not supplement] "Umbrella Childs Dome Fruit Print" | product_type: "Baby"
[2026-04-29T04:29:02.981Z]   [SKIPPED - not supplement] "HB&Co Cosmetic Make Up Bag Large Sheer Flower" | product_type: "Cosmetics"
[2026-04-29T04:29:02.981Z]   [SKIPPED - not supplement] "Bargain Chemist Head Band Slim Diamante Assorted" | product_type: "Cosmetics"
[2026-04-29T04:29:02.981Z]   [SKIPPED - not supplement] "HB&Co Cosmetic Make Up Bag Sheer Flower" | product_type: "Cosmetics"
[2026-04-29T04:29:02.982Z]   [SKIPPED - not supplement] "HB&Co Cosmetic Make Up Bag Sheer Small Black" | product_type: "Cosmetics"
[2026-04-29T04:29:02.982Z]   [SKIPPED - not supplement] "HB&Co Candy Stripe Makeup Bag" | product_type: "Cosmetics"
[2026-04-29T04:29:02.982Z]   [SKIPPED - not supplement] "HB&Co Cosmetic Make Up Bag Sheer Medium" | product_type: "Cosmetics"
[2026-04-29T04:29:02.983Z]   [SKIPPED - not supplement] "HB&Co Pet Collar Light" | product_type: "Household"
[2026-04-29T04:29:02.983Z]   [SKIPPED - not supplement] "Bargain Chemist Soft Satin Hair Tie Scrunchie 5 Pack" | product_type: "Cosmetics"
[2026-04-29T04:29:02.983Z]   [SKIPPED - not supplement] "HB&Co Cosmetic Bag Heart Green" | product_type: "Cosmetics"
[2026-04-29T04:29:02.984Z]   [SKIPPED - not supplement] "HB&Co Cosmetic Bag Heart Pink" | product_type: "Cosmetics"
[2026-04-29T04:29:02.985Z]   [SKIPPED - not supplement] "John Frieda Blonde+ Repair Bond Building Conditioner 250ml" | product_type: "Beauty Accessories"
[2026-04-29T04:29:02.986Z]   [SKIPPED - not supplement] "John Frieda Blonde+ Repair Bond Building Shampoo 250ml" | product_type: "Beauty Accessories"
[2026-04-29T04:29:02.988Z]   [SKIPPED - not supplement] "Dr. Brown's 250ml Narrow Neck Feeding Bottle Level 1 Teat 1pk" | product_type: "Baby"
[2026-04-29T04:29:02.988Z]   [SKIPPED - not supplement] "Dr. Brown's 250ml Narrow Neck Feeding Bottle Level 1 Teat 3pk" | product_type: "Baby"
[2026-04-29T04:29:02.988Z]   [SKIPPED - not supplement] "Dr. Brown's Narrow Neck Newborn Starter Set" | product_type: "Baby"
[2026-04-29T04:29:02.989Z]   [SKIPPED - not supplement] "Dr. Brown's Vent Cleaning Brushes" | product_type: "Baby"
[2026-04-29T04:29:02.989Z]   [SKIPPED - not supplement] "Dr. Brown's Narrow Neck Teats Y-Cut 2pk" | product_type: "Baby"
[2026-04-29T04:29:02.989Z]   [SKIPPED - not supplement] "Dr. Brown's Narrow Neck Level 2 Teats 2 Pack" | product_type: "Baby"
[2026-04-29T04:29:02.989Z]   [SKIPPED - not supplement] "Dr. Brown's Bottle Cleaning Brush Blue" | product_type: "Baby"
[2026-04-29T04:29:02.990Z]   [SKIPPED - not supplement] "Dr. Brown's Narrow Neck Level 4 Teats 2pk" | product_type: "Baby"
[2026-04-29T04:29:02.990Z]   [SKIPPED - not supplement] "Dr. Brown's 120ml Narrow Neck Feeding Bottle Level 1 Teat 3pk" | product_type: "Baby"
[2026-04-29T04:29:02.990Z]   [SKIPPED - not supplement] "Dr. Brown's 120ml Narrow Neck Feeding Bottle Level 1 Teat 1pk" | product_type: "Baby"
[2026-04-29T04:29:02.990Z]   [SKIPPED - not supplement] "Dr. Brown's Narrow Neck Level 1 Teats 2pk" | product_type: "Baby"
[2026-04-29T04:29:02.991Z]   [SKIPPED - not supplement] "Dr. Brown's Narrow Neck Level 3 Teats 2pk" | product_type: "Baby"
[2026-04-29T04:29:03.502Z]   Page 8...
[2026-04-29T04:29:04.176Z]   [SKIPPED - not supplement] "Fresh Baby Bumper Size 5 Unisex Nappies 13-18kg 15 Pack" | product_type: "Baby"
[2026-04-29T04:29:04.177Z]   [SKIPPED - not supplement] "Fresh Baby Bumper Size 3 Unisex Nappies 6-11kg 21 Pack" | product_type: "Baby"
[2026-04-29T04:29:04.177Z]   [SKIPPED - not supplement] "Fresh Baby Bumper Size 3 Unisex Nappy Pants 6-11kg 22 Pack" | product_type: "Baby"
[2026-04-29T04:29:04.177Z]   [SKIPPED - not supplement] "Fresh Baby Bumper Size 2 Unisex Nappies 4-8kg 25 Pack" | product_type: "Baby"
[2026-04-29T04:29:04.177Z]   [SKIPPED - not supplement] "Fresh Baby Bumper Size 6 Unisex Nappy Pants 16kg+ 18 Pack" | product_type: "Baby"
[2026-04-29T04:29:04.178Z]   [SKIPPED - not supplement] "Fresh Baby Bumper Size 4 Unisex Nappy Pants 10-15kg 19 Pack" | product_type: "Baby"
[2026-04-29T04:29:04.178Z]   [SKIPPED - not supplement] "Fresh Baby Bumper Size 5 Unisex Nappy Pants 13-18kg 20 Pack" | product_type: "Baby"
[2026-04-29T04:29:04.178Z]   [SKIPPED - not supplement] "Fresh Baby Bumper Size 4 Unisex Nappies 10-15kg 19 Pack" | product_type: "Baby"
[2026-04-29T04:29:04.179Z]   [SKIPPED - not supplement] "Kiss Super Stick Individual Lash Glue Black" | product_type: "Beauty Accessories"
[2026-04-29T04:29:04.179Z]   [SKIPPED - not supplement] "Kiss Super Stick Individual Lash Glue Clear" | product_type: "Beauty Accessories"
[2026-04-29T04:29:04.181Z]   [SKIPPED - not supplement] "HB&Co USB Electric Heated Warm Scarf" | product_type: "Lifestyle & Wellness"
[2026-04-29T04:29:04.182Z]   [SKIPPED - not supplement] "HB&Co USB Electric Heated Socks" | product_type: "Lifestyle & Wellness"
[2026-04-29T04:29:04.182Z]   [SKIPPED - not supplement] "B.box Disney Sippy Cup Bambi" | product_type: "Baby"
[2026-04-29T04:29:04.185Z]   [SKIPPED - not supplement] "Clinique Happy EDP 50ml for Women" | product_type: "Beauty Accessories"
[2026-04-29T04:29:04.186Z]   [SKIPPED - not supplement] "Clinique Aromatics Elixir (W) Parfum Spray 100ml" | product_type: "Beauty Accessories"
[2026-04-29T04:29:04.186Z]   [SKIPPED - not supplement] "Burberry Touch EDP 100ml for Women" | product_type: "Beauty Accessories"
[2026-04-29T04:29:04.186Z]   [SKIPPED - not supplement] "Comfort Fabric Conditioner Sunshiny Days 990ml" | product_type: "Personal Care"
[2026-04-29T04:29:04.187Z]   [SKIPPED - not supplement] "B.box Sippy Cup Latte" | product_type: "Baby"
[2026-04-29T04:29:04.187Z]   [SKIPPED - not supplement] "B.box Sippy Cup Disney Replacement Straw Buzz" | product_type: "Baby"
[2026-04-29T04:29:04.188Z]   [SKIPPED - not supplement] "Pigeon Soft Touch Bottle PPSU 240ml" | product_type: "Baby"
[2026-04-29T04:29:04.188Z]   [SKIPPED - not supplement] "Tangle Teezer Thick & Curly Dusky Pink" | product_type: "Beauty Accessories"
[2026-04-29T04:29:04.188Z]   [SKIPPED - not supplement] "Pigeon Soft Touch Bottle PP Twin Pack 240ml" | product_type: "Baby"
[2026-04-29T04:29:04.189Z]   [SKIPPED - not supplement] "Pigeon Soft Touch Bottle PP 160ml" | product_type: "Baby"
[2026-04-29T04:29:04.190Z]   [SKIPPED - not supplement] "NICORETTE Gum Fresh Fruit 2mg 150s" | product_type: "Beauty Accessories"
[2026-04-29T04:29:04.190Z]   [SKIPPED - not supplement] "B.box Sippy Cup Ocean" | product_type: "Baby"
[2026-04-29T04:29:04.191Z]   [SKIPPED - not supplement] "Pigeon Soft Touch Bottle PP Twin Pack 160ml" | product_type: "Baby"
[2026-04-29T04:29:04.191Z]   [SKIPPED - not supplement] "Pigeon Soft Touch Bottle PP 240ml" | product_type: "Baby"
[2026-04-29T04:29:04.192Z]   [SKIPPED - not supplement] "Pigeon Soft Touch Teat S 2pk" | product_type: "Baby"
[2026-04-29T04:29:04.192Z]   [SKIPPED - not supplement] "Pigeon Soft Touch Bottle PPSU 160ml" | product_type: "Baby"
[2026-04-29T04:29:04.193Z]   [SKIPPED - not supplement] "B.box Sil Fresh Food Feeder Blush" | product_type: "Baby"
[2026-04-29T04:29:04.194Z]   [SKIPPED - not supplement] "Tangle Teezer Large Ultimate Detangler Fine & Fragile Seafoam Blue" | product_type: "Beauty Accessories"
[2026-04-29T04:29:04.194Z]   [SKIPPED - not supplement] "B.box Connect-a-Cup Blue" | product_type: "Baby"
[2026-04-29T04:29:04.195Z]   [SKIPPED - not supplement] "Pigeon Soft Touch Bottle T-Ester 160ml" | product_type: "Baby"
[2026-04-29T04:29:04.195Z]   [SKIPPED - not supplement] "Tangle Teezer Ultimate Detangler Electric Raspberry" | product_type: "Beauty Accessories"
[2026-04-29T04:29:04.196Z]   [SKIPPED - not supplement] "B.box Sil Fresh Food Feeder Lullaby" | product_type: "Baby"
[2026-04-29T04:29:04.197Z]   [SKIPPED - not supplement] "B.box Sippy Cup Disney Replacement Straw Princess" | product_type: "Baby"
[2026-04-29T04:29:04.198Z]   [SKIPPED - not supplement] "B.box Sippy Cup V2 Blush" | product_type: "Baby"
[2026-04-29T04:29:04.703Z]   Page 9...
[2026-04-29T04:29:05.402Z]   [SKIPPED - not supplement] "B.box Transition Value Pack Ocean" | product_type: "Baby"
[2026-04-29T04:29:05.403Z]   [SKIPPED - not supplement] "Pigeon Soft Touch Bottle T-Ester 240ml" | product_type: "Baby"
[2026-04-29T04:29:05.404Z]   [SKIPPED - not supplement] "Pigeon Soft Touch Bottle Glass 240ml" | product_type: "Baby"
[2026-04-29T04:29:05.405Z]   [SKIPPED - not supplement] "Pigeon Soft Touch Teat SS 1pk" | product_type: "Baby"
[2026-04-29T04:29:05.405Z]   [SKIPPED - not supplement] "B.Box Connect-A-Cup Blush" | product_type: "Baby"
[2026-04-29T04:29:05.406Z]   [SKIPPED - not supplement] "Pigeon Soft Touch Teat M 2pk" | product_type: "Baby"
[2026-04-29T04:29:05.409Z]   [SKIPPED - not supplement] "Lee Stafford Beach Blondes Purple Toning Mousse 200ml" | product_type: "Beauty Accessories"
[2026-04-29T04:29:05.410Z]   [SKIPPED - not supplement] "Lee Stafford For The Love Of Curls Serum Lotion 100ml" | product_type: "Beauty Accessories"
[2026-04-29T04:29:05.410Z]   [SKIPPED - not supplement] "Lee Stafford Argan Oil Nourish Conditioner 250ml" | product_type: "Beauty Accessories"
[2026-04-29T04:29:05.411Z]   [SKIPPED - not supplement] "The Crème Shop Foot Mask Refresh Peppermint + Tea 1pr" | product_type: "Beauty Accessories"
[2026-04-29T04:29:05.411Z]   [SKIPPED - not supplement] "Lee Stafford For The Love Of Curls Frizz Taming Oil 50ml" | product_type: "Beauty Accessories"
[2026-04-29T04:29:05.411Z]   [SKIPPED - not supplement] "B.Box Transition Value Pack Blush" | product_type: "Baby"
[2026-04-29T04:29:05.412Z]   [SKIPPED - not supplement] "The Creme Shop Moisture Foot Mask with Almond Oil and Shea Butter 1 Pair" | product_type: "Beauty Accessories"
[2026-04-29T04:29:05.413Z]   [SKIPPED - not supplement] "Dear Body Malibu Lemon Blossom Fragrance Mist 250ml" | product_type: "Beauty Accessories"
[2026-04-29T04:29:05.413Z]   [SKIPPED - not supplement] "Dear Body Wild At Kiss Fragrance Mist 250ml" | product_type: "Beauty Accessories"
[2026-04-29T04:29:05.413Z]   [SKIPPED - not supplement] "Dear Body Sparkling Pink Fragrance Mist 250ml" | product_type: "Beauty Accessories"
[2026-04-29T04:29:05.414Z]   [SKIPPED - not supplement] "Dear Body Rocking Fantasy Fragrance Mist 250ml" | product_type: "Beauty Accessories"
[2026-04-29T04:29:05.414Z]   [SKIPPED - not supplement] "Dear Body Kissing Mizzle Body Mist 250ml" | product_type: "Beauty Accessories"
[2026-04-29T04:29:05.414Z]   [SKIPPED - not supplement] "Dear Body Summer Fairy Fragrance Mist 250ml" | product_type: "Beauty Accessories"
[2026-04-29T04:29:05.415Z]   [SKIPPED - not supplement] "Dear Body Black Sport EDP 90ml" | product_type: "Beauty Accessories"
[2026-04-29T04:29:05.415Z]   [SKIPPED - not supplement] "Dear Body Man In Blue EDP 90ml" | product_type: "Beauty Accessories"
[2026-04-29T04:29:05.418Z]   [SKIPPED - no category] "GAIA Baby Massage Oil 125ml" | product_type: "Baby" | tags: Bargains Best Price,BRAND=GAIA,christmas-gifting,MCAT=Children Babies & Mum,On Promotion
[2026-04-29T04:29:05.419Z]   [SKIPPED - not supplement] "Tender Love + Carry The Large Go Go - Black" | product_type: "Beauty Accessories"
[2026-04-29T04:29:05.934Z]   Page 10...
[2026-04-29T04:29:06.707Z]   [SKIPPED - not supplement] "B.Box Insulated Sport Spout Replacement Tops" | product_type: "Baby"
[2026-04-29T04:29:06.708Z]   [SKIPPED - not supplement] "Sarah Jessica Parker Lovely Body Mist 3pc Gift Set" | product_type: "Beauty Accessories"
[2026-04-29T04:29:06.708Z]   [SKIPPED - not supplement] "Elizabeth Arden 5th Avenue EDP 125ml 2pc Set" | product_type: "Beauty Accessories"
[2026-04-29T04:29:06.708Z]   [SKIPPED - not supplement] "Ariana Grande Mod Vanilla EDP 100ml" | product_type: "Beauty Accessories"
[2026-04-29T04:29:06.709Z]   [SKIPPED - not supplement] "GUCCI Bloom Ambrosia EDP 50ml Set" | product_type: "Beauty Accessories"
[2026-04-29T04:29:06.709Z]   [SKIPPED - not supplement] "Ariana Grande Sweet Like Candy EDP 30ml 3pc Set" | product_type: "Beauty Accessories"
[2026-04-29T04:29:06.709Z]   [SKIPPED - not supplement] "Sarah Jessica Parker NYC 100ml EDP 2pc Set" | product_type: "Beauty Accessories"
[2026-04-29T04:29:06.709Z]   [SKIPPED - not supplement] "Ariana Grande Mod Blush EDP 30ml" | product_type: "Beauty Accessories"
[2026-04-29T04:29:06.710Z]   [SKIPPED - not supplement] "Ariana Grande Mod Blush EDP 100ml" | product_type: "Beauty Accessories"
[2026-04-29T04:29:06.710Z]   [SKIPPED - not supplement] "Ariana Grande Mod Vanilla EDP 30ml" | product_type: "Beauty Accessories"
[2026-04-29T04:29:06.710Z]   [SKIPPED - not supplement] "Versace Miniature Collection 5 Piece Set 5ml" | product_type: "Beauty Accessories"
[2026-04-29T04:29:06.710Z]   [SKIPPED - not supplement] "Ariana Grande Ari EDP 30ml 3pc Set" | product_type: "Beauty Accessories"
[2026-04-29T04:29:06.711Z]   [SKIPPED - not supplement] "Moschino Mini EDP 5ml 5pc Set" | product_type: "Beauty Accessories"
[2026-04-29T04:29:06.711Z]   [SKIPPED - not supplement] "Ariana Grande Mod Vanilla Eau de Parfum 100 mL 3 Piece Set" | product_type: "Beauty Accessories"
[2026-04-29T04:29:06.711Z]   [SKIPPED - not supplement] "Ariana Grande Thank U Next EDP 100ml 3pc Set" | product_type: "Beauty Accessories"
[2026-04-29T04:29:06.712Z]   [SKIPPED - not supplement] "Tender Love + Carry Ticket Print - Hanging Washbag" | product_type: "Beauty Accessories"
[2026-04-29T04:29:06.712Z]   [SKIPPED - not supplement] "DAISE Peachy Daise Fragrance Body Mist in Berry & Mandarin, 3.3 fl oz/100 mL" | product_type: "Beauty Accessories"
[2026-04-29T04:29:06.713Z]   [SKIPPED - not supplement] "DAISE Lowkey Daise Fragrance Body Mist in Rose & Sandalwood, 3.3 fl oz/100 mL" | product_type: "Beauty Accessories"
[2026-04-29T04:29:06.713Z]   [SKIPPED - not supplement] "DAISE Hello Daise Fragrance Body Mist in Raspberry & Mint, 3.3 fl oz/100 mL" | product_type: "Beauty Accessories"
[2026-04-29T04:29:06.713Z]   [SKIPPED - not supplement] "DAISE Sunny Daise Fragrance Body Mist in Vanilla & Coconut, 3.3 fl oz/100 mL" | product_type: "Beauty Accessories"
[2026-04-29T04:29:06.715Z]   [SKIPPED - not supplement] "Ruby Face Silicone Hair Brush" | product_type: "Beauty Accessories"
[2026-04-29T04:29:06.717Z]   [SKIPPED - not supplement] "CALVIN KLEIN FRAGRANCES Eternity for Women Eau de Parfum 100 ML" | product_type: "Beauty Accessories"
[2026-04-29T04:29:06.718Z]   [SKIPPED - not supplement] "Katy Perry Meow EDP 100ml for Women" | product_type: "Beauty Accessories"
[2026-04-29T04:29:06.718Z]   [SKIPPED - not supplement] "Calvin Klein Euphoria Eau de Toilette for him 50ml" | product_type: "Beauty Accessories"
[2026-04-29T04:29:06.719Z]   [SKIPPED - not supplement] "Swisspers Large Cosmetic Oval Pads 40 pack" | product_type: "Beauty Accessories"
[2026-04-29T04:29:06.719Z]   [SKIPPED - not supplement] "Swisspers Cotton Balls 60s" | product_type: "Beauty Accessories"
[2026-04-29T04:29:06.719Z]   [SKIPPED - not supplement] "EarSense 3 Bar Crystal Huggie Gold" | product_type: "Beauty Accessories"
[2026-04-29T04:29:06.720Z]   [SKIPPED - not supplement] "EarSense Gold/Opal Trio" | product_type: "Beauty Accessories"
[2026-04-29T04:29:06.720Z]   [SKIPPED - not supplement] "EarSense Interlock Hoop Gold/Silver" | product_type: "Beauty Accessories"
[2026-04-29T04:29:06.720Z]   [SKIPPED - not supplement] "EarSense Thick J Hoop Gold Trio" | product_type: "Beauty Accessories"
[2026-04-29T04:29:06.721Z]   [SKIPPED - not supplement] "EarSense Gold Pearl CZ Stud Trio" | product_type: "Beauty Accessories"
[2026-04-29T04:29:06.721Z]   [SKIPPED - not supplement] "EarSense Hoop With Pearl Drop Silver 1pr" | product_type: "Beauty Accessories"
[2026-04-29T04:29:06.721Z]   [SKIPPED - not supplement] "EarSense Thick 3/4 Hoop Silver" | product_type: "Beauty Accessories"
[2026-04-29T04:29:06.721Z]   [SKIPPED - not supplement] "EarSense Lace Circle Drop Gold 1pr" | product_type: "Beauty Accessories"
[2026-04-29T04:29:06.722Z]   [SKIPPED - not supplement] "EarSense Gold Plated Sleeper 16mm" | product_type: "Beauty Accessories"
[2026-04-29T04:29:06.722Z]   [SKIPPED - not supplement] "EarSense Trio Silver Thick J Hoop" | product_type: "Beauty Accessories"
[2026-04-29T04:29:06.722Z]   [SKIPPED - not supplement] "EarSense Lace Circle Drop Silver 1pr" | product_type: "Beauty Accessories"
[2026-04-29T04:29:06.723Z]   [SKIPPED - not supplement] "EarSense 3 Bar Crystal Huggie" | product_type: "Beauty Accessories"
[2026-04-29T04:29:06.723Z]   [SKIPPED - not supplement] "TouchBeauty Multi Therapy Device" | product_type: "Beauty Accessories"
[2026-04-29T04:29:06.723Z]   [SKIPPED - not supplement] "TouchBeauty Digital Heated Eyelash Curler" | product_type: "Beauty Accessories"
[2026-04-29T04:29:06.723Z]   [SKIPPED - not supplement] "TouchBeauty High Speed Hair Dryer" | product_type: "Beauty Accessories"
[2026-04-29T04:29:06.724Z]   [SKIPPED - not supplement] "TouchBeauty 5in1 Electric Manicure/Pedicure Set" | product_type: "Beauty Accessories"
[2026-04-29T04:29:06.724Z]   [SKIPPED - not supplement] "TouchBeauty 3in1 Electric Face Cleansing Brush Set" | product_type: "Beauty Accessories"
[2026-04-29T04:29:06.724Z]   [SKIPPED - not supplement] "TouchBeauty Face & Body IPL Hair Removal Device" | product_type: "Beauty Accessories"
[2026-04-29T04:29:06.725Z]   [SKIPPED - not supplement] "DETTOL Washing Machine Clean 250ml" | product_type: "Household"
[2026-04-29T04:29:06.725Z]   [SKIPPED - not supplement] "SUP Shred Gummies 35s" | product_type: "Health & Wellbeing"
[2026-04-29T04:29:06.725Z]   [SKIPPED - not supplement] "Designer Brands Hi-Brow Wand Sculpting Wax & Styler" | product_type: "Beauty Accessories"
[2026-04-29T04:29:06.726Z]   [SKIPPED - not supplement] "SUP Shred Shots 25ml" | product_type: "Health & Wellbeing"
[2026-04-29T04:29:06.728Z]   [SKIPPED - not supplement] "Ruby Face Face Brush & Head Band Set" | product_type: "Beauty Accessories"
[2026-04-29T04:29:06.728Z]   [SKIPPED - not supplement] "TITS UP Mini Kit" | product_type: "Beauty Accessories"
[2026-04-29T04:29:06.729Z]   [SKIPPED - not supplement] "Simply Essential 20-1600 Perfume Atomiser 5ml" | product_type: "Beauty Accessories"
[2026-04-29T04:29:07.243Z]   Page 11...
[2026-04-29T04:29:07.785Z]   [SKIPPED - not supplement] "BAMBINO MIO Solo Wild Cat" | product_type: "Other Pharmacy & Clothing"
[2026-04-29T04:29:07.786Z]   [SKIPPED - not supplement] "Earsense F388 Gold & Silver Triangle Drop French Hook" | product_type: "Beauty Accessories"
[2026-04-29T04:29:07.786Z]   [SKIPPED - not supplement] "SIMPLY ESS 20-2102 Cuticle Stk 10pk" | product_type: "Beauty Accessories"
[2026-04-29T04:29:07.786Z]   [SKIPPED - not supplement] "SIMPLY ESSENTIAL Trio Premier Padded Files 3s" | product_type: "Beauty Accessories"
[2026-04-29T04:29:07.787Z]   [SKIPPED - not supplement] "EarSense CH139 Crystal Open Star Stud" | product_type: "Beauty Accessories"
[2026-04-29T04:29:07.787Z]   [SKIPPED - not supplement] "EarSense F3-309 Gold Tear Drop on French Hook" | product_type: "Beauty Accessories"
[2026-04-29T04:29:07.788Z]   [SKIPPED - not supplement] "MAE 40-2259BG Elast. XL Blue/Grey 4" | product_type: "Beauty Accessories"
[2026-04-29T04:29:07.788Z]   [SKIPPED - not supplement] "EarSense FC298 Silver Ball Stud & Hoop" | product_type: "Beauty Accessories"
[2026-04-29T04:29:07.789Z]   [SKIPPED - not supplement] "BAMBINO MIO Solo Zebra Dazzel" | product_type: "Other Pharmacy & Clothing"
[2026-04-29T04:29:07.789Z]   [SKIPPED - not supplement] "Real Tech. Life Force Shadow Brush" | product_type: "Beauty Accessories"
[2026-04-29T04:29:07.789Z]   [SKIPPED - not supplement] "EarSense CZ-13S 3mm Silver Zirconia" | product_type: "Beauty Accessories"
[2026-04-29T04:29:07.790Z]   [SKIPPED - not supplement] "MAE 40-4408 MBM Brush Shampoo & Scalp" | product_type: "Beauty Accessories"
[2026-04-29T04:29:07.790Z]   [SKIPPED - not supplement] "Simply Essential Nail Brush 20-1404" | product_type: "Beauty Accessories"
[2026-04-29T04:29:07.790Z]   [SKIPPED - not supplement] "EarSense FA624S Silver Cubic Zirconia Trio - 2mm, 3mm & 4mm" | product_type: "Beauty Accessories"
[2026-04-29T04:29:07.791Z]   [SKIPPED - not supplement] "Earsense F366 20mm Silver Swarovski Blue Multi Crystal Teardrops" | product_type: "Beauty Accessories"
[2026-04-29T04:29:07.791Z]   [SKIPPED - not supplement] "EarSense F381 Gold with Glitter tapered Huggie Stud" | product_type: "Beauty Accessories"
[2026-04-29T04:29:07.791Z]   [SKIPPED - not supplement] "EarSense CH215-1 8mm Crystal Ball" | product_type: "Beauty Accessories"
[2026-04-29T04:29:07.792Z]   [SKIPPED - not supplement] "TWEEXY TXY-OB N/P Holder Ombre" | product_type: "Beauty Accessories"
[2026-04-29T04:29:07.792Z]   [SKIPPED - not supplement] "Simply Essential 20-1500 close up Mirror 5x" | product_type: "Beauty Accessories"
[2026-04-29T04:29:07.793Z]   [SKIPPED - not supplement] "REAL Tech. Brush&Sponge C/Gel 118ml" | product_type: "Beauty Accessories"
[2026-04-29T04:29:07.793Z]   [SKIPPED - not supplement] "EarSense F291 Gold Crossover Drop French Hook" | product_type: "Beauty Accessories"
[2026-04-29T04:29:07.793Z]   [SKIPPED - not supplement] "MAE 40-4011BK Comb / Tint Brush Black" | product_type: "Beauty Accessories"
[2026-04-29T04:29:07.794Z]   [SKIPPED - not supplement] "EarSense FA624 Cubic Zirconia Trio" | product_type: "Beauty Accessories"
[2026-04-29T04:29:07.794Z]   [SKIPPED - not supplement] "SIMPLY ESS 20-2501 Nrs Scissors S/S" | product_type: "Beauty Accessories"
[2026-04-29T04:29:07.795Z]   [SKIPPED - not supplement] "Simply Essential 21-1004 Everyday Spa Gel Socks" | product_type: "Beauty Accessories"
[2026-04-29T04:29:07.795Z]   [SKIPPED - not supplement] "Real Techniques Artists Essential Brush Set" | product_type: "Beauty Accessories"
[2026-04-29T04:29:07.795Z]   [SKIPPED - not supplement] "Real Tech. Life Force Blusher Brush" | product_type: "Beauty Accessories"
[2026-04-29T04:29:07.796Z]   [SKIPPED - not supplement] "BAMBINO MIO Solo Zebra Corossing" | product_type: "Other Pharmacy & Clothing"
[2026-04-29T04:29:07.796Z]   [SKIPPED - not supplement] "EarSense F413 Gold Flat Crescent Hoop" | product_type: "Beauty Accessories"
[2026-04-29T04:29:07.797Z]   [SKIPPED - not supplement] "BAMBINO MIO S/Nappy Rad. Ray 6-12m" | product_type: "Other Pharmacy & Clothing"
[2026-04-29T04:29:07.797Z]   [SKIPPED - not supplement] "EarSense F495-2 25mm Silver Hoop" | product_type: "Beauty Accessories"
[2026-04-29T04:29:07.797Z]   [SKIPPED - not supplement] "BAMBINO MIO Solo Butterfly Bloom" | product_type: "Other Pharmacy & Clothing"
[2026-04-29T04:29:07.798Z]   [SKIPPED - not supplement] "Simply Essential 20-1502 Hand Held Mirror" | product_type: "Beauty Accessories"
[2026-04-29T04:29:07.799Z]   [SKIPPED - not supplement] "SIMPLY ESS 20-2201 Blending Sponge" | product_type: "Beauty Accessories"
[2026-04-29T04:29:07.799Z]   [SKIPPED - not supplement] "SIMPLY ESSENTIAL CUSH. PRO NAIL SHAPER" | product_type: "Beauty Accessories"
[2026-04-29T04:29:07.799Z]   [SKIPPED - not supplement] "EarSense F412 Silver Flat Crescent Hoop" | product_type: "Beauty Accessories"
[2026-04-29T04:29:07.799Z]   [SKIPPED - not supplement] "Earsense F387 Gold Sun & Moon Mismatch Studs" | product_type: "Beauty Accessories"
[2026-04-29T04:29:07.800Z]   [SKIPPED - not supplement] "Simply Essential 20-2104 ProNail Shaper Half Moon course" | product_type: "Beauty Accessories"
[2026-04-29T04:29:07.800Z]   [SKIPPED - not supplement] "EarSense F3-326 Silver Click Hoop" | product_type: "Beauty Accessories"
[2026-04-29T04:29:07.801Z]   [SKIPPED - not supplement] "EarSense FJ234-2 Multicolour Butterfly" | product_type: "Beauty Accessories"
[2026-04-29T04:29:07.801Z]   [SKIPPED - not supplement] "REAL Tech. Miracle Comp Sponge+Case" | product_type: "Beauty Accessories"
[2026-04-29T04:29:07.801Z]   [SKIPPED - not supplement] "DKNY Energizing W EDT 100ml Ltd Ed" | product_type: "Beauty Accessories"
[2026-04-29T04:29:07.803Z]   [SKIPPED - not supplement] "Givenchy Amarige EDT 100ml for Women" | product_type: "Beauty Accessories"
[2026-04-29T04:29:07.803Z]   [SKIPPED - not supplement] "Truyu Cuticle Scissor Ultra Fine" | product_type: "Beauty Accessories"
[2026-04-29T04:29:07.803Z]   [SKIPPED - not supplement] "Truyu Curved Nail Scissor" | product_type: "Beauty Accessories"
[2026-04-29T04:29:07.804Z]   [SKIPPED - not supplement] "Truyu Eyeshadow Applicator with Storage Pouch" | product_type: "Beauty Accessories"
[2026-04-29T04:29:07.804Z]   [SKIPPED - not supplement] "Truyu Toe Nail Clippers with Straight Blades" | product_type: "Beauty Accessories"
[2026-04-29T04:29:07.804Z]   [SKIPPED - not supplement] "Truyu 3-Way Nail Buffer" | product_type: "Beauty Accessories"
[2026-04-29T04:29:07.805Z]   [SKIPPED - not supplement] "Truyu Facial Cleansing Sponges" | product_type: "Beauty Accessories"
[2026-04-29T04:29:07.805Z]   [SKIPPED - not supplement] "Truyu Cuticle & Nail Duo" | product_type: "Beauty Accessories"
[2026-04-29T04:29:07.805Z]   [SKIPPED - not supplement] "Truyu Slant Tip Tweezers" | product_type: "Beauty Accessories"
[2026-04-29T04:29:07.806Z]   [SKIPPED - not supplement] "Versace Bright Crystal EDT 30ml" | product_type: "Beauty Accessories"
[2026-04-29T04:29:07.806Z]   [SKIPPED - not supplement] "Tender Love + Carry Assorted Red Bow  - Twin Set" | product_type: "Beauty Accessories"
[2026-04-29T04:29:07.808Z]   [SKIPPED - not supplement] "Truyu Powder Puffs 2 Pack" | product_type: "Beauty Accessories"
[2026-04-29T04:29:07.808Z]   [SKIPPED - not supplement] "Truyu Straight Nail Scissor" | product_type: "Beauty Accessories"
[2026-04-29T04:29:07.808Z]   [SKIPPED - not supplement] "Truyu Nail Clippers" | product_type: "Beauty Accessories"
[2026-04-29T04:29:07.809Z]   [SKIPPED - not supplement] "Truyu Eyebrow & Lash Brush" | product_type: "Beauty Accessories"
[2026-04-29T04:29:07.809Z]   [SKIPPED - not supplement] "Truyu Foundation Brush" | product_type: "Beauty Accessories"
[2026-04-29T04:29:07.809Z]   [SKIPPED - not supplement] "Truyu Corn & Callus Shaver 5 Blades" | product_type: "Beauty Accessories"
[2026-04-29T04:29:07.809Z]   [SKIPPED - not supplement] "Truyu Luxe Foundation Sponge Oval" | product_type: "Beauty Accessories"
[2026-04-29T04:29:07.810Z]   [SKIPPED - not supplement] "Truyu Pedicure File - Metal" | product_type: "Beauty Accessories"
[2026-04-29T04:29:07.810Z]   [SKIPPED - not supplement] "Truyu Toe Nail Clippers Curved Blades" | product_type: "Beauty Accessories"
[2026-04-29T04:29:07.810Z]   [SKIPPED - not supplement] "Truyu Easy View Tweezers Gold Curve Tip" | product_type: "Beauty Accessories"
[2026-04-29T04:29:07.811Z]   [SKIPPED - not supplement] "Truyu Square Tip Tweezers Black" | product_type: "Beauty Accessories"
[2026-04-29T04:29:07.811Z]   [SKIPPED - not supplement] "Truyu Emery Boards 145mm 10 Pack" | product_type: "Beauty Accessories"
[2026-04-29T04:29:07.811Z]   [SKIPPED - not supplement] "Truyu Brow Brush Dual Ended" | product_type: "Beauty Accessories"
[2026-04-29T04:29:07.812Z]   [SKIPPED - not supplement] "Truyu Toe Nail Clippers Straight Blades + Easy-hold Catcher" | product_type: "Beauty Accessories"
[2026-04-29T04:29:07.812Z]   [SKIPPED - not supplement] "Truyu Nail Clippers - Curved" | product_type: "Beauty Accessories"
[2026-04-29T04:29:07.812Z]   [SKIPPED - not supplement] "Truyu Compact Sapphire Nail File" | product_type: "Beauty Accessories"
[2026-04-29T04:29:07.812Z]   [SKIPPED - not supplement] "Truyu Scissor Tweezers Slant Tip" | product_type: "Beauty Accessories"
[2026-04-29T04:29:07.813Z]   [SKIPPED - not supplement] "Truyu Pro Nail Files 2 Pack" | product_type: "Beauty Accessories"
[2026-04-29T04:29:07.813Z]   [SKIPPED - not supplement] "Truyu Buffing Block" | product_type: "Beauty Accessories"
[2026-04-29T04:29:07.813Z]   [SKIPPED - not supplement] "Truyu Makeup Wedges 20" | product_type: "Beauty Accessories"
[2026-04-29T04:29:07.813Z]   [SKIPPED - not supplement] "Truyu Point Tip Tweezers Black" | product_type: "Beauty Accessories"
[2026-04-29T04:29:07.814Z]   [SKIPPED - not supplement] "Simply Essential 20-2106 Nail Shaper Patterned" | product_type: "Beauty Accessories"
[2026-04-29T04:29:08.316Z]   Page 12...
[2026-04-29T04:29:09.133Z]   [SKIPPED - not supplement] "Guess Seductive Blue EDT Men 100ml" | product_type: "Beauty Accessories"
[2026-04-29T04:29:09.134Z]   [SKIPPED - not supplement] "Philips Avent Natural Response Baby Bottle 125ml" | product_type: "Baby"
[2026-04-29T04:29:09.135Z]   [SKIPPED - not supplement] "Tender Love + Carry Top Jewellery Case - Black Clear" | product_type: "Beauty Accessories"
[2026-04-29T04:29:09.136Z]   [SKIPPED - not supplement] "Tender Love + Carry Top Jewellery Case - White Clear" | product_type: "Beauty Accessories"
[2026-04-29T04:29:09.136Z]   [SKIPPED - not supplement] "Tender Love + Carry Top Jewellery Case - Green Clear" | product_type: "Beauty Accessories"
[2026-04-29T04:29:09.136Z]   [SKIPPED - not supplement] "Tender Love + Carry Jewellery Case - Flower" | product_type: "Beauty Accessories"
[2026-04-29T04:29:09.137Z]   [SKIPPED - not supplement] "Tender Love + Carry Top Jewellery Case - Blush Clear" | product_type: "Beauty Accessories"
[2026-04-29T04:29:09.137Z]   [SKIPPED - not supplement] "SIMPLY ESSENTIALS Face Cleansing Pad" | product_type: "Beauty Accessories"
[2026-04-29T04:29:09.137Z]   [SKIPPED - not supplement] "EarSense Gold Plated Sleeper 13mm" | product_type: "Beauty Accessories"
[2026-04-29T04:29:09.138Z]   [SKIPPED - not supplement] "MONTBLANC Explorer Ultra Blue EDP 100ml" | product_type: "Beauty Accessories"
[2026-04-29T04:29:09.138Z]   [SKIPPED - not supplement] "SIMPLY ESSENTIALS Toenail Scissors" | product_type: "Beauty Accessories"
[2026-04-29T04:29:09.139Z]   [SKIPPED - not supplement] "Marc Jacobs Fragrance Mini Gift 4pc Set" | product_type: "Beauty Accessories"
[2026-04-29T04:29:09.139Z]   [SKIPPED - not supplement] "Depend White nail pen" | product_type: "Cosmetics"
[2026-04-29T04:29:09.139Z]   [SKIPPED - not supplement] "Mugler Alien EDP 60ml" | product_type: "Beauty Accessories"
[2026-04-29T04:29:09.140Z]   [SKIPPED - not supplement] "Hawaiian Tropic Pink Retreat Body Mist 250ml" | product_type: "Beauty Accessories"
[2026-04-29T04:29:09.140Z]   [SKIPPED - not supplement] "DKNY Be 100% Delicious Women EDP 100ml" | product_type: "Beauty Accessories"
[2026-04-29T04:29:09.141Z]   [SKIPPED - not supplement] "UMBRO Giftset For Women Defiant 2pc" | product_type: "Beauty Accessories"
[2026-04-29T04:29:09.141Z]   [SKIPPED - not supplement] "Hawaiian Tropic Tropical Temptation Body Mist 250ml" | product_type: "Beauty Accessories"
[2026-04-29T04:29:09.142Z]   [SKIPPED - not supplement] "CLINIQUE Aromatics Natural Spray 45ml" | product_type: "Beauty Accessories"
[2026-04-29T04:29:09.142Z]   [SKIPPED - not supplement] "Hawaiian Tropic Island Bliss Body Mist 250ml" | product_type: "Beauty Accessories"
[2026-04-29T04:29:09.142Z]   [SKIPPED - not supplement] "Ruby Face Makeup Brush Set 9pc" | product_type: "Beauty Accessories"
[2026-04-29T04:29:09.143Z]   [SKIPPED - not supplement] "Hawaiian Tropic Sunkissed Dreams Body Mist 250ml" | product_type: "Beauty Accessories"
[2026-04-29T04:29:09.143Z]   [SKIPPED - not supplement] "KISS Artifical Nail Cutter" | product_type: "Beauty Accessories"
[2026-04-29T04:29:09.144Z]   [SKIPPED - not supplement] "Hawaiian Tropic Tropical Oasis Body Mist 250ml" | product_type: "Beauty Accessories"
[2026-04-29T04:29:09.145Z]   [SKIPPED - not supplement] "DEPEND Myrrh & Avocado Oil" | product_type: "Cosmetics"
[2026-04-29T04:29:09.145Z]   [SKIPPED - not supplement] "DEPEND PT Nail Care Fast Dry & Gel Top Coat" | product_type: "Cosmetics"
[2026-04-29T04:29:09.145Z]   [SKIPPED - not supplement] "Hawaiian Tropic Golden Paradise Body Mist 250 mL" | product_type: "Beauty Accessories"
[2026-04-29T04:29:09.146Z]   [SKIPPED - not supplement] "Hawaiian Tropic Sunset Escape Body Mist 250ml" | product_type: "Beauty Accessories"
[2026-04-29T04:29:09.146Z]   [SKIPPED - not supplement] "DEPEND Nail Art Decoration Tools" | product_type: "Cosmetics"
[2026-04-29T04:29:09.147Z]   [SKIPPED - not supplement] "DEPEND PT Nail Care Myrrh nail oil" | product_type: "Cosmetics"
[2026-04-29T04:29:09.148Z]   [SKIPPED - not supplement] "DEPEND PT Nail Care Aloe Vera Quick Fix" | product_type: "Cosmetics"
[2026-04-29T04:29:09.148Z]   [SKIPPED - not supplement] "Depend French Manicure Templates" | product_type: "Cosmetics"
[2026-04-29T04:29:09.149Z]   [SKIPPED - not supplement] "UMBRO Action EDT 100ml" | product_type: "Beauty Accessories"
[2026-04-29T04:29:09.149Z]   [SKIPPED - not supplement] "Dear Body Always Yours Body Mist 30ml" | product_type: "Beauty Accessories"
[2026-04-29T04:29:09.150Z]   [SKIPPED - not supplement] "UMBRO Giftset For Women Tempo 2pc" | product_type: "Beauty Accessories"
[2026-04-29T04:29:09.150Z]   [SKIPPED - not supplement] "UMBRO Giftset For Men Action 2pc" | product_type: "Beauty Accessories"
[2026-04-29T04:29:09.150Z]   [SKIPPED - not supplement] "UMBRO EDT For Men Energy 100ml" | product_type: "Beauty Accessories"
[2026-04-29T04:29:09.150Z]   [SKIPPED - not supplement] "UMBRO EDT For Men Power 100ml" | product_type: "Beauty Accessories"
[2026-04-29T04:29:09.151Z]   [SKIPPED - not supplement] "UMBRO Ice EDT Spray 100ml" | product_type: "Beauty Accessories"
[2026-04-29T04:29:09.151Z]   [SKIPPED - not supplement] "Real Techniques Mini Miracle Powder Puff Trio" | product_type: "Beauty Accessories"
[2026-04-29T04:29:09.152Z]   [SKIPPED - not supplement] "Philips Avent Natural Response 260ml Bottle 1pk" | product_type: "Baby"
[2026-04-29T04:29:09.152Z]   [SKIPPED - not supplement] "Ariana Grande Moonlight Body Mist 236ml" | product_type: "Beauty Accessories"
[2026-04-29T04:29:09.152Z]   [SKIPPED - not supplement] "Ariana Grande Ari Body Mist 236ml" | product_type: "Beauty Accessories"
[2026-04-29T04:29:09.657Z]   Page 13...
[2026-04-29T04:29:10.547Z]   [SKIPPED - not supplement] "Impulse Peach Sorbet + Golden Sunsets Body Mist 150ml" | product_type: "Beauty Accessories"
[2026-04-29T04:29:10.548Z]   [SKIPPED - not supplement] "Impulse Purple Petals + Smokey Sky Body Mist 150ml" | product_type: "Beauty Accessories"
[2026-04-29T04:29:10.548Z]   [SKIPPED - not supplement] "Impulse Body Mist Crystal Waterfalls + Lotus Lilies 150ml" | product_type: "Beauty Accessories"
[2026-04-29T04:29:10.548Z]   [SKIPPED - not supplement] "Impulse Raspberry Ripple + Pink Peppercorn Body Mist" | product_type: "Beauty Accessories"
[2026-04-29T04:29:10.550Z]   [SKIPPED - not supplement] "Rosanna Earrings V Gold" | product_type: "Beauty Accessories"
[2026-04-29T04:29:10.550Z]   [SKIPPED - not supplement] "Rosanna Earrings Diamond Rectangle Gold" | product_type: "Beauty Accessories"
[2026-04-29T04:29:10.550Z]   [SKIPPED - not supplement] "Hair Clip 5pack Flowers" | product_type: "Beauty Accessories"
[2026-04-29T04:29:10.550Z]   [SKIPPED - not supplement] "Rosanna Earrings Diamante Fashion Drop Gold" | product_type: "Beauty Accessories"
[2026-04-29T04:29:10.551Z]   [SKIPPED - not supplement] "Rosanna Earrings Gold Hoop" | product_type: "Beauty Accessories"
[2026-04-29T04:29:10.551Z]   [SKIPPED - not supplement] "Rosanna Earrings Drop Hearts Gold" | product_type: "Beauty Accessories"
[2026-04-29T04:29:10.551Z]   [SKIPPED - not supplement] "Rosanna Earrings Drop Sphere Silver" | product_type: "Beauty Accessories"
[2026-04-29T04:29:10.551Z]   [SKIPPED - not supplement] "HB&Co Hairbrush Scalp Massage" | product_type: "Beauty Accessories"
[2026-04-29T04:29:10.552Z]   [SKIPPED - not supplement] "HB&Co Hairbrush Scalp Bristle" | product_type: "Beauty Accessories"
[2026-04-29T04:29:10.552Z]   [SKIPPED - not supplement] "Rosanna Earrings Fashion Drop Diamante Gold" | product_type: "Beauty Accessories"
[2026-04-29T04:29:10.552Z]   [SKIPPED - not supplement] "Rosanna Earrings Diamond Rectangle Silver" | product_type: "Beauty Accessories"
[2026-04-29T04:29:10.553Z]   [SKIPPED - not supplement] "Rosanna Earrings Diamond Club Silver" | product_type: "Beauty Accessories"
[2026-04-29T04:29:10.553Z]   [SKIPPED - not supplement] "Hair Clips 4PacK 3D Fun" | product_type: "Beauty Accessories"
[2026-04-29T04:29:10.553Z]   [SKIPPED - not supplement] "Rosanna Earrings Diamond Circle Silver" | product_type: "Beauty Accessories"
[2026-04-29T04:29:10.554Z]   [SKIPPED - not supplement] "Rosanna Earrings Diamonds V Gold" | product_type: "Beauty Accessories"
[2026-04-29T04:29:10.554Z]   [SKIPPED - not supplement] "Rosanna Earrings Silver Heart Stud" | product_type: "Beauty Accessories"
[2026-04-29T04:29:10.554Z]   [SKIPPED - not supplement] "Hair Clip 3 Pack Stars and Hearts" | product_type: "Beauty Accessories"
[2026-04-29T04:29:10.555Z]   [SKIPPED - not supplement] "Rosanna Earrings Fashion Drop Silver" | product_type: "Beauty Accessories"
[2026-04-29T04:29:10.555Z]   [SKIPPED - not supplement] "Rosanna Earrings Small Diamond Stud Gold" | product_type: "Beauty Accessories"
[2026-04-29T04:29:10.555Z]   [SKIPPED - not supplement] "Rosanna Earrings Fashion Drop Tear Silver" | product_type: "Beauty Accessories"
[2026-04-29T04:29:10.556Z]   [SKIPPED - not supplement] "Rosanna Earrings Drop Star Burst Silver" | product_type: "Beauty Accessories"
[2026-04-29T04:29:10.556Z]   [SKIPPED - not supplement] "Hair Clips 4PacK Pink Hearts/Stars" | product_type: "Beauty Accessories"
[2026-04-29T04:29:10.556Z]   [SKIPPED - not supplement] "Rosanna Earrings Drop Cross Gold" | product_type: "Beauty Accessories"
[2026-04-29T04:29:10.557Z]   [SKIPPED - not supplement] "Rosanna Earrings Oval Diamond Stud Gold" | product_type: "Beauty Accessories"
[2026-04-29T04:29:10.557Z]   [SKIPPED - not supplement] "Rosanna Earrings Small Silver Hoop" | product_type: "Beauty Accessories"
[2026-04-29T04:29:10.557Z]   [SKIPPED - not supplement] "Rosanna Earrings Black Hoop Silver" | product_type: "Beauty Accessories"
[2026-04-29T04:29:10.557Z]   [SKIPPED - not supplement] "Rosanna Earrings Diamond Circle Gold" | product_type: "Beauty Accessories"
[2026-04-29T04:29:10.558Z]   [SKIPPED - not supplement] "Rosanna Earrings Diamante Butterfly Silver" | product_type: "Beauty Accessories"
[2026-04-29T04:29:10.558Z]   [SKIPPED - not supplement] "Rosanna Earrings Drop Diamond Cross Silver" | product_type: "Beauty Accessories"
[2026-04-29T04:29:10.558Z]   [SKIPPED - not supplement] "Rosanna Earrings Dimple Sphere Silver Stud" | product_type: "Beauty Accessories"
[2026-04-29T04:29:10.559Z]   [SKIPPED - not supplement] "Rosanna Earrings Double Circle Silver" | product_type: "Beauty Accessories"
[2026-04-29T04:29:10.559Z]   [SKIPPED - not supplement] "Rosanna Earrings Silver Hoop" | product_type: "Beauty Accessories"
[2026-04-29T04:29:10.559Z]   [SKIPPED - not supplement] "Rosanna Earrings Fashion Drop Gold" | product_type: "Beauty Accessories"
[2026-04-29T04:29:10.560Z]   [SKIPPED - not supplement] "Rosanna Earrings Black Hoop Gold" | product_type: "Beauty Accessories"
[2026-04-29T04:29:10.560Z]   [SKIPPED - not supplement] "Rosanna Earring Drop Diamond Studs Silver" | product_type: "Beauty Accessories"
[2026-04-29T04:29:10.560Z]   [SKIPPED - not supplement] "Rosanna Earrings Diamante Square Stud Gold" | product_type: "Beauty Accessories"
[2026-04-29T04:29:10.561Z]   [SKIPPED - not supplement] "Rosanna Earrings Diamante Small V" | product_type: "Beauty Accessories"
[2026-04-29T04:29:10.561Z]   [SKIPPED - not supplement] "Rosanna Earrings Drop Star Burst Gold" | product_type: "Beauty Accessories"
[2026-04-29T04:29:10.561Z]   [SKIPPED - not supplement] "Hair Clip 3Pack Hearts and Stars" | product_type: "Beauty Accessories"
[2026-04-29T04:29:10.562Z]   [SKIPPED - not supplement] "Hair Clips 4Pack Summer Flowers" | product_type: "Beauty Accessories"
[2026-04-29T04:29:10.562Z]   [SKIPPED - not supplement] "Rosanna Earrings Gold Heart Stud" | product_type: "Beauty Accessories"
[2026-04-29T04:29:10.562Z]   [SKIPPED - not supplement] "Rosanna Earrings Fashion Sphere Silver" | product_type: "Beauty Accessories"
[2026-04-29T04:29:10.563Z]   [SKIPPED - not supplement] "Rosanna Earrings Drop Diamond Stars Silver" | product_type: "Beauty Accessories"
[2026-04-29T04:29:10.563Z]   [SKIPPED - not supplement] "Rosanna Earrings Drop Diamante Silver" | product_type: "Beauty Accessories"
[2026-04-29T04:29:10.563Z]   [SKIPPED - not supplement] "Rosanna Earrings V Silver" | product_type: "Beauty Accessories"
[2026-04-29T04:29:10.563Z]   [SKIPPED - not supplement] "Rosanna Earrings Double Circle Gold" | product_type: "Beauty Accessories"
[2026-04-29T04:29:10.564Z]   [SKIPPED - not supplement] "Rosanna Earrings Gold Star Burst" | product_type: "Beauty Accessories"
[2026-04-29T04:29:10.564Z]   [SKIPPED - not supplement] "Rosanna Earrings Fashion Sphere Gold" | product_type: "Beauty Accessories"
[2026-04-29T04:29:10.564Z]   [SKIPPED - not supplement] "Rosanna Earrings Diamante Circle Silver" | product_type: "Beauty Accessories"
[2026-04-29T04:29:10.565Z]   [SKIPPED - not supplement] "Rosanna Drop Cross Earrings Silver" | product_type: "Beauty Accessories"
[2026-04-29T04:29:10.565Z]   [SKIPPED - not supplement] "Rosanna Earrings Small Gold Hoop" | product_type: "Beauty Accessories"
[2026-04-29T04:29:10.565Z]   [SKIPPED - not supplement] "Rosanna Earrings Fashion Drop Tear Gold" | product_type: "Beauty Accessories"
[2026-04-29T04:29:10.565Z]   [SKIPPED - not supplement] "HB&Co Hairbrush Flex Curved Vented 5 prong" | product_type: "Beauty Accessories"
[2026-04-29T04:29:10.566Z]   [SKIPPED - not supplement] "Rosanna Earrings Diamante Butterfly Gold" | product_type: "Beauty Accessories"
[2026-04-29T04:29:10.566Z]   [SKIPPED - not supplement] "Ruby Face Cosmetic Brushes 6 Pack" | product_type: "Beauty Accessories"
[2026-04-29T04:29:10.566Z]   [SKIPPED - not supplement] "Rosanna Earrings White Hoops Silver" | product_type: "Beauty Accessories"
[2026-04-29T04:29:10.567Z]   [SKIPPED - not supplement] "Rosanna Earrings Diamonds V Silver" | product_type: "Beauty Accessories"
[2026-04-29T04:29:10.567Z]   [SKIPPED - not supplement] "Rosanna Earring Drop Diamond Studs Gold" | product_type: "Beauty Accessories"
[2026-04-29T04:29:10.567Z]   [SKIPPED - not supplement] "Rosanna Earrings Drop Diamond Stars Gold" | product_type: "Beauty Accessories"
[2026-04-29T04:29:10.568Z]   [SKIPPED - not supplement] "Rosanna Earrings Drop Sphere Gold" | product_type: "Beauty Accessories"
[2026-04-29T04:29:10.568Z]   [SKIPPED - not supplement] "Rosanna Earrings Diamonds X Gold" | product_type: "Beauty Accessories"
[2026-04-29T04:29:10.569Z]   [SKIPPED - not supplement] "HB&Co Hairbrush Flex Curve Vented" | product_type: "Beauty Accessories"
[2026-04-29T04:29:10.569Z]   [SKIPPED - not supplement] "Rosanna Earrings Solid Metal Cross Gold" | product_type: "Beauty Accessories"
[2026-04-29T04:29:10.570Z]   [SKIPPED - not supplement] "Rosanna Earrings Pretty Pink Studs" | product_type: "Beauty Accessories"
[2026-04-29T04:29:10.570Z]   [SKIPPED - not supplement] "Rosanna Earrings Diamonds X Silver" | product_type: "Beauty Accessories"
[2026-04-29T04:29:10.570Z]   [SKIPPED - not supplement] "Rosanna Earrings Diamante Fashion Drop Silver" | product_type: "Beauty Accessories"
[2026-04-29T04:29:10.570Z]   [SKIPPED - not supplement] "Ariana Grande R.E.M. 30ml EDP" | product_type: "Beauty Accessories"
[2026-04-29T04:29:10.571Z]   [SKIPPED - not supplement] "Ariana Grande god is a woman 30ml EDP" | product_type: "Beauty Accessories"
[2026-04-29T04:29:10.571Z]   [SKIPPED - not supplement] "Ariana Grande god is a woman 100ml EDP" | product_type: "Beauty Accessories"
[2026-04-29T04:29:10.571Z]   [SKIPPED - not supplement] "Ariana Grande R.E.M. 100ml EDP" | product_type: "Beauty Accessories"
[2026-04-29T04:29:10.571Z]   [SKIPPED - not supplement] "Ariana Grande Thank U Next 100ml EDP" | product_type: "Beauty Accessories"
[2026-04-29T04:29:11.073Z]   Page 14...
[2026-04-29T04:29:11.968Z]   [SKIPPED - not supplement] "Truyu 10-1651 Eye Liner Duo" | product_type: "Beauty Accessories"
[2026-04-29T04:29:11.969Z]   [SKIPPED - not supplement] "Designer Brands Fragrance Night" | product_type: "Beauty Accessories"
[2026-04-29T04:29:11.969Z]   [SKIPPED - not supplement] "Designer Brands Fragrance Eternal Style" | product_type: "Beauty Accessories"
[2026-04-29T04:29:11.970Z]   [SKIPPED - not supplement] "HB&Co Make up Brushes in Black Pouch 1pk" | product_type: "Beauty Accessories"
[2026-04-29T04:29:11.970Z]   [SKIPPED - not supplement] "BC Travel Set Cosmetic Containers 5 pc" | product_type: "Other Pharmacy & Clothing"
[2026-04-29T04:29:11.971Z]   [SKIPPED - not supplement] "DB Fragrance La Lure 100ml" | product_type: "Beauty Accessories"
[2026-04-29T04:29:11.971Z]   [SKIPPED - not supplement] "UV Led USB Nail Lamp 1ea" | product_type: "Beauty Accessories"
[2026-04-29T04:29:11.971Z]   [SKIPPED - not supplement] "Bargain Chemist Travel Set 5 Piece" | product_type: "Other Pharmacy & Clothing"
[2026-04-29T04:29:11.972Z]   [SKIPPED - not supplement] "BC Travel Set Silicon Bottle 3pc" | product_type: "Other Pharmacy & Clothing"
[2026-04-29T04:29:11.972Z]   [SKIPPED - not supplement] "S.L.Q Finish Brush Flat Foundation Angled 1ea" | product_type: "Beauty Accessories"
[2026-04-29T04:29:11.972Z]   [SKIPPED - not supplement] "DB Fragrance Billionaire 100ml" | product_type: "Beauty Accessories"
[2026-04-29T04:29:11.973Z]   [SKIPPED - not supplement] "HB&Co Makeup Brushes in Pink Pouch 1pk" | product_type: "Beauty Accessories"
[2026-04-29T04:29:11.973Z]   [SKIPPED - not supplement] "Electric Eye Lash Heated Curler 1ea" | product_type: "Beauty Accessories"
[2026-04-29T04:29:11.973Z]   [SKIPPED - not supplement] "S.L.Q Round Medium Powder Brush 1ea" | product_type: "Beauty Accessories"
[2026-04-29T04:29:11.974Z]   [SKIPPED - not supplement] "S.L.Q. Flat Top Powder Brush 1ea" | product_type: "Beauty Accessories"
[2026-04-29T04:29:11.974Z]   [SKIPPED - not supplement] "S.L.Q Finish Foundation Brush Rounded 1ea" | product_type: "Beauty Accessories"
[2026-04-29T04:29:11.974Z]   [SKIPPED - not supplement] "BC Hair Clips Large Purple Hearts 3pk" | product_type: "Beauty Accessories"
[2026-04-29T04:29:11.975Z]   [SKIPPED - not supplement] "Hello! Hair Clips Mini Multi Hearts 10pk" | product_type: "Beauty Accessories"
[2026-04-29T04:29:11.975Z]   [SKIPPED - not supplement] "Fashion Jewelry Hair Clips Mini Stars 4pk" | product_type: "Beauty Accessories"
[2026-04-29T04:29:11.976Z]   [SKIPPED - not supplement] "Princess Hair Clips Mini Stars Asst 10pk" | product_type: "Beauty Accessories"
[2026-04-29T04:29:11.977Z]   [SKIPPED - not supplement] "Hello! Hair Clips Mini Bears Multi 10pk" | product_type: "Beauty Accessories"
[2026-04-29T04:29:11.977Z]   [SKIPPED - not supplement] "Fashion Jewelery Hair Clips Mini Asst Colour 4pk" | product_type: "Beauty Accessories"
[2026-04-29T04:29:11.977Z]   [SKIPPED - not supplement] "BC Hair Clips Large Pink 3pk" | product_type: "Beauty Accessories"
[2026-04-29T04:29:11.977Z]   [SKIPPED - not supplement] "Princess Hair Clips Mini Multi Flower 10pk" | product_type: "Beauty Accessories"
[2026-04-29T04:29:11.979Z]   [SKIPPED - not supplement] "RAWW Detangle Hair Brush" | product_type: "Beauty Accessories"
[2026-04-29T04:29:11.979Z]   [SKIPPED - not supplement] "Simply Essential Angled Blending Sponge" | product_type: "Beauty Accessories"
[2026-04-29T04:29:11.979Z]   [SKIPPED - not supplement] "Simply Essential Toe Separators (2)" | product_type: "Beauty Accessories"
[2026-04-29T04:29:11.979Z]   [SKIPPED - not supplement] "Simply Essential Precision Tweezer" | product_type: "Beauty Accessories"
[2026-04-29T04:29:11.980Z]   [SKIPPED - not supplement] "MAE Brush Natural Bristle Radial" | product_type: "Beauty Accessories"
[2026-04-29T04:29:11.980Z]   [SKIPPED - not supplement] "MAE Brush Natural Bristle Oval Pad" | product_type: "Beauty Accessories"
[2026-04-29T04:29:11.980Z]   [SKIPPED - not supplement] "Simply Essential Eyelash Curler with Comb" | product_type: "Beauty Accessories"
[2026-04-29T04:29:11.981Z]   [SKIPPED - not supplement] "Simply Essential Luxe Powder Puff" | product_type: "Beauty Accessories"
[2026-04-29T04:29:11.981Z]   [SKIPPED - not supplement] "Simply Essential Lash Applicator Tweezer" | product_type: "Beauty Accessories"
[2026-04-29T04:29:11.981Z]   [SKIPPED - not supplement] "MAE Brush Natural Bristle Paddle" | product_type: "Beauty Accessories"
[2026-04-29T04:29:11.982Z]   [SKIPPED - not supplement] "Simply Essential Pedicure File Glass" | product_type: "Beauty Accessories"
[2026-04-29T04:29:11.982Z]   [SKIPPED - not supplement] "Simply Essential Velvet Finish Blending Sponge" | product_type: "Beauty Accessories"
[2026-04-29T04:29:11.982Z]   [SKIPPED - not supplement] "MAE Brush Natural Bristle Oval Pad Boar" | product_type: "Beauty Accessories"
[2026-04-29T04:29:11.982Z]   [SKIPPED - not supplement] "Simply Essential Perfect Grip Tweezer" | product_type: "Beauty Accessories"
[2026-04-29T04:29:11.983Z]   [SKIPPED - not supplement] "Tender Love & Carry Travel Pouch With Bottles Oat" | product_type: "Beauty Accessories"
[2026-04-29T04:29:11.983Z]   [SKIPPED - not supplement] "Adorn by Mae Slides Sliver 4 pack" | product_type: "Beauty Accessories"
[2026-04-29T04:29:11.984Z]   [SKIPPED - not supplement] "Mini by Mae Elastic Woven Pastels 5 pack" | product_type: "Beauty Accessories"
[2026-04-29T04:29:11.984Z]   [SKIPPED - not supplement] "Simply Essential Quick Dry Hair Towel Pink" | product_type: "Beauty Accessories"
[2026-04-29T04:29:11.984Z]   [SKIPPED - not supplement] "Adorn by Mae One Touch Clips Diamante Sliver 2 pack" | product_type: "Beauty Accessories"
[2026-04-29T04:29:11.984Z]   [SKIPPED - not supplement] "Adorn by Mae Elastic Woven Beige & Black 4" | product_type: "Beauty Accessories"
[2026-04-29T04:29:11.985Z]   [SKIPPED - not supplement] "MAE 40 Headband Soft Brown" | product_type: "Beauty Accessories"
[2026-04-29T04:29:11.985Z]   [SKIPPED - not supplement] "Mini by Mae Combo Set Stay Kind 10 pack" | product_type: "Beauty Accessories"
[2026-04-29T04:29:11.985Z]   [SKIPPED - not supplement] "Tender Love & Carry Large Zebra Set 4pc Set" | product_type: "Beauty Accessories"
[2026-04-29T04:29:11.986Z]   [SKIPPED - not supplement] "Simply Essential Sleep Cap Satin Pink" | product_type: "Beauty Accessories"
[2026-04-29T04:29:11.986Z]   [SKIPPED - not supplement] "Adorn Elastic Velvet Bow Black" | product_type: "Beauty Accessories"
[2026-04-29T04:29:11.986Z]   [SKIPPED - not supplement] "Mini by Mae Alligator Clip Daisy Trio 2 pack" | product_type: "Beauty Accessories"
[2026-04-29T04:29:11.986Z]   [SKIPPED - not supplement] "Mini by Mae One Touch Clips Flower 6 pack" | product_type: "Beauty Accessories"
[2026-04-29T04:29:11.987Z]   [SKIPPED - not supplement] "MAE 40 Headband Soft White" | product_type: "Beauty Accessories"
[2026-04-29T04:29:11.987Z]   [SKIPPED - not supplement] "Mini by Mae Alligator Clip Large Bow Rust" | product_type: "Beauty Accessories"
[2026-04-29T04:29:11.987Z]   [SKIPPED - not supplement] "Adorn by Mae Hair Slides Metallic 12 pack" | product_type: "Beauty Accessories"
[2026-04-29T04:29:11.988Z]   [SKIPPED - not supplement] "Cosmetic Bag Tweed Rectangle Blue" | product_type: "Beauty Accessories"
[2026-04-29T04:29:11.989Z]   [SKIPPED - not supplement] "Cosmetic Bag Tweed Oval Blue" | product_type: "Beauty Accessories"
[2026-04-29T04:29:11.989Z]   [SKIPPED - not supplement] "HB&Co Medicine Detachable Pill Box" | product_type: "Health Equipment"
[2026-04-29T04:29:12.505Z]   Page 15...
[2026-04-29T04:29:13.344Z]   [SKIPPED - not supplement] "Floral Bucket Hat Baby Blue Large" | product_type: "Other Pharmacy & Clothing"
[2026-04-29T04:29:13.345Z]   [SKIPPED - not supplement] "Shark Bucket Hat Blue Medium" | product_type: "Other Pharmacy & Clothing"
[2026-04-29T04:29:13.345Z]   [SKIPPED - not supplement] "EarSense Trio Hoops Silver, Gold & Rose Gold" | product_type: "Beauty Accessories"
[2026-04-29T04:29:13.345Z]   [SKIPPED - not supplement] "Truyu 10-1896 Nail Shapers(2) Celestial Limited Edition" | product_type: "Beauty Accessories"
[2026-04-29T04:29:13.346Z]   [SKIPPED - not supplement] "Simply Essential 20-2016 Dual Pencil Sharpener" | product_type: "Beauty Accessories"
[2026-04-29T04:29:13.346Z]   [SKIPPED - not supplement] "Floral Bucket Hat Baby Blue Medium" | product_type: "Other Pharmacy & Clothing"
[2026-04-29T04:29:13.346Z]   [SKIPPED - not supplement] "Truyu 10-1908 Nail Scissors Celestial Limited Edition" | product_type: "Beauty Accessories"
[2026-04-29T04:29:13.347Z]   [SKIPPED - not supplement] "Gingham Bucket Hat Black & White Small" | product_type: "Other Pharmacy & Clothing"
[2026-04-29T04:29:13.347Z]   [SKIPPED - not supplement] "EarSense Hoop with Crystals Silver 12mm" | product_type: "Beauty Accessories"
[2026-04-29T04:29:13.348Z]   [SKIPPED - not supplement] "Ecotool Wrapped In Glow Brush Set 2022 7pcs" | product_type: "Beauty Accessories"
[2026-04-29T04:29:13.348Z]   [SKIPPED - not supplement] "EarSense Mini Crystal Heart Stud Silver" | product_type: "Beauty Accessories"
[2026-04-29T04:29:13.349Z]   [SKIPPED - not supplement] "Shark Bucket Hat Blue Small" | product_type: "Other Pharmacy & Clothing"
[2026-04-29T04:29:13.349Z]   [SKIPPED - not supplement] "Truyu 10-1898 Tweezer Trio Celestial Limited Edition" | product_type: "Beauty Accessories"
[2026-04-29T04:29:13.349Z]   [SKIPPED - not supplement] "Ditsy Floral Bucket Hat Pink Small" | product_type: "Other Pharmacy & Clothing"
[2026-04-29T04:29:13.350Z]   [SKIPPED - not supplement] "Lip Smacker Princess Lip and Face Tin" | product_type: "Other Pharmacy & Clothing"
[2026-04-29T04:29:13.351Z]   [SKIPPED - not supplement] "DB Mens Shower Pack" | product_type: "Personal Care"
[2026-04-29T04:29:13.351Z]   [SKIPPED - not supplement] "BYS Travel Makeup Case Medium" | product_type: "Other Pharmacy & Clothing"
[2026-04-29T04:29:13.352Z]   [SKIPPED - not supplement] "BYS Travel Makeup Case Large" | product_type: "Other Pharmacy & Clothing"
[2026-04-29T04:29:13.353Z]   [SKIPPED - not supplement] "TRUYU 10-1752 Manicure Kit" | product_type: "Beauty Accessories"
[2026-04-29T04:29:13.354Z]   [SKIPPED - not supplement] "Simply Essential 20-2115 Cushion Files Pattern" | product_type: "Beauty Accessories"
[2026-04-29T04:29:13.354Z]   [SKIPPED - not supplement] "Tits Up Breast Lift Tape 10cm Wide" | product_type: "Beauty Accessories"
[2026-04-29T04:29:13.355Z]   [SKIPPED - not supplement] "Wet n Wild Hourglass Makeup Sponge C" | product_type: "Beauty Accessories"
[2026-04-29T04:29:13.356Z]   [SKIPPED - not supplement] "MONT BLANC Emblem EDT Spray 100ml" | product_type: "Beauty Accessories"
[2026-04-29T04:29:13.356Z]   [SKIPPED - not supplement] "Less Stressed Mama Formula Thermo" | product_type: "Baby"
[2026-04-29T04:29:13.357Z]   [SKIPPED - not supplement] "Truyu 10-1656 Cuticle and Nail Set" | product_type: "Beauty Accessories"
[2026-04-29T04:29:13.357Z]   [SKIPPED - not supplement] "Dolce & Gabbana Women EDT 100ml" | product_type: "Beauty Accessories"
[2026-04-29T04:29:13.357Z]   [SKIPPED - not supplement] "Mae 40-2132 Barrette Circle White" | product_type: "Beauty Accessories"
[2026-04-29T04:29:13.361Z]   [SKIPPED - not supplement] "Versace Bright Crystal EDT 90ml" | product_type: "Beauty Accessories"
[2026-04-29T04:29:13.361Z]   [SKIPPED - not supplement] "Ted Baker WOMAN EDT SPRAY 100ml" | product_type: "Beauty Accessories"
[2026-04-29T04:29:13.362Z]   [SKIPPED - not supplement] "Elizabeth Arden 5th Ave NYC Red EDP 70ml" | product_type: "Beauty Accessories"
[2026-04-29T04:29:13.363Z]   [SKIPPED - not supplement] "Versace Yellow Diamond EDT Spray 90ml" | product_type: "Beauty Accessories"
[2026-04-29T04:29:13.877Z]   Page 16...
[2026-04-29T04:29:14.896Z]   [SKIPPED - not supplement] "Ralph BIG PONY EDT SPRAY 100ml" | product_type: "Beauty Accessories"
[2026-04-29T04:29:14.901Z]   [SKIPPED - not supplement] "BURBERRY London Women EDP 100ml" | product_type: "Beauty Accessories"
[2026-04-29T04:29:14.901Z]   [SKIPPED - not supplement] "OSCAR MEN EDT Spray 100ml" | product_type: "Beauty Accessories"
[2026-04-29T04:29:14.902Z]   [SKIPPED - not supplement] "ACQUA DI GIO EDT Vapo 100ml" | product_type: "Beauty Accessories"
[2026-04-29T04:29:14.902Z]   [SKIPPED - not supplement] "MAE  H/B Luxe Beaded Black" | product_type: "Beauty Accessories"
[2026-04-29T04:29:14.902Z]   [SKIPPED - not supplement] "MAE Elastic Scrunchie Tan" | product_type: "Beauty Accessories"
[2026-04-29T04:29:14.903Z]   [SKIPPED - not supplement] "MAE H/B Luxe Beaded Pearl" | product_type: "Beauty Accessories"
[2026-04-29T04:29:14.903Z]   [SKIPPED - not supplement] "Victoria’s Secret Eau So Sexy Fragrance Mist Spray 250ml" | product_type: "Beauty Accessories"
[2026-04-29T04:29:14.903Z]   [SKIPPED - not supplement] "Victoria’s Secret Love EDP Spray 50ml" | product_type: "Beauty Accessories"
[2026-04-29T04:29:14.904Z]   [SKIPPED - not supplement] "Victoria’s Secret Love Is Heavenly EDP Spray 50ml" | product_type: "Beauty Accessories"
[2026-04-29T04:29:14.904Z]   [SKIPPED - not supplement] "Victoria’s Secret Tease Heartbreaker EDP Spray 50ml" | product_type: "Beauty Accessories"
[2026-04-29T04:29:14.904Z]   [SKIPPED - not supplement] "Victoria’s Secret Bombshell Seduction EDP Spray 100ml" | product_type: "Beauty Accessories"
[2026-04-29T04:29:14.905Z]   [SKIPPED - not supplement] "Victoria’s Secret Mini Eau So Sexy EDP 7ml" | product_type: "Beauty Accessories"
[2026-04-29T04:29:14.905Z]   [SKIPPED - not supplement] "Victoria’s Secret Bombshell Paris EDP Spray 100ml" | product_type: "Beauty Accessories"
[2026-04-29T04:29:14.905Z]   [SKIPPED - not supplement] "Victoria’s Secret Bombshell Paradise EDP Spray 50ml" | product_type: "Beauty Accessories"
[2026-04-29T04:29:14.905Z]   [SKIPPED - not supplement] "Victoria’s Secret Tease Rebel EDP Spray 50ml" | product_type: "Beauty Accessories"
[2026-04-29T04:29:14.906Z]   [SKIPPED - not supplement] "Victoria’s Secret Tease Rebel EDP Spray 100ml" | product_type: "Beauty Accessories"
[2026-04-29T04:29:14.906Z]   [SKIPPED - not supplement] "Victoria's Secret Very Sexy Now 2016 EDP Spray 50ml" | product_type: "Beauty Accessories"
[2026-04-29T04:29:14.906Z]   [SKIPPED - not supplement] "Victoria’s Secret Just a Kiss Fragrance Spray" | product_type: "Beauty Accessories"
[2026-04-29T04:29:14.906Z]   [SKIPPED - not supplement] "Victoria’s Secret Mini Angel Gold EDP Rollerball 7ml" | product_type: "Beauty Accessories"
[2026-04-29T04:29:14.907Z]   [SKIPPED - not supplement] "Victoria’s Secret Bombshell In Bloom EDP Spray 50ml" | product_type: "Beauty Accessories"
[2026-04-29T04:29:14.907Z]   [SKIPPED - not supplement] "Victoria’s Secret Bombshell Tropical Paradise EDP Spray 50ml" | product_type: "Beauty Accessories"
[2026-04-29T04:29:14.907Z]   [SKIPPED - not supplement] "MAE 41-2310 Headband Jewelled Green" | product_type: "Beauty Accessories"
[2026-04-29T04:29:14.908Z]   [SKIPPED - not supplement] "MAE 41-2311 Headband Pearl&Diamante" | product_type: "Beauty Accessories"
[2026-04-29T04:29:14.908Z]   [SKIPPED - not supplement] "MAE 40-2241 Elast Scrunchie Pink" | product_type: "Beauty Accessories"
[2026-04-29T04:29:14.908Z]   [SKIPPED - not supplement] "MAE 41-2307 Elastic & Headband Set" | product_type: "Beauty Accessories"
[2026-04-29T04:29:14.909Z]   [SKIPPED - not supplement] "MAE 41-2309 Headband Diamante" | product_type: "Beauty Accessories"
[2026-04-29T04:29:14.909Z]   [SKIPPED - not supplement] "Davidoff Woman Eau Deodorant Spray 100ml" | product_type: "Beauty Accessories"
[2026-04-29T04:29:14.909Z]   [SKIPPED - not supplement] "TED BAKER LimitedE EDT Spray 100ml" | product_type: "Beauty Accessories"
[2026-04-29T04:29:14.910Z]   [SKIPPED - not supplement] "TED BAKER Mens EDT Spray 75ml" | product_type: "Beauty Accessories"
[2026-04-29T04:29:14.910Z]   [SKIPPED - not supplement] "REAL Tech. Miracle Complex. Sponge" | product_type: "Beauty Accessories"
[2026-04-29T04:29:14.911Z]   [SKIPPED - not supplement] "Revlon At Home Facial Set Xmas 2022" | product_type: "Beauty Accessories"
[2026-04-29T04:29:14.911Z]   [SKIPPED - not supplement] "Sence Bamboo Cotton Buds 200pk" | product_type: "Beauty Accessories"
[2026-04-29T04:29:14.912Z]   [SKIPPED - not supplement] "POLO Black EDT Spray 75ml" | product_type: "Beauty Accessories"
[2026-04-29T04:29:14.912Z]   [SKIPPED - not supplement] "Wet n Wild M/Up Brush Lrg E/Shadow" | product_type: "Beauty Accessories"
[2026-04-29T04:29:14.913Z]   [SKIPPED - not supplement] "EarSense F494-1 20mm Thin Gold Hoop" | product_type: "Beauty Accessories"
[2026-04-29T04:29:14.913Z]   [SKIPPED - not supplement] "EarSense F411 Gold Tube Tear Drop Hoop" | product_type: "Beauty Accessories"
[2026-04-29T04:29:14.914Z]   [SKIPPED - not supplement] "EarSense F407 Gold Open Circle with Crystal French Hook" | product_type: "Beauty Accessories"
[2026-04-29T04:29:14.915Z]   [SKIPPED - not supplement] "EarSense F398 Silver Filigree Teardrop French Hook" | product_type: "Beauty Accessories"
[2026-04-29T04:29:14.916Z]   [SKIPPED - not supplement] "Dear Body Fragrance Mist La Vanilla 75ml" | product_type: "Beauty Accessories"
[2026-04-29T04:29:15.421Z]   Page 17...
[2026-04-29T04:29:16.221Z]   [SKIPPED - not supplement] "David Champion EDT 90ml" | product_type: "Beauty Accessories"
[2026-04-29T04:29:16.222Z]   [SKIPPED - not supplement] "Lancome La vie est Belle 50ml 2pc Gift Set" | product_type: "Beauty Accessories"
[2026-04-29T04:29:16.222Z]   [SKIPPED - not supplement] "Maison Margiela Replica On A Date EDT 100ml" | product_type: "Beauty Accessories"
[2026-04-29T04:29:16.222Z]   [SKIPPED - not supplement] "Juicy Couture Peace Love & Juicy EDP 100ml" | product_type: "Beauty Accessories"
[2026-04-29T04:29:16.223Z]   [SKIPPED - not supplement] "VALENTINO VALENTINO UOMO (M) EDT 100 ml FR" | product_type: "Beauty Accessories"
[2026-04-29T04:29:16.223Z]   [SKIPPED - not supplement] "Rosanna Earrings Stunning Diamante Gold Stud" | product_type: "Beauty Accessories"
[2026-04-29T04:29:16.224Z]   [SKIPPED - not supplement] "Yves Saint Laurent Libre Le Parfum 50ml" | product_type: "Beauty Accessories"
[2026-04-29T04:29:16.224Z]   [SKIPPED - not supplement] "Paco Rabanne 1 Million (M) Parfum 200ml" | product_type: "Beauty Accessories"
[2026-04-29T04:29:16.225Z]   [SKIPPED - not supplement] "Paco Robanne 1 Million Men EDT Spray 200ml" | product_type: "Beauty Accessories"
[2026-04-29T04:29:16.226Z]   [SKIPPED - not supplement] "HUGGIES Ult N/Pants Size 5 Unisex 52" | product_type: "Baby"
[2026-04-29T04:29:16.226Z]   [SKIPPED - not supplement] "HUGGIES N/Pants U/Dry Sz5 Boy 30" | product_type: "Baby"
[2026-04-29T04:29:16.227Z]   [SKIPPED - not supplement] "KIWI Shine & Protect Brown Wax 75ml" | product_type: "Other Pharmacy & Clothing"
[2026-04-29T04:29:16.229Z]   [SKIPPED - not supplement] "MAE 40-2200SBL Elast. Thick Blond 8" | product_type: "Beauty Accessories"
[2026-04-29T04:29:16.229Z]   [SKIPPED - not supplement] "SIMPLY ESS 20-2009 Reuse MU Rem Cloth" | product_type: "Beauty Accessories"
[2026-04-29T04:29:16.230Z]   [SKIPPED - not supplement] "EarSense F492-3 15mm Gold Hoop" | product_type: "Beauty Accessories"
[2026-04-29T04:29:16.230Z]   [SKIPPED - not supplement] "MAE Brush Flexi Control Gem Tips" | product_type: "Beauty Accessories"
[2026-04-29T04:29:16.232Z]   [SKIPPED - not supplement] "EarSense F495-1 20mm Thin Silver Hoop" | product_type: "Beauty Accessories"
[2026-04-29T04:29:16.232Z]   [SKIPPED - not supplement] "REAL Tech. Miracle Contour Wedge 4pk" | product_type: "Beauty Accessories"
[2026-04-29T04:29:16.232Z]   [SKIPPED - not supplement] "EarSense F494-2 25mm Gold Hoop" | product_type: "Beauty Accessories"
[2026-04-29T04:29:16.233Z]   [SKIPPED - not supplement] "EarSense F402 Silver Thick Contoured Huggie" | product_type: "Beauty Accessories"
[2026-04-29T04:29:16.233Z]   [SKIPPED - not supplement] "EarSense F368 Swarovski Crystal Teardrop French Hook" | product_type: "Beauty Accessories"
[2026-04-29T04:29:16.233Z]   [SKIPPED - not supplement] "EarSense F365 Heart+Swarovski Crystals" | product_type: "Beauty Accessories"
[2026-04-29T04:29:16.235Z]   [SKIPPED - not supplement] "EarSense ES-C17 Rivoli Lilac studs" | product_type: "Beauty Accessories"
[2026-04-29T04:29:16.236Z]   [SKIPPED - not supplement] "Real Tech. Miracle Powder Sponge" | product_type: "Beauty Accessories"
[2026-04-29T04:29:16.236Z]   [SKIPPED - not supplement] "MAE 40-4504 Brush Detangler Oval Rose Gold" | product_type: "Beauty Accessories"
[2026-04-29T04:29:16.236Z]   [SKIPPED - not supplement] "EarSense F403 Gold Thick Contoured Huggie" | product_type: "Beauty Accessories"
[2026-04-29T04:29:16.237Z]   [SKIPPED - not supplement] "Earsense F386 Silver Sun & Moon Mismatch Studs" | product_type: "Beauty Accessories"
[2026-04-29T04:29:16.237Z]   [SKIPPED - not supplement] "Simply Essential 20-2502 Nurses Scissors" | product_type: "Beauty Accessories"
[2026-04-29T04:29:16.237Z]   [SKIPPED - not supplement] "MAE 40-2202SBL Elast. Flat Blond 12" | product_type: "Beauty Accessories"
[2026-04-29T04:29:16.238Z]   [SKIPPED - not supplement] "EarSense F3-1886 Gold 12mm Hoop" | product_type: "Beauty Accessories"
[2026-04-29T04:29:16.238Z]   [SKIPPED - not supplement] "EarSense F6-945 2 Tone Click Hoop" | product_type: "Beauty Accessories"
[2026-04-29T04:29:16.238Z]   [SKIPPED - not supplement] "EarSense F362 35mm Gold Flat Hoop" | product_type: "Beauty Accessories"
[2026-04-29T04:29:16.239Z]   [SKIPPED - not supplement] "BAMBINO MIO C/Mat Honeybee Hive" | product_type: "Other Pharmacy & Clothing"
[2026-04-29T04:29:16.239Z]   [SKIPPED - not supplement] "MISTA Mens Socks Soda" | product_type: "Other Pharmacy & Clothing"
[2026-04-29T04:29:16.239Z]   [SKIPPED - not supplement] "Philips Avent Natural Newborn Starter Set" | product_type: "Baby"
[2026-04-29T04:29:16.240Z]   [SKIPPED - not supplement] "Finishing Touch Flawless Electronic Pedicure Tool" | product_type: "Beauty Accessories"
[2026-04-29T04:29:16.240Z]   [SKIPPED - not supplement] "Avent Natural Feeding Bottle 1m+ 260mL" | product_type: "Baby"
[2026-04-29T04:29:16.241Z]   [SKIPPED - not supplement] "Calvin Klein Beauty EDP 100ml for Women" | product_type: "Beauty Accessories"
[2026-04-29T04:29:16.241Z]   [SKIPPED - not supplement] "Vera Wang Glam Princess 100ml" | product_type: "Beauty Accessories"
[2026-04-29T04:29:16.241Z]   [SKIPPED - not supplement] "Hugo Boss HUGO Deep Red EDP 90ml for Women" | product_type: "Beauty Accessories"
[2026-04-29T04:29:16.242Z]   [SKIPPED - not supplement] "Estee Lauder Knowing EDP 75ml for Women" | product_type: "Beauty Accessories"
[2026-04-29T04:29:16.242Z]   [SKIPPED - not supplement] "Philips Avent Natural Glass Bottle 120ml" | product_type: "Baby"
[2026-04-29T04:29:16.242Z]   [SKIPPED - not supplement] "Philips Avent Natural Bottle 0m+ 125mL" | product_type: "Baby"
[2026-04-29T04:29:16.243Z]   [SKIPPED - not supplement] "Philips Avent Natural Newborn Flow Teats 0m+ 2 Pack" | product_type: "Baby"
[2026-04-29T04:29:16.243Z]   [SKIPPED - not supplement] "Philips Avent Natural Glass Bottle 240ml" | product_type: "Baby"
[2026-04-29T04:29:16.245Z]   [SKIPPED - not supplement] "VILHELM Parfumerie Darling Nikki EDP 100ml" | product_type: "Beauty Accessories"
[2026-04-29T04:29:16.245Z]   [SKIPPED - not supplement] "OPI Nail Lacquer - Beauty School Popout" | product_type: "Beauty Accessories"
[2026-04-29T04:29:16.245Z]   [SKIPPED - not supplement] "OPI Nail Lacquer - AppointMINT Confirmed" | product_type: "Beauty Accessories"
[2026-04-29T04:29:16.750Z]   Page 18...
[2026-04-29T04:29:17.421Z]   [SKIPPED - not supplement] "OPI Nail Lacquer - Hands In The Clouds" | product_type: "Beauty Accessories"
[2026-04-29T04:29:17.421Z]   [SKIPPED - not supplement] "OPI Nail Lacquer - Reality Check Ya Out" | product_type: "Beauty Accessories"
[2026-04-29T04:29:17.421Z]   [SKIPPED - not supplement] "OPI Nail Lacquer - Happy Play-ce" | product_type: "Beauty Accessories"
[2026-04-29T04:29:17.422Z]   [SKIPPED - not supplement] "OPI Nail Lacquer - Grape Escape" | product_type: "Beauty Accessories"
[2026-04-29T04:29:17.422Z]   [SKIPPED - not supplement] "OPI Nail Lacquer - Case of Glamnesia" | product_type: "Beauty Accessories"
[2026-04-29T04:29:17.422Z]   [SKIPPED - not supplement] "OPI Nail Lacquer - Welcome to Your Whirl" | product_type: "Beauty Accessories"
[2026-04-29T04:29:17.425Z]   [SKIPPED - not supplement] "MCo MCH603 Fragrance Mist No.3 90ml" | product_type: "Beauty Accessories"
[2026-04-29T04:29:17.425Z]   [SKIPPED - not supplement] "MCo MCH601 Fragrance Mist No.1 90ml" | product_type: "Beauty Accessories"
[2026-04-29T04:29:17.426Z]   [SKIPPED - not supplement] "MCoBeauty Dermaplaning Facial Razor Duo Pack" | product_type: "Beauty Accessories"
[2026-04-29T04:29:17.427Z]   [SKIPPED - not supplement] "MCo MCH604 Fragrance Mist No.4 90ml" | product_type: "Beauty Accessories"
[2026-04-29T04:29:17.428Z]   [SKIPPED - not supplement] "Philips Avent Natural Response Teat 3month+ 2pk" | product_type: "Baby"
[2026-04-29T04:29:17.428Z]   [SKIPPED - not supplement] "Philips Avent Natural Response Teat 6 Months -  2pk" | product_type: "Baby"
[2026-04-29T04:29:17.429Z]   [SKIPPED - not supplement] "Tangle Teezer Pet De-Shedding Purple and Black large" | product_type: "Other Pharmacy & Clothing"
[2026-04-29T04:29:17.430Z]   [SKIPPED - not supplement] "Tangle Teezer Pet DeShedding Small Black and Light Blue" | product_type: "Other Pharmacy & Clothing"
[2026-04-29T04:29:17.430Z]   [SKIPPED - not supplement] "QVS 10-1230 Fun Buffer Short" | product_type: "Beauty Accessories"
[2026-04-29T04:29:17.430Z]   [SKIPPED - not supplement] "Tangle Teezer Cat Grooming Brush" | product_type: "Other Pharmacy & Clothing"
[2026-04-29T04:29:17.432Z]   [SKIPPED - not supplement] "Tender Love + Carry Assorted Red Bow  - Hanging Washbag" | product_type: "Beauty Accessories"
[2026-04-29T04:29:17.432Z]   [SKIPPED - not supplement] "Tender Love + Carry Black & Oat - Vanity" | product_type: "Beauty Accessories"
[2026-04-29T04:29:17.432Z]   [SKIPPED - not supplement] "Tender Love + Carry Blue Bow - Rollup" | product_type: "Beauty Accessories"
[2026-04-29T04:29:17.433Z]   [SKIPPED - not supplement] "Tender Love + Carry Assorted Red Bow  - Case" | product_type: "Beauty Accessories"
[2026-04-29T04:29:17.433Z]   [SKIPPED - not supplement] "BC Earrings Fashion Studs Assorted 3pk" | product_type: "Beauty Accessories"
[2026-04-29T04:29:17.433Z]   [SKIPPED - not supplement] "BC Earrings Pretty Studs Assorted 3pk" | product_type: "Beauty Accessories"
[2026-04-29T04:29:17.434Z]   [SKIPPED - not supplement] "BC Earrings Girls Studs Assorted 3pk" | product_type: "Beauty Accessories"
[2026-04-29T04:29:17.435Z]   [SKIPPED - not supplement] "SQN Hanging Roll Case Woven Blue" | product_type: "Beauty Accessories"
[2026-04-29T04:29:17.955Z]   Page 19...
[2026-04-29T04:29:18.635Z]   [SKIPPED - not supplement] "ATHOME Wash Fabric Softener Lovely Springtime 750ml" | product_type: "Household"
[2026-04-29T04:29:18.635Z]   [SKIPPED - not supplement] "PIGEON Baby Laundry Detergent 500ml" | product_type: "Baby"
[2026-04-29T04:29:18.637Z]   [SKIPPED - not supplement] "TANGLE Teezer Paddle Blow Full" | product_type: "Beauty Accessories"
[2026-04-29T04:29:18.641Z]   [SKIPPED - not supplement] "TANGLE Teezer Original Pink Vibes" | product_type: "Beauty Accessories"
[2026-04-29T04:29:18.643Z]   [SKIPPED - not supplement] "Led Beauty Face Cover" | product_type: "Beauty Accessories"
[2026-04-29T04:29:18.646Z]   [SKIPPED - not supplement] "MCoBeauty Fragrance Mist No.2 90ml" | product_type: "Beauty Accessories"
[2026-04-29T04:29:19.152Z]   Page 20...
[2026-04-29T04:29:19.776Z]   [SKIPPED - not supplement] "Jovan Musk CoIogne Concentrate 59mI for Women" | product_type: "Beauty Accessories"
[2026-04-29T04:29:19.776Z]   [SKIPPED - not supplement] "Jennifer Lopez Enduring Glow EDP 100ml for Women" | product_type: "Beauty Accessories"
[2026-04-29T04:29:19.777Z]   [SKIPPED - not supplement] "Tangle Teezer Pet DeTangle Pink and Yellow" | product_type: "Other Pharmacy & Clothing"
[2026-04-29T04:29:19.777Z]   [SKIPPED - not supplement] "HB&Co Cat Eye Mask Grey" | product_type: "Beauty Accessories"
[2026-04-29T04:29:19.777Z]   [SKIPPED - not supplement] "BC Everyday Baby Silicone Bib Light Blue" | product_type: "Baby"
[2026-04-29T04:29:19.778Z]   [SKIPPED - not supplement] "BC Everyday Baby Silicone Bib Dark Blue" | product_type: "Baby"
[2026-04-29T04:29:19.778Z]   [SKIPPED - not supplement] "MARC JACOBS FRAGRANCES Daisy Dream Eau de Toilette Spray 50 ML" | product_type: "Beauty Accessories"
[2026-04-29T04:29:19.778Z]   [SKIPPED - not supplement] "Sally Hansen Beauty Tools No More Ridges - Professional Salon Smoothing Block" | product_type: "Cosmetics"
[2026-04-29T04:29:19.778Z]   [SKIPPED - not supplement] "Sally Hansen Beauty Tools Hard As Nail Shaper Nail Boards" | product_type: "Cosmetics"
[2026-04-29T04:29:19.781Z]   [SKIPPED - not supplement] "TANGLE Teezer Round Blow Styling Large" | product_type: "Beauty Accessories"
[2026-04-29T04:29:19.781Z]   [SKIPPED - not supplement] "TANGLE Teezer Detangle Hairbrush Rb & Apricot" | product_type: "Beauty Accessories"
[2026-04-29T04:29:19.781Z]   [SKIPPED - not supplement] "TANGLE Teezer Wet Detangler Fine & Fragile Pink Dust" | product_type: "Beauty Accessories"
[2026-04-29T04:29:19.782Z]   [SKIPPED - not supplement] "MCoBeauty Pro Found & Buffing Brush" | product_type: "Beauty Accessories"
[2026-04-29T04:29:19.783Z]   [SKIPPED - not supplement] "Kenzo Flower By Kenzo EDP Refillable 100ml" | product_type: "Beauty Accessories"
[2026-04-29T04:29:19.783Z]   [SKIPPED - not supplement] "PIGEON Baby Laundry Detergent Refill 450ml" | product_type: "Baby"
[2026-04-29T04:29:19.783Z]   [SKIPPED - not supplement] "Jo Malone London Fig & Lotus Flower Cologne 100ml" | product_type: "Beauty Accessories"
[2026-04-29T04:29:19.784Z]   [SKIPPED - not supplement] "Jo Malone London Cologne Wood Sage & Sea Salt 100ml" | product_type: "Beauty Accessories"
[2026-04-29T04:29:19.784Z]   [SKIPPED - not supplement] "Jo Malone London Cologne Wild Bluebell 30ml" | product_type: "Beauty Accessories"
[2026-04-29T04:29:19.784Z]   [SKIPPED - not supplement] "Jo Malone London Cologne Peony & Blush Suede 100ml" | product_type: "Beauty Accessories"
[2026-04-29T04:29:19.784Z]   [SKIPPED - not supplement] "Jo Malone London Cologne Lime Basil & Mandarin 100ml" | product_type: "Beauty Accessories"
[2026-04-29T04:29:19.785Z]   [SKIPPED - not supplement] "Jo Malone London Cologne English Pear Freesia 100ml" | product_type: "Beauty Accessories"
[2026-04-29T04:29:19.785Z]   [SKIPPED - not supplement] "DB Fragrance London Romance 100ml" | product_type: "Beauty Accessories"
[2026-04-29T04:29:19.786Z]   [SKIPPED - not supplement] "Revlon Charlie Blue EDT 100ml for Women" | product_type: "Beauty Accessories"
[2026-04-29T04:29:19.786Z]   [SKIPPED - not supplement] "Revlon Charlie Red EDT 100ml for Women" | product_type: "Beauty Accessories"
[2026-04-29T04:29:19.786Z]   [SKIPPED - not supplement] "SQN Mens Hanging Case Dark Brown" | product_type: "Beauty Accessories"
[2026-04-29T04:29:19.787Z]   [SKIPPED - not supplement] "CHLOE Rose Tangerine EDT 30ml" | product_type: "Beauty Accessories"
[2026-04-29T04:29:19.787Z]   [SKIPPED - not supplement] "Philips Avent Natural Response Teat 1 month+ 2 pack" | product_type: "Baby"
[2026-04-29T04:29:19.787Z]   [SKIPPED - not supplement] "MAISON Margiela Replica Discovery Set EDT 10ml 3pc Set" | product_type: "Beauty Accessories"
[2026-04-29T04:29:19.788Z]   [SKIPPED - not supplement] "SlickHair Co. Skinny Silky Scrunchies Set (6 Pack)" | product_type: "Beauty Accessories"
[2026-04-29T04:29:19.788Z]   [SKIPPED - not supplement] "SlickHair Co. Heatless Velcro Hair Rollers (8 Pack)" | product_type: "Beauty Accessories"
[2026-04-29T04:29:19.788Z]   [SKIPPED - not supplement] "SlickHair Co. Everyday Hair Brush" | product_type: "Beauty Accessories"
[2026-04-29T04:29:19.789Z]   [SKIPPED - not supplement] "SlickHair Co. Creaseless Clips (6 Pack)" | product_type: "Beauty Accessories"
[2026-04-29T04:29:19.789Z]   [SKIPPED - not supplement] "Philips Avent Natural Response 120 mL Glass Bottle" | product_type: "Baby"
[2026-04-29T04:29:19.791Z]   [SKIPPED - not supplement] "Dear Body Charm Seduction Fragrance Mist 75 mL" | product_type: "Beauty Accessories"
[2026-04-29T04:29:19.791Z]   [SKIPPED - not supplement] "Dear Body Amorour Coconut Fragrance Mist 75ml" | product_type: "Beauty Accessories"
[2026-04-29T04:29:19.792Z]   [SKIPPED - not supplement] "Dear Body Rocking Fantasy EDP 90ml" | product_type: "Beauty Accessories"
[2026-04-29T04:29:19.792Z]   [SKIPPED - not supplement] "Ruby Face Hair Drying Towel Striped" | product_type: "Beauty Accessories"
[2026-04-29T04:29:19.793Z]   [SKIPPED - not supplement] "Dear Body Noir Crystal For Men Fragrance Mist 236ml" | product_type: "Beauty Accessories"
[2026-04-29T04:29:19.793Z]   [SKIPPED - not supplement] "Dear Body Wild At Kiss EDP 90ml" | product_type: "Beauty Accessories"
[2026-04-29T04:29:19.793Z]   [SKIPPED - not supplement] "Ruby Face Hair-drying Cap assorted colours" | product_type: "Beauty Accessories"
[2026-04-29T04:29:19.794Z]   [SKIPPED - not supplement] "Dear Body Kissing Mizzle EDP 90ml" | product_type: "Beauty Accessories"
[2026-04-29T04:29:19.794Z]   [SKIPPED - not supplement] "Dear Body Forever Blue Fragrance Mist For Men 236ml" | product_type: "Beauty Accessories"
[2026-04-29T04:29:19.794Z]   [SKIPPED - not supplement] "Cosmetic Storage Box" | product_type: "Beauty Accessories"
[2026-04-29T04:29:19.795Z]   [SKIPPED - not supplement] "Dear Body Lost In Amber Fragrance Mist For Men 236ml" | product_type: "Beauty Accessories"
[2026-04-29T04:29:19.795Z]   [SKIPPED - not supplement] "Dear Body Always Yours EDP 90ml" | product_type: "Beauty Accessories"
[2026-04-29T04:29:19.796Z]   [SKIPPED - not supplement] "TANGLE Teezer Fine&Frag Mint Violet" | product_type: "Beauty Accessories"
[2026-04-29T04:29:19.796Z]   [SKIPPED - not supplement] "Elizabeth Arden Green Tea Cherry Blossom Fragrance Mist 236ml" | product_type: "Beauty Accessories"
[2026-04-29T04:29:19.798Z]   [SKIPPED - not supplement] "Kim Kardashian Pure Honey EDP 100ml for Women" | product_type: "Beauty Accessories"
[2026-04-29T04:29:20.308Z]   Page 21...
[2026-04-29T04:29:20.981Z]   [SKIPPED - not supplement] "Elizabeth Arden Green Tea Cherry Blossom EDT Spray 100ml" | product_type: "Beauty Accessories"
[2026-04-29T04:29:20.982Z]   [SKIPPED - not supplement] "SWISSPERS Make-Up Pads Large 50's" | product_type: "Beauty Accessories"
[2026-04-29T04:29:20.982Z]   [SKIPPED - not supplement] "SWISSPERS Organic Cotton Pads 70's" | product_type: "Beauty Accessories"
[2026-04-29T04:29:20.983Z]   [SKIPPED - not supplement] "Juicy Couture EDP Spray 50ml" | product_type: "Beauty Accessories"
[2026-04-29T04:29:20.983Z]   [SKIPPED - not supplement] "Tender Love + Carry Black PU -  Clear Top Vanity" | product_type: "Beauty Accessories"
[2026-04-29T04:29:20.984Z]   [SKIPPED - not supplement] "Tender Love + Carry Brush Backcombing and Smoothing" | product_type: "Beauty Accessories"
[2026-04-29T04:29:20.984Z]   [SKIPPED - not supplement] "Simply Essential Quick Dry Hair Turban Moss" | product_type: "Beauty Accessories"
[2026-04-29T04:29:20.984Z]   [SKIPPED - not supplement] "Tender Love + Carry Beige Brown Safari - Holdall" | product_type: "Beauty Accessories"
[2026-04-29T04:29:20.984Z]   [SKIPPED - not supplement] "Tender Love + Carry Beige Brown Safari - Hanging Washbag" | product_type: "Beauty Accessories"
[2026-04-29T04:29:20.985Z]   [SKIPPED - not supplement] "Tender Love + Carry Mini Floral - Basic Pouch" | product_type: "Beauty Accessories"
[2026-04-29T04:29:20.985Z]   [SKIPPED - not supplement] "Mae Alligator Clips Pink (4)" | product_type: "Beauty Accessories"
[2026-04-29T04:29:20.985Z]   [SKIPPED - not supplement] "Tender Love + Carry Tan Leopard - 4pc Set" | product_type: "Beauty Accessories"
[2026-04-29T04:29:20.985Z]   [SKIPPED - not supplement] "Tender Love + Carry Beige Brown Safari  - Parcel" | product_type: "Beauty Accessories"
[2026-04-29T04:29:20.986Z]   [SKIPPED - not supplement] "Tender Love + Carry Tough Washbag with Handle - Stone" | product_type: "Beauty Accessories"
[2026-04-29T04:29:20.986Z]   [SKIPPED - not supplement] "Simply Essential Quick Dry Hair Turban Sky" | product_type: "Beauty Accessories"
[2026-04-29T04:29:20.987Z]   [SKIPPED - not supplement] "Tender Love + Carry Mauve Mini Floral - Double Zip Utility" | product_type: "Beauty Accessories"
[2026-04-29T04:29:20.987Z]   [SKIPPED - not supplement] "Juliette Has a Gun Romantina EDP 100ml" | product_type: "Beauty Accessories"
[2026-04-29T04:29:20.987Z]   [SKIPPED - not supplement] "DIPTYQUE Eau Capitale U EDP 75ml" | product_type: "Beauty Accessories"
[2026-04-29T04:29:20.987Z]   [SKIPPED - not supplement] "BYREDO Safran Fragranced Candle 240g" | product_type: "Beauty Accessories"
[2026-04-29T04:29:20.988Z]   [SKIPPED - not supplement] "LE LABO Rose 31 EDP 100ml" | product_type: "Beauty Accessories"
[2026-04-29T04:29:20.988Z]   [SKIPPED - not supplement] "Lancome La vie est Belle Intensement L'EDP 100ml" | product_type: "Beauty Accessories"
[2026-04-29T04:29:20.988Z]   [SKIPPED - not supplement] "Juliette Has a Gun Lady Vengeance EDP 50ml" | product_type: "Beauty Accessories"
[2026-04-29T04:29:20.988Z]   [SKIPPED - not supplement] "Juliette Has a Gun Anyway EDP 100ml" | product_type: "Beauty Accessories"
[2026-04-29T04:29:20.989Z]   [SKIPPED - not supplement] "Mugler Alien Goddess Supra Florale EDP 60ml" | product_type: "Beauty Accessories"
[2026-04-29T04:29:20.989Z]   [SKIPPED - not supplement] "Maison Margiela Replica Lazy Sunday Morning EDT 100ml" | product_type: "Beauty Accessories"
[2026-04-29T04:29:20.989Z]   [SKIPPED - not supplement] "Mugler Alien Goddess Supra Florale EDP 90ml" | product_type: "Beauty Accessories"
[2026-04-29T04:29:20.989Z]   [SKIPPED - not supplement] "Vilhelm Parfumerie Smoke Show EDP 100ml" | product_type: "Beauty Accessories"
[2026-04-29T04:29:20.990Z]   [SKIPPED - not supplement] "CHLOE Naturelle W EDP 100ml" | product_type: "Beauty Accessories"
[2026-04-29T04:29:20.990Z]   [SKIPPED - not supplement] "Maison Crivelli Lys Solaberg EDP 100ml" | product_type: "Beauty Accessories"
[2026-04-29T04:29:20.990Z]   [SKIPPED - not supplement] "BYREDO Accord Oud EDP 50ml" | product_type: "Beauty Accessories"
[2026-04-29T04:29:20.991Z]   [SKIPPED - not supplement] "BYREDO Black Saffron EDP 50ml" | product_type: "Beauty Accessories"
[2026-04-29T04:29:20.991Z]   [SKIPPED - not supplement] "Maison Margiela Replica Jazz Club EDT 30ml" | product_type: "Beauty Accessories"
[2026-04-29T04:29:20.991Z]   [SKIPPED - not supplement] "BYREDO Mumbai Noise EDP 50ml" | product_type: "Beauty Accessories"
[2026-04-29T04:29:20.992Z]   [SKIPPED - not supplement] "Maison Margiela Replica By The Fireplace EDT 100ml" | product_type: "Beauty Accessories"
[2026-04-29T04:29:20.992Z]   [SKIPPED - not supplement] "Viktor & Rolf Flowerbomb Ruby Orchid W EDP 100ml" | product_type: "Beauty Accessories"
[2026-04-29T04:29:20.992Z]   [SKIPPED - not supplement] "Mugler Angel Elixir W EDP Refillable 100ml" | product_type: "Beauty Accessories"
[2026-04-29T04:29:20.992Z]   [SKIPPED - not supplement] "Jean Paul Gaultier Scandal Gold EDP 80ml" | product_type: "Beauty Accessories"
[2026-04-29T04:29:20.993Z]   [SKIPPED - not supplement] "TOM FORD F....G Fabulous EDP 100ml" | product_type: "Beauty Accessories"
[2026-04-29T04:29:20.993Z]   [SKIPPED - not supplement] "TOM FORD Black Orchid W EDP 50ml" | product_type: "Beauty Accessories"
[2026-04-29T04:29:20.993Z]   [SKIPPED - not supplement] "CHLOE Nomade EDT 75ml" | product_type: "Beauty Accessories"
[2026-04-29T04:29:20.994Z]   [SKIPPED - not supplement] "Juliette Has a Gun Lady Vengeance EDP 100ml" | product_type: "Beauty Accessories"
[2026-04-29T04:29:20.994Z]   [SKIPPED - not supplement] "Maison Crivelli Bois Datchai EDP 100ml" | product_type: "Beauty Accessories"
[2026-04-29T04:29:20.994Z]   [SKIPPED - not supplement] "Maison Crivelli Absinthe Boreale EDP 100ml" | product_type: "Beauty Accessories"
[2026-04-29T04:29:20.994Z]   [SKIPPED - not supplement] "Juliette Has a Gun Midnight Oud EDP 100ml" | product_type: "Beauty Accessories"
[2026-04-29T04:29:20.995Z]   [SKIPPED - not supplement] "Maison Francis Kurkdjian Paris Baccarat Rouge 540 Extrait De Parfum 200ml" | product_type: "Beauty Accessories"
[2026-04-29T04:29:20.995Z]   [SKIPPED - not supplement] "VALENTINO Voce Viva Intensa W EDP 100ml" | product_type: "Beauty Accessories"
[2026-04-29T04:29:20.995Z]   [SKIPPED - not supplement] "Mugler Angel Elixir EDP 50ml" | product_type: "Beauty Accessories"
[2026-04-29T04:29:20.995Z]   [SKIPPED - not supplement] "TOM FORD Lost Cherry EDP 100ml" | product_type: "Beauty Accessories"
[2026-04-29T04:29:20.996Z]   [SKIPPED - not supplement] "Juliette Has a Gun Gentlewoman EDP 50ml" | product_type: "Beauty Accessories"
[2026-04-29T04:29:20.996Z]   [SKIPPED - not supplement] "BYREDO Eyes Closed EDP 50ml" | product_type: "Beauty Accessories"
[2026-04-29T04:29:20.996Z]   [SKIPPED - not supplement] "TOM FORD Rose De Chine EDP 50ml" | product_type: "Beauty Accessories"
[2026-04-29T04:29:20.996Z]   [SKIPPED - not supplement] "Juliette Has a Gun Another Oud EDP 100ml" | product_type: "Beauty Accessories"
[2026-04-29T04:29:20.997Z]   [SKIPPED - not supplement] "GUERLAIN La Petite Robe Noire EDT 100ml 2pc Set" | product_type: "Beauty Accessories"
[2026-04-29T04:29:20.997Z]   [SKIPPED - not supplement] "Jessica Simpson Fancy Forever W EDP 100ml" | product_type: "Beauty Accessories"
[2026-04-29T04:29:20.997Z]   [SKIPPED - not supplement] "TOM FORD Myrrhe Mystere EDP 50ml" | product_type: "Beauty Accessories"
[2026-04-29T04:29:20.998Z]   [SKIPPED - not supplement] "Maison Margiela Replica When the Rain Stops EDT 100ml" | product_type: "Beauty Accessories"
[2026-04-29T04:29:20.998Z]   [SKIPPED - not supplement] "Juliette Has a Gun Romantina EDP 50ml" | product_type: "Beauty Accessories"
[2026-04-29T04:29:20.998Z]   [SKIPPED - not supplement] "Maison Crivelli Fleur Diamantine EDP 100ml" | product_type: "Beauty Accessories"
[2026-04-29T04:29:20.999Z]   [SKIPPED - not supplement] "Maison Margiela Replica Jazz Club EDT 100ml" | product_type: "Beauty Accessories"
[2026-04-29T04:29:20.999Z]   [SKIPPED - not supplement] "TOM FORD Soleil De Feu W Edp 50ml" | product_type: "Beauty Accessories"
[2026-04-29T04:29:20.999Z]   [SKIPPED - not supplement] "CHLOE Nomade Naturelle EDP 75ml" | product_type: "Beauty Accessories"
[2026-04-29T04:29:21.000Z]   [SKIPPED - not supplement] "GUCCI Guilty Absolute Pour Femme EDP 90ml" | product_type: "Beauty Accessories"
[2026-04-29T04:29:21.001Z]   [SKIPPED - not supplement] "GUCCI Guilty Revolution Pour Femme EDP 90ml" | product_type: "Beauty Accessories"
[2026-04-29T04:29:21.001Z]   [SKIPPED - not supplement] "BURBERRY Hero EDT 100ml" | product_type: "Beauty Accessories"
[2026-04-29T04:29:21.001Z]   [SKIPPED - not supplement] "Calvin Klein Defy EDP 100ml" | product_type: "Beauty Accessories"
[2026-04-29T04:29:21.002Z]   [SKIPPED - not supplement] "Gucci Bloom Intense EDP 30ml" | product_type: "Beauty Accessories"
[2026-04-29T04:29:21.002Z]   [SKIPPED - not supplement] "Calvin Klein Everyone EDP 100ml" | product_type: "Beauty Accessories"
[2026-04-29T04:29:21.002Z]   [SKIPPED - not supplement] "DB Fragrance Senorita 100ml" | product_type: "Beauty Accessories"
[2026-04-29T04:29:21.003Z]   [SKIPPED - not supplement] "COACH Floral Blush EDP 90ml" | product_type: "Beauty Accessories"
[2026-04-29T04:29:21.003Z]   [SKIPPED - not supplement] "DEPEND PT Nail Care Ridgefiller strengthener" | product_type: "Cosmetics"
[2026-04-29T04:29:21.003Z]   [SKIPPED - not supplement] "VALENTINO Voce Viva EDP 50ml" | product_type: "Beauty Accessories"
[2026-04-29T04:29:21.004Z]   [SKIPPED - not supplement] "Gucci Guilty Pour Homme Parfum 50ml" | product_type: "Beauty Accessories"
[2026-04-29T04:29:21.004Z]   [SKIPPED - not supplement] "VALENTINO Donna Born in Roma Yellow Dream EDP 100ml" | product_type: "Beauty Accessories"
[2026-04-29T04:29:21.005Z]   [SKIPPED - not supplement] "Dear Body Mist Life is Pink 250ml" | product_type: "Beauty Accessories"
[2026-04-29T04:29:21.005Z]   [SKIPPED - not supplement] "Electric Perm Eyelash Curler" | product_type: "Beauty Accessories"
[2026-04-29T04:29:21.006Z]   [SKIPPED - not supplement] "Dear Body Always Yours Body Mist 250ml" | product_type: "Beauty Accessories"
[2026-04-29T04:29:21.006Z]   [SKIPPED - not supplement] "VALENTINO Voce Viva EDP 100ml" | product_type: "Beauty Accessories"
[2026-04-29T04:29:21.007Z]   [SKIPPED - not supplement] "DEPEND PT Nail care Kickstart" | product_type: "Cosmetics"
[2026-04-29T04:29:21.007Z]   [SKIPPED - not supplement] "DB Fragrance Velvet Blue" | product_type: "Beauty Accessories"
[2026-04-29T04:29:21.007Z]   [SKIPPED - not supplement] "Chloe Nomade Naturelle EDP 30ml" | product_type: "Beauty Accessories"
[2026-04-29T04:29:21.008Z]   [SKIPPED - not supplement] "DB Fragrance In Bloom" | product_type: "Beauty Accessories"
[2026-04-29T04:29:21.008Z]   [SKIPPED - not supplement] "CHLOE Naturelle EDP 30ml" | product_type: "Beauty Accessories"
[2026-04-29T04:29:21.008Z]   [SKIPPED - not supplement] "Givenchy Extravaganza D'Amarige EDT 100ml" | product_type: "Beauty Accessories"
[2026-04-29T04:29:21.009Z]   [SKIPPED - not supplement] "ARMANI Code Women EDP 75ml" | product_type: "Beauty Accessories"
[2026-04-29T04:29:21.009Z]   [SKIPPED - not supplement] "VALENTINO VALENTINO DONNA (W) EDP 100 ml FR" | product_type: "Beauty Accessories"
[2026-04-29T04:29:21.009Z]   [SKIPPED - not supplement] "NATIO Base and Buff Foundation Brush" | product_type: "Beauty Accessories"
[2026-04-29T04:29:21.010Z]   [SKIPPED - not supplement] "Versace Woman EDP 100ml" | product_type: "Beauty Accessories"
[2026-04-29T04:29:21.010Z]   [SKIPPED - not supplement] "DEPEND PT Nail Care Top Coat Trio" | product_type: "Cosmetics"
[2026-04-29T04:29:21.010Z]   [SKIPPED - not supplement] "Gucci Bloom Profumo Di Fiori EDP 100ml" | product_type: "Beauty Accessories"
[2026-04-29T04:29:21.011Z]   [SKIPPED - not supplement] "COACH Floral EDP 90ml" | product_type: "Beauty Accessories"
[2026-04-29T04:29:21.011Z]   [SKIPPED - not supplement] "Electronic Pedicure Tool" | product_type: "Beauty Accessories"
[2026-04-29T04:29:21.012Z]   [SKIPPED - not supplement] "Dear Body Always Yours Body Mist 75ml" | product_type: "Beauty Accessories"
[2026-04-29T04:29:21.012Z]   [SKIPPED - not supplement] "DB Fragrance EDT Modern Lady 100ml" | product_type: "Beauty Accessories"
[2026-04-29T04:29:21.012Z]   [SKIPPED - not supplement] "DB Fragrance My Paris 100ml" | product_type: "Beauty Accessories"
[2026-04-29T04:29:21.013Z]   [SKIPPED - not supplement] "Elie Saab Elixir EDP 50ml" | product_type: "Beauty Accessories"
[2026-04-29T04:29:21.013Z]   [SKIPPED - not supplement] "Hawaiian Tropic Golden Paradise Shimmer Edition Body Mist 250ml" | product_type: "Beauty Accessories"
[2026-04-29T04:29:21.014Z]   [SKIPPED - not supplement] "CHLOE Rose Tangerine EDT 50ml" | product_type: "Beauty Accessories"
[2026-04-29T04:29:21.014Z]   [SKIPPED - not supplement] "DB Fragrance Chic Mademoiselle 100ml" | product_type: "Beauty Accessories"
[2026-04-29T04:29:21.014Z]   [SKIPPED - not supplement] "DEPEND PT Nail Care French Manicure Kit" | product_type: "Cosmetics"
[2026-04-29T04:29:21.015Z]   [SKIPPED - not supplement] "Dear Body Mist Relaxing Violet 250ml" | product_type: "Beauty Accessories"
[2026-04-29T04:29:21.015Z]   [SKIPPED - not supplement] "GUCCI Guilty Man EDT 90ml" | product_type: "Beauty Accessories"
[2026-04-29T04:29:21.015Z]   [SKIPPED - not supplement] "VALENTINO Voce Viva EDP 30ml" | product_type: "Beauty Accessories"
[2026-04-29T04:29:21.016Z]   [SKIPPED - not supplement] "Mugler Alien EDP (Refillable) 30ml" | product_type: "Beauty Accessories"
[2026-04-29T04:29:21.016Z]   [SKIPPED - not supplement] "DEPEND PT Nail Care Powerflex Strengthener" | product_type: "Cosmetics"
[2026-04-29T04:29:21.016Z]   [SKIPPED - not supplement] "DEPEND PT Nail Care Peeling Pen" | product_type: "Cosmetics"
[2026-04-29T04:29:21.017Z]   [SKIPPED - not supplement] "Viktor & Rolf Flowerbomb Ruby Orchid EDP 50ml" | product_type: "Beauty Accessories"
[2026-04-29T04:29:21.017Z]   [SKIPPED - not supplement] "COACH Platinum EDP 100ml" | product_type: "Beauty Accessories"
[2026-04-29T04:29:21.523Z]   Page 22...
[2026-04-29T04:29:22.072Z]   [SKIPPED - not supplement] "Gucci Flora Gorgeous Magnolia EDP 100ml" | product_type: "Beauty Accessories"
[2026-04-29T04:29:22.072Z]   [SKIPPED - not supplement] "CHLOE Nomade Naturelle EDP 50ml" | product_type: "Beauty Accessories"
[2026-04-29T04:29:22.072Z]   [SKIPPED - not supplement] "AVENT Natural Response Bottle Air Free Vent 125x2pk" | product_type: "Baby"
[2026-04-29T04:29:22.073Z]   [SKIPPED - not supplement] "Calvin Klein Defy EDT 50ml" | product_type: "Beauty Accessories"
[2026-04-29T04:29:22.073Z]   [SKIPPED - not supplement] "GUCCI Gorgeous Gardenia EDP 50ml" | product_type: "Beauty Accessories"
[2026-04-29T04:29:22.073Z]   [SKIPPED - not supplement] "Versace Red Jeans EDT 75ml" | product_type: "Personal Care"
[2026-04-29T04:29:22.074Z]   [SKIPPED - not supplement] "CHLOE Nomade EDT 50ml" | product_type: "Beauty Accessories"
[2026-04-29T04:29:22.074Z]   [SKIPPED - not supplement] "DEPEND PT Nail Care Cuticle Cream" | product_type: "Cosmetics"
[2026-04-29T04:29:22.074Z]   [SKIPPED - not supplement] "REAL Techniques Glow Round Base Brush" | product_type: "Beauty Accessories"
[2026-04-29T04:29:22.075Z]   [SKIPPED - not supplement] "VALENTINO Uomo EDT 50ml" | product_type: "Beauty Accessories"
[2026-04-29T04:29:22.075Z]   [SKIPPED - not supplement] "Viktor & Rolf Flowerbomb Dew EDP 100ml" | product_type: "Beauty Accessories"
[2026-04-29T04:29:22.075Z]   [SKIPPED - not supplement] "Viktor & Rolf Flowerbomb Dew EDP 50ml" | product_type: "Beauty Accessories"
[2026-04-29T04:29:22.076Z]   [SKIPPED - not supplement] "MARC Jacobs Daisy Love EDT 100ml" | product_type: "Beauty Accessories"
[2026-04-29T04:29:22.076Z]   [SKIPPED - not supplement] "Lancome Miracle EDP 30ml" | product_type: "Beauty Accessories"
[2026-04-29T04:29:22.076Z]   [SKIPPED - not supplement] "Philips Avent Natural Response Teat 9m+ Flow 6 2pk" | product_type: "Baby"
[2026-04-29T04:29:22.077Z]   [SKIPPED - not supplement] "Gucci Guilty Pour Femme EDT 90ml" | product_type: "Beauty Accessories"
[2026-04-29T04:29:22.077Z]   [SKIPPED - not supplement] "DB Fragrance Narcisse For Her" | product_type: "Beauty Accessories"
[2026-04-29T04:29:22.077Z]   [SKIPPED - not supplement] "CHLOE Nomade EDP 50ml" | product_type: "Beauty Accessories"
[2026-04-29T04:29:22.078Z]   [SKIPPED - not supplement] "Ruby Face Make Up Blender Sponge 4pk" | product_type: "Cosmetics"
[2026-04-29T04:29:22.078Z]   [SKIPPED - not supplement] "REAL Techniques Power Pigment Blush Brush" | product_type: "Beauty Accessories"
[2026-04-29T04:29:22.078Z]   [SKIPPED - not supplement] "Calvin Klein Defy EDT 100ml" | product_type: "Beauty Accessories"
[2026-04-29T04:29:22.079Z]   [SKIPPED - not supplement] "GUCCI Guilty Absolute Pour Femme EDP 50ml" | product_type: "Beauty Accessories"
[2026-04-29T04:29:22.079Z]   [SKIPPED - not supplement] "REAL Techniques Miracle 2in1 Powder Puff Duo" | product_type: "Beauty Accessories"
[2026-04-29T04:29:22.079Z]   [SKIPPED - not supplement] "Mugler Alien EDP (Refillable) 90ml" | product_type: "Beauty Accessories"
[2026-04-29T04:29:22.080Z]   [SKIPPED - not supplement] "Jean Paul Gaultier Scandal Le Parfum EDP 50ml" | product_type: "Beauty Accessories"
[2026-04-29T04:29:22.080Z]   [SKIPPED - not supplement] "Real Techniques Bubble Blending Brush" | product_type: "Beauty Accessories"
[2026-04-29T04:29:22.081Z]   [SKIPPED - not supplement] "Giorgio Beverly Hills G EDP 90ml" | product_type: "Beauty Accessories"
[2026-04-29T04:29:22.081Z]   [SKIPPED - not supplement] "Salon Nails Set" | product_type: "Cosmetics"
[2026-04-29T04:29:22.082Z]   [SKIPPED - not supplement] "GUESS Uomo EDT 100ml" | product_type: "Beauty Accessories"
[2026-04-29T04:29:22.082Z]   [SKIPPED - not supplement] "Dear Body Mist Crazy Passion 250ml" | product_type: "Beauty Accessories"
[2026-04-29T04:29:22.083Z]   [SKIPPED - not supplement] "DB Fragrance EDT 100ml Hercules" | product_type: "Beauty Accessories"
[2026-04-29T04:29:22.083Z]   [SKIPPED - not supplement] "CHLOE Nomade EDP 30ml" | product_type: "Beauty Accessories"
[2026-04-29T04:29:22.083Z]   [SKIPPED - not supplement] "VALENTINO Voce Viva Intensa EDP 50ml" | product_type: "Beauty Accessories"
[2026-04-29T04:29:22.084Z]   [SKIPPED - not supplement] "Revlon Charlie White EDT 100ml" | product_type: "Beauty Accessories"
[2026-04-29T04:29:22.084Z]   [SKIPPED - not supplement] "COACH Dreams Sunset EDP 90ml" | product_type: "Beauty Accessories"
[2026-04-29T04:29:22.085Z]   [SKIPPED - not supplement] "ARMANI Code Reno EDT 75ml" | product_type: "Beauty Accessories"
[2026-04-29T04:29:22.085Z]   [SKIPPED - not supplement] "POLO Red EDP 75ml" | product_type: "Beauty Accessories"
[2026-04-29T04:29:22.086Z]   [SKIPPED - not supplement] "Hawaiian Tropic Aloha Coco Shimmer Edition Body Mist 250ml" | product_type: "Beauty Accessories"
[2026-04-29T04:29:22.086Z]   [SKIPPED - not supplement] "DB Fragrance Nice Girl Femme 100ml" | product_type: "Beauty Accessories"
[2026-04-29T04:29:22.086Z]   [SKIPPED - not supplement] "Hawaiian Tropic Summer Dreams Body Mist 250ml" | product_type: "Beauty Accessories"
[2026-04-29T04:29:22.087Z]   [SKIPPED - not supplement] "Christina Aguilera Glam X EDP 30ml" | product_type: "Beauty Accessories"
[2026-04-29T04:29:22.087Z]   [SKIPPED - not supplement] "KATY Perry Indi EDP 100ml" | product_type: "Beauty Accessories"
[2026-04-29T04:29:22.088Z]   [SKIPPED - not supplement] "Viktor & Rolf Bonbon EDP Spray 50ml" | product_type: "Beauty Accessories"
[2026-04-29T04:29:22.088Z]   [SKIPPED - not supplement] "DEPEND PT Nail Care Multilac 3-in-1" | product_type: "Cosmetics"
[2026-04-29T04:29:22.089Z]   [SKIPPED - not supplement] "Lancome Miracle Eau De Parfum 50ml" | product_type: "Beauty Accessories"
[2026-04-29T04:29:22.089Z]   [SKIPPED - not supplement] "Jean Paul Gaultier Scandal Le Parfum EDP 80ml" | product_type: "Beauty Accessories"
[2026-04-29T04:29:22.090Z]   [SKIPPED - no category] "Childs Farm Lavender & Moon Milk Calming Massage Lotion 150ml" | product_type: "Baby" | tags: childs-farm|baby-care|calming-lotion|massage-lotion|lavender|moon-milk|skincare|nighttime-routine,coll_PriceSmash
[2026-04-29T04:29:22.090Z]   [SKIPPED - not supplement] "CHLOE Naturelle EDP 50ml" | product_type: "Beauty Accessories"
[2026-04-29T04:29:22.091Z]   [SKIPPED - not supplement] "REAL Techniques Snatch + Sculpting Contour Brush" | product_type: "Beauty Accessories"
[2026-04-29T04:29:22.091Z]   [SKIPPED - not supplement] "Mugler Angel EDP 100ml" | product_type: "Beauty Accessories"
[2026-04-29T04:29:22.092Z]   [SKIPPED - not supplement] "VIKTOR & ROLF SPICEBOMB POUR HOMME (M) EDT 90 ml FR" | product_type: "Beauty Accessories"
[2026-04-29T04:29:22.092Z]   [SKIPPED - not supplement] "CHLOE Nomade EDT 30ml" | product_type: "Beauty Accessories"
[2026-04-29T04:29:22.092Z]   [SKIPPED - not supplement] "Lancome Tresor Eau De Parfum Vapo 30ml" | product_type: "Beauty Accessories"
[2026-04-29T04:29:22.093Z]   [SKIPPED - not supplement] "DEPEND PT Nail Care Grip & Protect base coat" | product_type: "Cosmetics"
[2026-04-29T04:29:22.093Z]   [SKIPPED - not supplement] "Lancome Miracle EDP 100ml" | product_type: "Beauty Accessories"
[2026-04-29T04:29:22.094Z]   [SKIPPED - not supplement] "DB Fragrance Santorini Blu for Men 100ml" | product_type: "Beauty Accessories"
[2026-04-29T04:29:22.094Z]   [SKIPPED - not supplement] "REAL Techniques Miracle 2in1 Powder Puff + T/C+Mir" | product_type: "Beauty Accessories"
[2026-04-29T04:29:22.094Z]   [SKIPPED - not supplement] "Jean Paul Gaultier Scandal Le Parfum EDP 30ml" | product_type: "Beauty Accessories"
[2026-04-29T04:29:22.094Z]   [SKIPPED - not supplement] "Kenzo Flower by Kenzo L'Absolue EDP 50ml" | product_type: "Beauty Accessories"
[2026-04-29T04:29:22.095Z]   [SKIPPED - not supplement] "Jean Paul Gaultier So Scandal EDP 80ml" | product_type: "Beauty Accessories"
[2026-04-29T04:29:22.096Z]   [SKIPPED - not supplement] "Dear Body Rocking Fantasy Body Mist 30ml" | product_type: "Beauty Accessories"
[2026-04-29T04:29:22.096Z]   [SKIPPED - not supplement] "Dear Body Always Yours Body Mist 30ml" | product_type: "Beauty Accessories"
[2026-04-29T04:29:22.601Z]   Page 23...
[2026-04-29T04:29:23.260Z]   [SKIPPED - not supplement] "MCoBeauty Everyday Precision Tweezers" | product_type: "Beauty Accessories"
[2026-04-29T04:29:23.261Z]   [SKIPPED - not supplement] "MCoBeauty Comb Eyelash Curler" | product_type: "Beauty Accessories"
[2026-04-29T04:29:23.262Z]   [SKIPPED - not supplement] "Philips Avent Natural Response Trainer Cup 6m+ 125ml" | product_type: "Baby"
[2026-04-29T04:29:23.265Z]   [SKIPPED - not supplement] "PERSIL 3 in1 Bio Washing Capsules 26pk" | product_type: "Household"
[2026-04-29T04:29:23.265Z]   [SKIPPED - not supplement] "Lancôme La Vie Est Belle Eau De Parfum 100mL" | product_type: "Beauty Accessories"
[2026-04-29T04:29:23.266Z]   [SKIPPED - not supplement] "Simply Essential Cosmetic Headband Bubble Grey" | product_type: "Beauty Accessories"
[2026-04-29T04:29:23.268Z]   [SKIPPED - not supplement] "MUSASHI Shred&Burn Chocolate Milkshake 340g" | product_type: "Health & Wellbeing"
[2026-04-29T04:29:23.272Z]   [SKIPPED - not supplement] "Ariana Grande ThankU Next Body Mist 236ml" | product_type: "Beauty Accessories"
[2026-04-29T04:29:23.273Z]   [SKIPPED - no category] "Viva la Vulva Perineal Massage Oil 30ml" | product_type: "Baby" | tags: BRAND=Viva la Vulva,enable-bis,MCAT=Children Babies & Mum,On Promotion
[2026-04-29T04:29:23.786Z]   Page 24...
[2026-04-29T04:29:24.669Z]   [SKIPPED - not supplement] "GIVENCHY Organza EDP Spray 100ml" | product_type: "Beauty Accessories"
[2026-04-29T04:29:24.669Z]   [SKIPPED - not supplement] "Mae Creaseless Styling Clips Gold" | product_type: "Beauty Accessories"
[2026-04-29T04:29:24.670Z]   [SKIPPED - not supplement] "Mae Creaseless Styling Clips Rhinestone" | product_type: "Beauty Accessories"
[2026-04-29T04:29:24.670Z]   [SKIPPED - not supplement] "Philips Avent Soother Ultra Air Deco 18m 2pk" | product_type: "Baby"
[2026-04-29T04:29:24.671Z]   [SKIPPED - not supplement] "Philips Avent Soother Ultra Air Deco 0-6m 2pk" | product_type: "Baby"
[2026-04-29T04:29:24.671Z]   [SKIPPED - not supplement] "Philips Avent Soother Ultra Air Deco 6-18m 2pk" | product_type: "Baby"
[2026-04-29T04:29:24.671Z]   [SKIPPED - not supplement] "Philips Avent Soother Ultra Air Night 6-18m 2pk" | product_type: "Baby"
[2026-04-29T04:29:24.671Z]   [SKIPPED - not supplement] "Philips Avent Soother Ultra Air Night 0-6m 2pk" | product_type: "Baby"
[2026-04-29T04:29:24.672Z]   [SKIPPED - not supplement] "ISSEY Super Majeure d'Issey EDT 50ml" | product_type: "Beauty Accessories"
[2026-04-29T04:29:24.673Z]   [SKIPPED - not supplement] "At Home Wash Laundry Sheets White 16pc" | product_type: "Household"
[2026-04-29T04:29:24.673Z]   [SKIPPED - not supplement] "Ariana Grande Sweet Like Candy EDP 30ml for Women" | product_type: "Beauty Accessories"
[2026-04-29T04:29:24.674Z]   [SKIPPED - not supplement] "Burberry Brit for Women Eau de Parfum 100ml" | product_type: "Beauty Accessories"
[2026-04-29T04:29:24.675Z]   [SKIPPED - not supplement] "Optifast Very Low Calorie Diet Dessert Lemon 8 x 53 g" | product_type: "Health & Wellbeing"
[2026-04-29T04:29:24.677Z]   [SKIPPED - no category] "MUSTELA Baby Massage Oil 100ml" | product_type: "Baby" | tags: coll_PriceSmash,enable-bis,may-2026-promo,MCAT=Children Babies & Mum,On Promotion
[2026-04-29T04:29:24.678Z]   [SKIPPED - not supplement] "Euky Bear Sweet Dreams Portable Baby Sleep Aid" | product_type: "Baby"
[2026-04-29T04:29:24.680Z]   [SKIPPED - not supplement] "Natio Angled Teardrop Blending Sponge" | product_type: "Beauty Accessories"
[2026-04-29T04:29:24.681Z]   [SKIPPED - not supplement] "Philips Avent Natural Response 260ml Bottle - 2pk" | product_type: "Baby"
[2026-04-29T04:29:24.682Z]   [SKIPPED - no category] "PlusOne Mini Massager" | product_type: "Health & Wellbeing" | tags: adult toys,BRAND=Plus One,CAT=Sexual Health & Family Planning,enable-bis,MCAT=Body & Personal Care
[2026-04-29T04:29:24.682Z]   [SKIPPED - no category] "PlusOne Dual Vibrating Massager" | product_type: "Health & Wellbeing" | tags: adult toys,BRAND=Plus One,CAT=Sexual Health & Family Planning,enable-bis,MCAT=Body & Personal Care
[2026-04-29T04:29:24.683Z]   [SKIPPED - no category] "PlusOne G Spot Massager" | product_type: "Health & Wellbeing" | tags: adult toys,BRAND=Plus One,CAT=Sexual Health & Family Planning,enable-bis,MCAT=Body & Personal Care
[2026-04-29T04:29:24.683Z]   [SKIPPED - no category] "PlusOne Personal Massager" | product_type: "Health & Wellbeing" | tags: adult toys,BRAND=Plus One,CAT=Sexual Health & Family Planning,enable-bis,MCAT=Body & Personal Care
[2026-04-29T04:29:24.683Z]   [SKIPPED - not supplement] "Philips Avent Natural Response 125ml Bottle - 2pk" | product_type: "Baby"
[2026-04-29T04:29:24.684Z]   [SKIPPED - not supplement] "Philips Avent Natural Response 240 mL Glass Bottle" | product_type: "Baby"
[2026-04-29T04:29:24.684Z]   [SKIPPED - not supplement] "Philips Avent Natural Response 330ml Bottle - 2pk" | product_type: "Baby"
[2026-04-29T04:29:24.684Z]   [SKIPPED - not supplement] "Philips Avent Natural Response 330ml Bottle" | product_type: "Baby"
[2026-04-29T04:29:24.686Z]   [SKIPPED - not supplement] "Lady Jayne SalonPro Rechargeable Straight Brush" | product_type: "Beauty Accessories"
[2026-04-29T04:29:25.199Z]   Page 25...
[2026-04-29T04:29:26.008Z]   [SKIPPED - not supplement] "Ruby Face Eyelash Curler" | product_type: "Beauty Accessories"
[2026-04-29T04:29:26.009Z]   [SKIPPED - not supplement] "HB&Co Hairbrush Detangler" | product_type: "Beauty Accessories"
[2026-04-29T04:29:26.009Z]   [SKIPPED - not supplement] "Rosanna Earrings Silver Star Burst" | product_type: "Beauty Accessories"
[2026-04-29T04:29:26.010Z]   [SKIPPED - not supplement] "Ruby Face Wash Brush & Headband Set" | product_type: "Beauty Accessories"
[2026-04-29T04:29:26.010Z]   [SKIPPED - not supplement] "HB&Co Hairbrush Flex Cat Paddle Assorted Colour" | product_type: "Beauty Accessories"
[2026-04-29T04:29:26.010Z]   [SKIPPED - not supplement] "Rosanna Earrings Stunning Diamante stud" | product_type: "Beauty Accessories"
[2026-04-29T04:29:26.010Z]   [SKIPPED - not supplement] "Rosanna Earrings Celtic Pearl/Gold" | product_type: "Beauty Accessories"
[2026-04-29T04:29:26.011Z]   [SKIPPED - not supplement] "Ruby Face Makeup Sponge Set" | product_type: "Cosmetics"
[2026-04-29T04:29:26.011Z]   [SKIPPED - not supplement] "Ruby Face Makeup Pads 2 Pack" | product_type: "Beauty Accessories"
[2026-04-29T04:29:26.011Z]   [SKIPPED - not supplement] "Ruby Face 4 Pack Makeup Sponge" | product_type: "Cosmetics"
[2026-04-29T04:29:26.012Z]   [SKIPPED - not supplement] "Ruby Face Cosmetic Brush Assorted" | product_type: "Beauty Accessories"
[2026-04-29T04:29:26.012Z]   [SKIPPED - not supplement] "Rosanna Earrings Fashion Heart Studs" | product_type: "Beauty Accessories"
[2026-04-29T04:29:26.012Z]   [SKIPPED - not supplement] "Rosanna Earrings Beautiful Butterfly" | product_type: "Beauty Accessories"
[2026-04-29T04:29:26.012Z]   [SKIPPED - not supplement] "Ruby Face Cosmetic Brushes Assorted Styles" | product_type: "Beauty Accessories"
[2026-04-29T04:29:26.013Z]   [SKIPPED - not supplement] "Ruby Face Spa Headband" | product_type: "Beauty Accessories"
[2026-04-29T04:29:26.013Z]   [SKIPPED - not supplement] "Rosanna Earrings Pearl Flower" | product_type: "Beauty Accessories"
[2026-04-29T04:29:26.013Z]   [SKIPPED - not supplement] "Ruby Face Beauty Tools Manicure Set" | product_type: "Beauty Accessories"
[2026-04-29T04:29:26.013Z]   [SKIPPED - not supplement] "Ruby Face 3 in 1 Beauty Set Assorted Color" | product_type: "Beauty Accessories"
[2026-04-29T04:29:26.014Z]   [SKIPPED - not supplement] "Rosanna Earring Diamonds & Hearts" | product_type: "Beauty Accessories"
[2026-04-29T04:29:26.014Z]   [SKIPPED - not supplement] "Ariana Grande Cloud Eau de Parfum 30 mL" | product_type: "Beauty Accessories"
[2026-04-29T04:29:26.015Z]   [SKIPPED - not supplement] "Rihanna Rogue Love Body Mist 236ml" | product_type: "Beauty Accessories"
[2026-04-29T04:29:26.015Z]   [SKIPPED - not supplement] "Ariana Grande Sweet Like Candy 100ml EDP" | product_type: "Beauty Accessories"
[2026-04-29T04:29:26.015Z]   [SKIPPED - not supplement] "Ariana Grande Moonlight 100ml EDP" | product_type: "Beauty Accessories"
[2026-04-29T04:29:26.016Z]   [SKIPPED - not supplement] "Ariana Grande Ari 100ml EDP" | product_type: "Beauty Accessories"
[2026-04-29T04:29:26.016Z]   [SKIPPED - not supplement] "Ariana Grande Moonlight 30ml EDP" | product_type: "Beauty Accessories"
[2026-04-29T04:29:26.016Z]   [SKIPPED - not supplement] "Ariana Grande Ari 30ml EDP" | product_type: "Beauty Accessories"
[2026-04-29T04:29:26.017Z]   [SKIPPED - not supplement] "Ariana Grande Cloud 236ml Body Mist" | product_type: "Beauty Accessories"
[2026-04-29T04:29:26.018Z]   [SKIPPED - not supplement] "Revlon Contour/Highlight Brush" | product_type: "Beauty Accessories"
[2026-04-29T04:29:26.024Z]   [SKIPPED - not supplement] "b.box Spout Bottle Ocean Breeze 600ml" | product_type: "Baby"
[2026-04-29T04:29:26.527Z]   Page 26...
[2026-04-29T04:29:27.387Z]   [SKIPPED - not supplement] "MAE Brush 3D Flexi Blue" | product_type: "Beauty Accessories"
[2026-04-29T04:29:27.388Z]   [SKIPPED - not supplement] "DB Fragrance Youth Drop 100ml" | product_type: "Beauty Accessories"
[2026-04-29T04:29:27.389Z]   [SKIPPED - not supplement] "S.L.Q Finish Brush Medium Powder Rounded 1ea" | product_type: "Beauty Accessories"
[2026-04-29T04:29:27.389Z]   [SKIPPED - not supplement] "DB Fragrance Lucky No.VII" | product_type: "Beauty Accessories"
[2026-04-29T04:29:27.389Z]   [SKIPPED - not supplement] "BC Crystal Jelly Foot Spa Pk Asst 1pk" | product_type: "Beauty Accessories"
[2026-04-29T04:29:27.390Z]   [SKIPPED - not supplement] "SPA Silicone Facial Massage Cleansing Brush 1ea" | product_type: "Beauty Accessories"
[2026-04-29T04:29:27.390Z]   [SKIPPED - not supplement] "BC Hair Dye Brush and Bowl Kit 1 Each" | product_type: "Beauty Accessories"
[2026-04-29T04:29:27.391Z]   [SKIPPED - not supplement] "Hair Clips Mini Stars Assorted 2pk" | product_type: "Beauty Accessories"
[2026-04-29T04:29:27.391Z]   [SKIPPED - not supplement] "Fashion Jewelry Hair Clips Mini Hearts 4pk" | product_type: "Beauty Accessories"
[2026-04-29T04:29:27.391Z]   [SKIPPED - not supplement] "Simply Essential Brush Covers 4s" | product_type: "Beauty Accessories"
[2026-04-29T04:29:27.391Z]   [SKIPPED - not supplement] "Huggies Ultra Dry Nappies Girls Size 5 (13-18kg) 32 Pack" | product_type: "Baby"
[2026-04-29T04:29:27.392Z]   [SKIPPED - not supplement] "Huggies Ultra Dry Nappies Girls Size 6 (16+kg) 60 Pack" | product_type: "Baby"
[2026-04-29T04:29:27.392Z]   [SKIPPED - not supplement] "Huggies Ultra Dry Nappies Girl Size 4 (10-15kg) 36 Pack" | product_type: "Baby"
[2026-04-29T04:29:27.392Z]   [SKIPPED - not supplement] "Huggies Ultra Dry Nappies Girls Size 6 (16kg+) 30 Pack" | product_type: "Baby"
[2026-04-29T04:29:27.392Z]   [SKIPPED - not supplement] "Huggies Ultra Dry Nappy Pants Girl Size 6 (15kg & over) 28 Pack" | product_type: "Baby"
[2026-04-29T04:29:27.393Z]   [SKIPPED - not supplement] "Huggies Ultra Dry Nappy Pants Boy Size 6 (15kg & over) 28 Pack" | product_type: "Baby"
[2026-04-29T04:29:27.393Z]   [SKIPPED - not supplement] "Huggies Ultra Dry Nappy Pants Girl Size 4 (9-14kg) 34 Pack" | product_type: "Baby"
[2026-04-29T04:29:27.394Z]   [SKIPPED - not supplement] "Dear Body Wild At Kiss Body Mist 250ml" | product_type: "Beauty Accessories"
[2026-04-29T04:29:27.394Z]   [SKIPPED - not supplement] "HB&Co Makeup Beauty Case with sections" | product_type: "Beauty Accessories"
[2026-04-29T04:29:27.395Z]   [SKIPPED - not supplement] "Dear Body Girl Night Fragrance Mist 250ml" | product_type: "Beauty Accessories"
[2026-04-29T04:29:27.395Z]   [SKIPPED - not supplement] "Dear Body Nature Spell Fragrance Mist 250ml" | product_type: "Beauty Accessories"
[2026-04-29T04:29:27.396Z]   [SKIPPED - not supplement] "Dear Body Charm Seduction Fragrance Mist 250ml" | product_type: "Beauty Accessories"
[2026-04-29T04:29:27.396Z]   [SKIPPED - not supplement] "Dear Body Kissing Mizzle Body Mist 250ml" | product_type: "Beauty Accessories"
[2026-04-29T04:29:27.397Z]   [SKIPPED - not supplement] "Dear Body Wild At Kiss Body Mist 30ml" | product_type: "Beauty Accessories"
[2026-04-29T04:29:27.397Z]   [SKIPPED - not supplement] "Dear Body Rocking Fantasy Body Mist 250ml" | product_type: "Beauty Accessories"
[2026-04-29T04:29:27.397Z]   [SKIPPED - not supplement] "Dear Body Angel Bitten Fragrance Mist 250ml" | product_type: "Beauty Accessories"
[2026-04-29T04:29:27.398Z]   [SKIPPED - not supplement] "Dear Body Rocking Fantasy Shimmer Body Mist 250ml" | product_type: "Beauty Accessories"
[2026-04-29T04:29:27.398Z]   [SKIPPED - not supplement] "Drink Bottle Multi 1200ml" | product_type: "Other Pharmacy & Clothing"
[2026-04-29T04:29:27.398Z]   [SKIPPED - not supplement] "Dear Body Kissing Mizzle Body Mist 75ml" | product_type: "Beauty Accessories"
[2026-04-29T04:29:27.399Z]   [SKIPPED - not supplement] "Huggies Ultra Dry Nappies Girls Size 4 (10-15kg) 72 Pack" | product_type: "Baby"
[2026-04-29T04:29:27.399Z]   [SKIPPED - not supplement] "Huggies Ultra Dry Nappies, Boys, Size 4 (10-15kg), 72 Pack (Jumbo)" | product_type: "Baby"
[2026-04-29T04:29:27.400Z]   [SKIPPED - not supplement] "Huggies Ultra Dry Nappies Girls Size 5 (13-18kg) 64 Pack" | product_type: "Baby"
[2026-04-29T04:29:27.400Z]   [SKIPPED - not supplement] "Huggies Newborn Nappies Size 1 (up to 5kg) 54 Pack" | product_type: "Baby"
[2026-04-29T04:29:27.400Z]   [SKIPPED - not supplement] "Huggies Essentials Size 2 (54 Nappies)" | product_type: "Baby"
[2026-04-29T04:29:27.400Z]   [SKIPPED - not supplement] "Huggies Essentials Size 5 (44 Nappies)" | product_type: "Baby"
[2026-04-29T04:29:27.401Z]   [SKIPPED - not supplement] "Huggies Nappy Pants Ultra Dry Size 4 Boy 34 Pack" | product_type: "Baby"
[2026-04-29T04:29:27.401Z]   [SKIPPED - not supplement] "Huggies Ultra Dry Nappies Boys Size 5 (13-18kg) 32 Pack" | product_type: "Baby"
[2026-04-29T04:29:27.401Z]   [SKIPPED - not supplement] "Huggies Ultra Dry Nappies Boys Size 4 (10-15kg) 36 Pack" | product_type: "Baby"
[2026-04-29T04:29:27.402Z]   [SKIPPED - not supplement] "Huggies Essentials Nappies Size 3 (6 - 11kg) 52 Pack" | product_type: "Baby"
[2026-04-29T04:29:27.402Z]   [SKIPPED - not supplement] "Huggies Essentials Nappies Size 6 (16+kg) 40 Pack" | product_type: "Baby"
[2026-04-29T04:29:27.402Z]   [SKIPPED - not supplement] "Huggies Essentials Nappies Size 4 (10 - 15kg) 46 Pack" | product_type: "Baby"
[2026-04-29T04:29:27.403Z]   [SKIPPED - not supplement] "Huggies Ultra Dry Nappies Boys Size 5 (13-18kg) 16 Pack" | product_type: "Baby"
[2026-04-29T04:29:27.403Z]   [SKIPPED - not supplement] "Huggies Infant Nappies Size 2 (4-8kg) 96 Pack" | product_type: "Baby"
[2026-04-29T04:29:27.403Z]   [SKIPPED - not supplement] "Huggies Ultimate Nappy Pants Size 4 (10-15kg) 56 Pack" | product_type: "Baby"
[2026-04-29T04:29:27.403Z]   [SKIPPED - not supplement] "Huggies Ultimate Nappies Size 4 (10-15kg) 58 Pack" | product_type: "Baby"
[2026-04-29T04:29:27.405Z]   [SKIPPED - not supplement] "MCoBeauty Perfect Tweezers Professional 4 Pack Set" | product_type: "Beauty Accessories"
[2026-04-29T04:29:27.406Z]   [SKIPPED - not supplement] "Bambino Mio Solo Apple Crunch" | product_type: "Other Pharmacy & Clothing"
[2026-04-29T04:29:27.406Z]   [SKIPPED - not supplement] "Real Techniques Life Force Contour Brush" | product_type: "Beauty Accessories"
[2026-04-29T04:29:27.407Z]   [SKIPPED - not supplement] "DB Fragrance Fantasy" | product_type: "Beauty Accessories"
[2026-04-29T04:29:27.407Z]   [SKIPPED - not supplement] "Victoria's Secret Love Fragrance Spray 250ml" | product_type: "Beauty Accessories"
[2026-04-29T04:29:27.409Z]   [SKIPPED - not supplement] "Huggies Ultra Dry Nappy Size 3 Girl 44 Pack" | product_type: "Baby"
[2026-04-29T04:29:27.409Z]   [SKIPPED - not supplement] "MAE Detangling & Scalp Purple Hair Brush" | product_type: "Beauty Accessories"
[2026-04-29T04:29:27.410Z]   [SKIPPED - not supplement] "MAE Brush Detangling & Scalp Brush Pink" | product_type: "Beauty Accessories"
[2026-04-29T04:29:27.915Z]   Page 27...
[2026-04-29T04:29:28.652Z]   [SKIPPED - not supplement] "Bambino Mio Solo Dalmatian Dots" | product_type: "Other Pharmacy & Clothing"
[2026-04-29T04:29:28.653Z]   [SKIPPED - not supplement] "Oh Bubbles Sparkling Drink Maker White" | product_type: "General Food & Drink"
[2026-04-29T04:29:28.659Z]   [SKIPPED - not supplement] "MAE Brush Pro Vent Paddle Gold" | product_type: "Beauty Accessories"
[2026-04-29T04:29:28.660Z]   [SKIPPED - not supplement] "MAE Brush Pro Vent Boar Gold" | product_type: "Beauty Accessories"
[2026-04-29T04:29:28.660Z]   [SKIPPED - not supplement] "MAE Brush Pro Vent  Large Gold" | product_type: "Beauty Accessories"
[2026-04-29T04:29:28.661Z]   [SKIPPED - not supplement] "Dino Scratch Bucket Hat Charcoal Large" | product_type: "Other Pharmacy & Clothing"
[2026-04-29T04:29:28.661Z]   [SKIPPED - not supplement] "Truyu Tweezer Kit Celestial Limited Edition" | product_type: "Beauty Accessories"
[2026-04-29T04:29:28.662Z]   [SKIPPED - not supplement] "Shark Bucket Hat Blue Large" | product_type: "Other Pharmacy & Clothing"
[2026-04-29T04:29:28.662Z]   [SKIPPED - not supplement] "Basic Bucket Hat Navy/Cream Small - Medium" | product_type: "Other Pharmacy & Clothing"
[2026-04-29T04:29:28.662Z]   [SKIPPED - not supplement] "Truyu 10-1654 Brow Trio" | product_type: "Beauty Accessories"
[2026-04-29T04:29:28.662Z]   [SKIPPED - not supplement] "Gingham Bucket Hat Black & White Medium" | product_type: "Other Pharmacy & Clothing"
[2026-04-29T04:29:28.663Z]   [SKIPPED - not supplement] "Basic Bucket Hat Tan Medium - Large" | product_type: "Other Pharmacy & Clothing"
[2026-04-29T04:29:28.663Z]   [SKIPPED - not supplement] "Gingham Bucket Hat Black & White Large" | product_type: "Other Pharmacy & Clothing"
[2026-04-29T04:29:28.663Z]   [SKIPPED - not supplement] "Dino Scratch Bucket Hat Charcoal Medium" | product_type: "Other Pharmacy & Clothing"
[2026-04-29T04:29:28.664Z]   [SKIPPED - not supplement] "Ditsy Floral Bucket Hat Pink Medium" | product_type: "Other Pharmacy & Clothing"
[2026-04-29T04:29:28.664Z]   [SKIPPED - not supplement] "Basic Bucket Hat Black/Beige Medium - Large" | product_type: "Other Pharmacy & Clothing"
[2026-04-29T04:29:28.664Z]   [SKIPPED - not supplement] "Truyu Slant Tip Tweezer Celestial Limited Edition" | product_type: "Beauty Accessories"
[2026-04-29T04:29:28.665Z]   [SKIPPED - not supplement] "Basic Bucket Hat Navy/Cream Medium - Large" | product_type: "Other Pharmacy & Clothing"
[2026-04-29T04:29:28.665Z]   [SKIPPED - not supplement] "Basic Bucket Hat Black/Beige Small - Medium" | product_type: "Other Pharmacy & Clothing"
[2026-04-29T04:29:28.665Z]   [SKIPPED - not supplement] "Floral Bucket Hat Baby Blue Small" | product_type: "Other Pharmacy & Clothing"
[2026-04-29T04:29:28.666Z]   [SKIPPED - not supplement] "Designer Brands Fragrance Your Way" | product_type: "Beauty Accessories"
[2026-04-29T04:29:28.666Z]   [SKIPPED - not supplement] "DB Fragrance Galatic" | product_type: "Beauty Accessories"
[2026-04-29T04:29:29.177Z]   Page 28...
[2026-04-29T04:29:29.946Z]   [SKIPPED - not supplement] "David Beckham Intimately Man EDT 75ml Spray" | product_type: "Beauty Accessories"
[2026-04-29T04:29:29.947Z]   [SKIPPED - not supplement] "Britney Spears Fantasy Eau de Parfum 100 mL" | product_type: "Beauty Accessories"
[2026-04-29T04:29:29.948Z]   [SKIPPED - not supplement] "Britney Spears Fantasy Midnight EDP 30ml" | product_type: "Beauty Accessories"
[2026-04-29T04:29:29.948Z]   [SKIPPED - not supplement] "Britney Spears Midnight Fantasy EDP 100ml" | product_type: "Beauty Accessories"
[2026-04-29T04:29:29.948Z]   [SKIPPED - not supplement] "L'Oreal Age Perfect Night 50ml" | product_type: "Beauty Accessories"
[2026-04-29T04:29:29.950Z]   [SKIPPED - not supplement] "Wicked Sista Solid Perfume Lychee 10g" | product_type: "Beauty Accessories"
[2026-04-29T04:29:29.950Z]   [SKIPPED - not supplement] "Simply Essential Vanity Makeup with LED" | product_type: "Beauty Accessories"
[2026-04-29T04:29:29.952Z]   [SKIPPED - not supplement] "Designer Brands Fragrance Narcisse For Him" | product_type: "Beauty Accessories"
[2026-04-29T04:29:29.953Z]   [SKIPPED - not supplement] "Head & Shoulders Apple Fresh Shampoo 400ml" | product_type: "Beauty Accessories"
[2026-04-29T04:29:29.953Z]   [SKIPPED - not supplement] "Simply Essential Scrunchies Pink Ivy 2 pack" | product_type: "Beauty Accessories"
[2026-04-29T04:29:29.953Z]   [SKIPPED - not supplement] "Simply Essentials Scrunchies Charcoal Gold 2 pack" | product_type: "Beauty Accessories"
[2026-04-29T04:29:29.954Z]   [SKIPPED - not supplement] "Ecotool Precious Metal Cheek + Eye High Light 4 pack Set" | product_type: "Beauty Accessories"
[2026-04-29T04:29:29.954Z]   [SKIPPED - not supplement] "Ecotool Precious Metals Brightening Eye Makup Set" | product_type: "Beauty Accessories"
[2026-04-29T04:29:29.954Z]   [SKIPPED - not supplement] "Real Techniques Miracle Complexion Sponge + Powder Sponge" | product_type: "Beauty Accessories"
[2026-04-29T04:29:29.955Z]   [SKIPPED - not supplement] "Basic Bucket Hat Tan Large - Extra Large" | product_type: "Other Pharmacy & Clothing"
[2026-04-29T04:29:29.955Z]   [SKIPPED - not supplement] "HUGGIES Nappy Ultimate Newborn 108pk" | product_type: "Baby"
[2026-04-29T04:29:29.956Z]   [SKIPPED - not supplement] "Huggies Essentials Size 1 Newborn 28 Pack" | product_type: "Baby"
[2026-04-29T04:29:29.957Z]   [SKIPPED - not supplement] "Huggies Nappy Size 3 Boy 44 Pack" | product_type: "Baby"
[2026-04-29T04:29:29.957Z]   [SKIPPED - not supplement] "HUGGIES Ultra Dry Junior Size 6 Boy 14pk" | product_type: "Baby"
[2026-04-29T04:29:29.957Z]   [SKIPPED - not supplement] "Bambino Mio Solo Berry Bounce" | product_type: "Other Pharmacy & Clothing"
[2026-04-29T04:29:29.958Z]   [SKIPPED - not supplement] "Chambray Bucket Hat Denim Blue Medium" | product_type: "Other Pharmacy & Clothing"
[2026-04-29T04:29:29.958Z]   [SKIPPED - not supplement] "Dino Scratch Bucket Hat Charcoal Small" | product_type: "Other Pharmacy & Clothing"
[2026-04-29T04:29:29.958Z]   [SKIPPED - not supplement] "Chambray Bucket Hat Denim Blue Small" | product_type: "Other Pharmacy & Clothing"
[2026-04-29T04:29:29.959Z]   [SKIPPED - not supplement] "Oh Bubbles Stainless Steel Bottle White" | product_type: "General Food & Drink"
[2026-04-29T04:29:29.959Z]   [SKIPPED - not supplement] "Oh Bubbles Stainless Steel Bottle Black" | product_type: "General Food & Drink"
[2026-04-29T04:29:29.960Z]   [SKIPPED - not supplement] "Calvin Klein CK One Shock Men's Cologne -  100ml Eau De Toilette" | product_type: "Beauty Accessories"
[2026-04-29T04:29:29.960Z]   [SKIPPED - not supplement] "Hugo Boss BOSS The Scent for Her Eau de Parfum 100 mL" | product_type: "Beauty Accessories"
[2026-04-29T04:29:29.961Z]   [SKIPPED - not supplement] "Huggies Ultra Dry Nappies Boys Size 6 (16kg+) 30 Pack" | product_type: "Baby"
[2026-04-29T04:29:29.962Z]   [SKIPPED - not supplement] "EarSense Ball Stud Silver 4mm" | product_type: "Beauty Accessories"
[2026-04-29T04:29:29.962Z]   [SKIPPED - not supplement] "EarSense Trio Ball Studs Silver" | product_type: "Beauty Accessories"
[2026-04-29T04:29:29.962Z]   [SKIPPED - not supplement] "EarSense Small Crystal Rose Gold Circle" | product_type: "Beauty Accessories"
[2026-04-29T04:29:29.963Z]   [SKIPPED - not supplement] "EarSense Ball Stud Gold 4mm" | product_type: "Beauty Accessories"
[2026-04-29T04:29:29.963Z]   [SKIPPED - not supplement] "EarSense Trio Ball Studs Gold" | product_type: "Beauty Accessories"
[2026-04-29T04:29:29.964Z]   [SKIPPED - not supplement] "EarSense Teardrop Silver French Hook" | product_type: "Beauty Accessories"
[2026-04-29T04:29:29.964Z]   [SKIPPED - not supplement] "EarSense Open Silhouette French Hook Gold" | product_type: "Beauty Accessories"
[2026-04-29T04:29:29.964Z]   [SKIPPED - not supplement] "EarSense Trio  Cubic Zirconia, Cross and Heart Trio" | product_type: "Beauty Accessories"
[2026-04-29T04:29:29.964Z]   [SKIPPED - not supplement] "EarSense Hoop Inset Crystals Silver 32mm" | product_type: "Beauty Accessories"
[2026-04-29T04:29:29.965Z]   [SKIPPED - not supplement] "EarSense Crossover Drop French Hook Silver" | product_type: "Beauty Accessories"
[2026-04-29T04:29:29.965Z]   [SKIPPED - not supplement] "EarSense Glitter Teardrop French Hook Gold" | product_type: "Beauty Accessories"
[2026-04-29T04:29:29.965Z]   [SKIPPED - not supplement] "EarSense Tapered Hoop Silver 15mm" | product_type: "Beauty Accessories"
[2026-04-29T04:29:29.966Z]   [SKIPPED - not supplement] "EarSense Hoop with Inset Crystals Gold 32mm" | product_type: "Beauty Accessories"
[2026-04-29T04:29:29.966Z]   [SKIPPED - not supplement] "EarSense Crescent Hoop Silver 35mm" | product_type: "Beauty Accessories"
[2026-04-29T04:29:29.966Z]   [SKIPPED - not supplement] "EarSense 3 Bar Hoop Gold" | product_type: "Beauty Accessories"
[2026-04-29T04:29:30.468Z]   Page 29...
[2026-04-29T04:29:31.170Z]   [SKIPPED - not supplement] "Huggies Infant Nappies Size 2 (4-8kg) 24 Pack" | product_type: "Baby"
[2026-04-29T04:29:31.170Z]   [SKIPPED - not supplement] "Huggies Ultra Dry Nappies Boy Size 3 (6-11kg) 22 Pack" | product_type: "Baby"
[2026-04-29T04:29:31.171Z]   [SKIPPED - not supplement] "Huggies Newborn Nappies Size 1 (up to 5kg) 28 Pack" | product_type: "Baby"
[2026-04-29T04:29:31.171Z]   [SKIPPED - not supplement] "Huggies Ultra Dry Nappy Pants Girls Size 6 (15kg+) 16 Pack" | product_type: "Baby"
[2026-04-29T04:29:31.171Z]   [SKIPPED - not supplement] "Huggies Ultra Dry Nappies Girl Size 5 (13-18kg) 16 Pack" | product_type: "Baby"
[2026-04-29T04:29:31.171Z]   [SKIPPED - not supplement] "Truyu 10-1666 Brush Collection" | product_type: "Beauty Accessories"
[2026-04-29T04:29:31.172Z]   [SKIPPED - not supplement] "Huggies Ultra Dry Nappies Girl Size 6 (16kg+) 14 Pack" | product_type: "Baby"
[2026-04-29T04:29:31.172Z]   [SKIPPED - not supplement] "Huggies Ultra Dry Nappy Pants Girls Size 5 (12-17 kg) 18 Pack" | product_type: "Baby"
[2026-04-29T04:29:31.172Z]   [SKIPPED - not supplement] "Huggies Ultra Dry Nappies Boys Size 4 (10-15kg) 18 Pack" | product_type: "Baby"
[2026-04-29T04:29:31.173Z]   [SKIPPED - not supplement] "Huggies Ultra Dry Nappy Pants Girls Size 4 (9-14kg) 20 Pack" | product_type: "Baby"
[2026-04-29T04:29:31.173Z]   [SKIPPED - not supplement] "Huggies Ultra Dry Nappies Girls Size 4 (10-15kg) 18 Pack" | product_type: "Baby"
[2026-04-29T04:29:31.173Z]   [SKIPPED - not supplement] "Huggies Ultra Dry Nappy Pants Boys Size 6 (15kg+) 16 Pack" | product_type: "Baby"
[2026-04-29T04:29:31.173Z]   [SKIPPED - not supplement] "Huggies Nappy Pants Ultra Dry Size 5 Girl 30 Pack" | product_type: "Baby"
[2026-04-29T04:29:31.174Z]   [SKIPPED - not supplement] "Huggies Ultra Dry Nappy Pants Boys Size 5 (12-17kg) 18 Pack" | product_type: "Baby"
[2026-04-29T04:29:31.174Z]   [SKIPPED - not supplement] "Huggies Ultra Dry Nappy Pants Boys Size 4 (9-14kg) 20 Pack" | product_type: "Baby"
[2026-04-29T04:29:31.174Z]   [SKIPPED - not supplement] "Huggies Ultra Dry Nappies Girl Size 3 (6-11kg) 22 Pack" | product_type: "Baby"
[2026-04-29T04:29:31.175Z]   [SKIPPED - not supplement] "Cosmetic Case Stars & Stripe Navy" | product_type: "Beauty Accessories"
[2026-04-29T04:29:31.176Z]   [SKIPPED - not supplement] "Cosmetic Bag Stars & Stripe Navy" | product_type: "Beauty Accessories"
[2026-04-29T04:29:31.176Z]   [SKIPPED - not supplement] "Cosmetic Bag Set Deep Pink" | product_type: "Beauty Accessories"
[2026-04-29T04:29:31.176Z]   [SKIPPED - not supplement] "Cosmetic Bag Tweed Blue" | product_type: "Beauty Accessories"
[2026-04-29T04:29:31.176Z]   [SKIPPED - not supplement] "Cosmetic Bag Large Flower Multi" | product_type: "Beauty Accessories"
[2026-04-29T04:29:31.177Z]   [SKIPPED - not supplement] "Cosmetic Bags Flower Multi" | product_type: "Beauty Accessories"
[2026-04-29T04:29:31.177Z]   [SKIPPED - not supplement] "Cosmetic Bag Tweed Deep Pink" | product_type: "Beauty Accessories"
[2026-04-29T04:29:31.177Z]   [SKIPPED - not supplement] "Cosmetic Bag Stars & Stripe Pink" | product_type: "Beauty Accessories"
[2026-04-29T04:29:31.178Z]   [SKIPPED - not supplement] "Cosmetic Bag Blue with Flowers" | product_type: "Beauty Accessories"
[2026-04-29T04:29:31.178Z]   [SKIPPED - not supplement] "Cosmetic Bag Tweed Rectangle Pink" | product_type: "Beauty Accessories"
[2026-04-29T04:29:31.178Z]   [SKIPPED - not supplement] "EarSense Small Huggie with Glitter Gold" | product_type: "Beauty Accessories"
[2026-04-29T04:29:31.179Z]   [SKIPPED - not supplement] "Cosmetic Bag Love Black 3 set" | product_type: "Beauty Accessories"
[2026-04-29T04:29:31.179Z]   [SKIPPED - no category] "Massage Gun" | product_type: "Health Equipment" | tags: Bargains Best Price,CAT=Sports & Recreation,enable-bis,may-2026-promo,MCAT=Lifestyle & Wellness
[2026-04-29T04:29:31.180Z]   [SKIPPED - not supplement] "Cosmetics Bag Stars & Stripe Peach" | product_type: "Beauty Accessories"
[2026-04-29T04:29:31.180Z]   [SKIPPED - not supplement] "Makeup Bag Set 3 piece" | product_type: "Beauty Accessories"
[2026-04-29T04:29:31.180Z]   [SKIPPED - not supplement] "Cosmetic Bag Love White 3 set" | product_type: "Beauty Accessories"
[2026-04-29T04:29:31.180Z]   [SKIPPED - not supplement] "Cosmetic Bag Stars & Stripe Red" | product_type: "Beauty Accessories"
[2026-04-29T04:29:31.181Z]   [SKIPPED - not supplement] "Cosmetic Bag Love Gold 3 set" | product_type: "Beauty Accessories"
[2026-04-29T04:29:31.181Z]   [SKIPPED - not supplement] "Simply Essential Sleeping Mask Black" | product_type: "Beauty Accessories"
[2026-04-29T04:29:31.181Z]   [SKIPPED - not supplement] "Tender Love + Carry Travel Pouch with Bottles Pink" | product_type: "Other Pharmacy & Clothing"
[2026-04-29T04:29:31.182Z]   [SKIPPED - not supplement] "Tender, Love + Carry Travel Pouch with Bottles Black" | product_type: "Other Pharmacy & Clothing"
[2026-04-29T04:29:31.182Z]   [SKIPPED - not supplement] "Wet N Wild Double Tap Makeup Sponge 2 pack" | product_type: "Beauty Accessories"
[2026-04-29T04:29:31.183Z]   [SKIPPED - not supplement] "Globite Inflatable Travel Pillow Grey" | product_type: "Other Pharmacy & Clothing"
[2026-04-29T04:29:31.183Z]   [SKIPPED - no category] "Simply Essential 21-1410 Massage Body Brush" | product_type: "Personal Care" | tags: BRAND=Simply Essential,MCAT=Beauty,MCAT=Body & Personal Care,On Promotion,PRODTYPE=Massage
[2026-04-29T04:29:31.183Z]   [SKIPPED - not supplement] "EarSense Small Huggie with Glitter Silver" | product_type: "Beauty Accessories"
[2026-04-29T04:29:31.184Z]   [SKIPPED - not supplement] "Real Techniques Everything Brush" | product_type: "Beauty Accessories"
[2026-04-29T04:29:31.184Z]   [SKIPPED - not supplement] "EarSense Swarovski Rivoli Green" | product_type: "Beauty Accessories"
[2026-04-29T04:29:31.184Z]   [SKIPPED - not supplement] "Adorn by Mae Elastic Scrunchies Rio 2pk" | product_type: "Beauty Accessories"
[2026-04-29T04:29:31.185Z]   [SKIPPED - not supplement] "Pressing Nails Extra Short Tiffany Blue" | product_type: "Cosmetics"
[2026-04-29T04:29:31.185Z]   [SKIPPED - not supplement] "Tender Love + Carry The Large Go Go - Oat" | product_type: "Beauty Accessories"
[2026-04-29T04:29:31.187Z]   [SKIPPED - no category] "D3 Therapeutic Massage Gun Black" | product_type: "Health Equipment" | tags: On Promotion
[2026-04-29T04:29:31.187Z]   [SKIPPED - not supplement] "EarSense Slim Click Hoop Silver 15mm" | product_type: "Beauty Accessories"
[2026-04-29T04:29:31.188Z]   [SKIPPED - not supplement] "Wet n Wild Biodegradable Sponge" | product_type: "Beauty Accessories"
[2026-04-29T04:29:31.188Z]   [SKIPPED - not supplement] "Huggies Ultra Dry Nappies Boys Size 5 (13-18kg) 64 Pack" | product_type: "Baby"
[2026-04-29T04:29:31.189Z]   [SKIPPED - not supplement] "EarSense Tapered Hoop Gold 15mm" | product_type: "Beauty Accessories"
[2026-04-29T04:29:31.189Z]   [SKIPPED - not supplement] "EarSense Small Crystal Circle Silver" | product_type: "Beauty Accessories"
[2026-04-29T04:29:31.189Z]   [SKIPPED - not supplement] "Lady Jayne Gem Tip Brush" | product_type: "Beauty Accessories"
[2026-04-29T04:29:31.190Z]   [SKIPPED - not supplement] "Truyu 10-1241 Eyelash Curler" | product_type: "Beauty Accessories"
[2026-04-29T04:29:31.191Z]   [SKIPPED - not supplement] "EarSense Large Silver Ball, Cubic Zirconia & Pearl Trio" | product_type: "Beauty Accessories"
[2026-04-29T04:29:31.191Z]   [SKIPPED - not supplement] "Tangle Teezer Ultimate Styler Sweet Pink" | product_type: "Beauty Accessories"
[2026-04-29T04:29:31.697Z]   Page 30...
[2026-04-29T04:29:32.428Z]   [SKIPPED - not supplement] "Dream by Delta Goodrem EDP 30ml" | product_type: "Beauty Accessories"
[2026-04-29T04:29:32.429Z]   [SKIPPED - not supplement] "Boss Extreme Men EDP 75ml" | product_type: "Beauty Accessories"
[2026-04-29T04:29:32.430Z]   [SKIPPED - not supplement] "Revlon Kiss Balm Fresh Strawberry" | product_type: "Beauty Accessories"
[2026-04-29T04:29:32.432Z]   [SKIPPED - not supplement] "Weleda Calendula Nappy Cream 30ml" | product_type: "Baby"
[2026-04-29T04:29:32.432Z]   [SKIPPED - not supplement] "Ecotool Start The Day Beautiful 6pc Set" | product_type: "Beauty Accessories"
[2026-04-29T04:29:32.433Z]   [SKIPPED - not supplement] "Ecotool Precious Metals Face Blend & Sculpt Makeup Set" | product_type: "Beauty Accessories"
[2026-04-29T04:29:32.433Z]   [SKIPPED - not supplement] "DB Sorbet Slay Brush Set" | product_type: "Beauty Accessories"
[2026-04-29T04:29:32.433Z]   [SKIPPED - not supplement] "DB Treat Yo'self Complexion Kit" | product_type: "Cosmetics"
[2026-04-29T04:29:32.434Z]   [SKIPPED - not supplement] "Wet N Wild Hourglass Makeup Sponge 1 Pack" | product_type: "Beauty Accessories"
[2026-04-29T04:29:32.437Z]   [SKIPPED - not supplement] "Simply Essential 20-1508 Compact Makeup Mirror" | product_type: "Beauty Accessories"
[2026-04-29T04:29:32.437Z]   [SKIPPED - not supplement] "Simply Essential 20-2600 Slanted Tweezer" | product_type: "Beauty Accessories"
[2026-04-29T04:29:32.438Z]   [SKIPPED - not supplement] "Simply Essential Sleep Mask Pink" | product_type: "Beauty Accessories"
[2026-04-29T04:29:32.439Z]   [SKIPPED - not supplement] "Simply Essential 20-2111 Crystal Nail File Short" | product_type: "Beauty Accessories"
[2026-04-29T04:29:32.439Z]   [SKIPPED - not supplement] "Ariana Grande Sweet Like Candy Body Mist 235 mL" | product_type: "Beauty Accessories"
[2026-04-29T04:29:32.439Z]   [SKIPPED - not supplement] "Vera Wang Signature Woman EDP 100ml" | product_type: "Beauty Accessories"
[2026-04-29T04:29:32.440Z]   [SKIPPED - not supplement] "CK Contradiction W EDP 100ml" | product_type: "Beauty Accessories"
[2026-04-29T04:29:32.440Z]   [SKIPPED - not supplement] "Vanish Gold Pro Oxi Action Powered White 2kg" | product_type: "Household"
[2026-04-29T04:29:32.944Z]   Page 31...
[2026-04-29T04:29:33.546Z]   [SKIPPED - not supplement] "Real Techniques Everyday Eye Essential Set" | product_type: "Beauty Accessories"
[2026-04-29T04:29:33.547Z]   [SKIPPED - not supplement] "Real Techniques Instant Brush Cleaner" | product_type: "Beauty Accessories"
[2026-04-29T04:29:33.548Z]   [SKIPPED - not supplement] "Real Techniques Filtered Cheek Brush" | product_type: "Beauty Accessories"
[2026-04-29T04:29:33.548Z]   [SKIPPED - not supplement] "Wet n Wild Make Up Brush Blush" | product_type: "Beauty Accessories"
[2026-04-29T04:29:33.549Z]   [SKIPPED - not supplement] "Intex Swirly Whirly Tube - Multi Colour" | product_type: "Other Pharmacy & Clothing"
[2026-04-29T04:29:33.549Z]   [SKIPPED - not supplement] "Intex Realistic Sea Turtle Ride On" | product_type: "Other Pharmacy & Clothing"
[2026-04-29T04:29:33.549Z]   [SKIPPED - not supplement] "Intex Lil Whale Ride-On" | product_type: "Other Pharmacy & Clothing"
[2026-04-29T04:29:33.550Z]   [SKIPPED - not supplement] "Intex Pink Flamingo Ride-on" | product_type: "Other Pharmacy & Clothing"
[2026-04-29T04:29:33.550Z]   [SKIPPED - not supplement] "Intex Lil Dolphin Ride-On" | product_type: "Other Pharmacy & Clothing"
[2026-04-29T04:29:33.550Z]   [SKIPPED - not supplement] "Intex Lil Sea Turtle Ride On" | product_type: "Other Pharmacy & Clothing"
[2026-04-29T04:29:33.550Z]   [SKIPPED - not supplement] "Intex Baby Pool 3 Ring 1.47cm x 33cm" | product_type: "Other Pharmacy & Clothing"
[2026-04-29T04:29:33.551Z]   [SKIPPED - not supplement] "Flawless Ice Roller" | product_type: "Beauty Accessories"
[2026-04-29T04:29:33.551Z]   [SKIPPED - not supplement] "BC Everyday Crew Socks Assorted Designs" | product_type: "Other Pharmacy & Clothing"
[2026-04-29T04:29:33.552Z]   [SKIPPED - not supplement] "BC Everyday Ice Roller" | product_type: "Beauty Accessories"
[2026-04-29T04:29:33.552Z]   [SKIPPED - not supplement] "BC Everyday Baby Silicone Bib Green" | product_type: "Baby"
[2026-04-29T04:29:33.553Z]   [SKIPPED - not supplement] "HB&Co Sleep Eye Mask Satin Pink" | product_type: "Beauty Accessories"
[2026-04-29T04:29:33.553Z]   [SKIPPED - not supplement] "HB&Co Sleep Eye Mask Satin Fuchsia" | product_type: "Beauty Accessories"
[2026-04-29T04:29:33.553Z]   [SKIPPED - not supplement] "HB&Co Sleep Mask Furry Cream" | product_type: "Beauty Accessories"
[2026-04-29T04:29:33.554Z]   [SKIPPED - not supplement] "HB&Co Sleep Mask Furry Grey" | product_type: "Beauty Accessories"
[2026-04-29T04:29:33.554Z]   [SKIPPED - not supplement] "HB&Co Nail Clippers Set Assorted Colours" | product_type: "Beauty Accessories"
[2026-04-29T04:29:33.555Z]   [SKIPPED - not supplement] "HB&Co Sleep Eye Mask Satin Black" | product_type: "Beauty Accessories"
[2026-04-29T04:29:33.555Z]   [SKIPPED - not supplement] "HB&Co Laundry Wash Bag 40cm x 50cm" | product_type: "Household"
[2026-04-29T04:29:33.556Z]   [SKIPPED - not supplement] "HB&Co Hair Wrap Assorted Colours" | product_type: "Beauty Accessories"
[2026-04-29T04:29:33.556Z]   [SKIPPED - not supplement] "HB&Co Compact Mirror Assorted Colours" | product_type: "Beauty Accessories"
[2026-04-29T04:29:33.556Z]   [SKIPPED - not supplement] "HB&Co Cat Eye Mask Black" | product_type: "Beauty Accessories"
[2026-04-29T04:29:33.557Z]   [SKIPPED - not supplement] "HB&Co Cat Eye Mask Pink" | product_type: "Beauty Accessories"
[2026-04-29T04:29:33.558Z]   [SKIPPED - not supplement] "BC Everyday Wooden Pegs 50 Pack" | product_type: "Household"
[2026-04-29T04:29:33.559Z]   [SKIPPED - not supplement] "BC Everyday Rejuvenation Device" | product_type: "Beauty Accessories"
[2026-04-29T04:29:33.560Z]   [SKIPPED - not supplement] "HB&Co Wide Half Hoop Gold Earring" | product_type: "Beauty Accessories"
[2026-04-29T04:29:33.560Z]   [SKIPPED - not supplement] "HB&Co Wide Half Hoop Silver Earring" | product_type: "Beauty Accessories"
[2026-04-29T04:29:33.561Z]   [SKIPPED - not supplement] "HB&Co Toilet Bag Denim Assorted" | product_type: "Beauty Accessories"
[2026-04-29T04:29:33.562Z]   [SKIPPED - not supplement] "HB&Co Hoop with Diamond Silver Earring" | product_type: "Beauty Accessories"
[2026-04-29T04:29:33.563Z]   [SKIPPED - not supplement] "HB&Co Half Large Hoop Silver Earring" | product_type: "Beauty Accessories"
[2026-04-29T04:29:33.563Z]   [SKIPPED - not supplement] "HB&Co Hoop with Diamond Gold Earring" | product_type: "Beauty Accessories"
[2026-04-29T04:29:33.564Z]   [SKIPPED - not supplement] "HB&Co Gold Diamond Stud Earrings" | product_type: "Beauty Accessories"
[2026-04-29T04:29:33.564Z]   [SKIPPED - not supplement] "HB&Co Drop with Diamonds Silver Earring" | product_type: "Beauty Accessories"
[2026-04-29T04:29:33.565Z]   [SKIPPED - not supplement] "HB&Co Fashion Curved Hoop Gold Earring" | product_type: "Beauty Accessories"
[2026-04-29T04:29:33.565Z]   [SKIPPED - not supplement] "HB&Co Fashion Curved Hoop Silver Earring" | product_type: "Beauty Accessories"
[2026-04-29T04:29:33.566Z]   [SKIPPED - not supplement] "HB&Co Drop Stud Silver Earring" | product_type: "Beauty Accessories"
[2026-04-29T04:29:33.566Z]   [SKIPPED - not supplement] "HB&Co Drop with Diamonds Gold Earring" | product_type: "Beauty Accessories"
[2026-04-29T04:29:33.566Z]   [SKIPPED - not supplement] "HB&Co Drop Stud Gold Earring" | product_type: "Beauty Accessories"
[2026-04-29T04:29:33.567Z]   [SKIPPED - not supplement] "HB&Co Diamond Stud Gold Earring" | product_type: "Beauty Accessories"
[2026-04-29T04:29:33.568Z]   [SKIPPED - not supplement] "HB&Co Diamond Dazzle Silver Earring" | product_type: "Beauty Accessories"
[2026-04-29T04:29:33.568Z]   [SKIPPED - not supplement] "HB&Co Diamond Stud Silver Earring" | product_type: "Beauty Accessories"
[2026-04-29T04:29:33.569Z]   [SKIPPED - not supplement] "HB&Co 3 Pairs Studs/Stars Earrings" | product_type: "Beauty Accessories"
[2026-04-29T04:29:33.569Z]   [SKIPPED - not supplement] "HB&Co 3 Pairs Studs/Tear Drop Earring" | product_type: "Beauty Accessories"
[2026-04-29T04:29:33.570Z]   [SKIPPED - not supplement] "HB&Co 3 Pairs Studs/Star Earring" | product_type: "Beauty Accessories"
[2026-04-29T04:29:33.570Z]   [SKIPPED - not supplement] "HB&Co 3 Pairs Studs/Diamond Circle Earring" | product_type: "Beauty Accessories"
[2026-04-29T04:29:33.570Z]   [SKIPPED - not supplement] "HB&Co 3 Pairs Studs/Diamond Earrings" | product_type: "Beauty Accessories"
[2026-04-29T04:29:33.571Z]   [SKIPPED - not supplement] "HB&Co 3 Pairs Studs/Half Hoop Earring" | product_type: "Beauty Accessories"
[2026-04-29T04:29:33.571Z]   [SKIPPED - not supplement] "HB&Co 3 Pairs Stud/Fashion Half&Drop Earring" | product_type: "Beauty Accessories"
[2026-04-29T04:29:33.572Z]   [SKIPPED - not supplement] "HB&Co 3 Pairs Stud/Fashion Hoops Earring" | product_type: "Beauty Accessories"
[2026-04-29T04:29:33.572Z]   [SKIPPED - not supplement] "HB&Co 3 Pairs Studs/Circle Earrings" | product_type: "Beauty Accessories"
[2026-04-29T04:29:33.572Z]   [SKIPPED - not supplement] "HB&Co 3 Pairs Studs/Cross Earrings" | product_type: "Beauty Accessories"
[2026-04-29T04:29:33.573Z]   [SKIPPED - not supplement] "HB&Co 3 Pairs Stud/Drop Diamonds Earrings" | product_type: "Beauty Accessories"
[2026-04-29T04:29:33.573Z]   [SKIPPED - not supplement] "HB&Co 3 Pairs Stud/Fashion Drops Earrings" | product_type: "Beauty Accessories"
[2026-04-29T04:29:33.576Z]   [SKIPPED - no category] "Natio Massage Oil Relaxation 200ml" | product_type: "Health & Wellbeing" | tags: Bargains Best Price,BRAND=Natio,MCAT=Lifestyle & Wellness,On Promotion,PRODTYPE=Massage Oil
[2026-04-29T04:29:33.577Z]   [SKIPPED - not supplement] "Mae 40-2305B Headband Teeth Black" | product_type: "Beauty Accessories"
[2026-04-29T04:29:33.577Z]   [SKIPPED - not supplement] "Adorn by Mae Ibis Clip Gold 12cm" | product_type: "Beauty Accessories"
[2026-04-29T04:29:34.080Z]   Page 32...
[2026-04-29T04:29:34.880Z]   [SKIPPED - not supplement] "Lancome La Vie Est Belle EDP 75ml for Women" | product_type: "Beauty Accessories"
[2026-04-29T04:29:34.884Z]   [SKIPPED - not supplement] "Musashi Shred & Burn Vanilla Milk Shake 900g" | product_type: "Health & Wellbeing"
[2026-04-29T04:29:34.884Z]   [SKIPPED - not supplement] "Narciso Rodriguez Her EDT Spray 100ml" | product_type: "Beauty Accessories"
[2026-04-29T04:29:34.885Z]   [SKIPPED - not supplement] "Dior J'adore EDP Infinissime 100ml" | product_type: "Beauty Accessories"
[2026-04-29T04:29:34.885Z]   [SKIPPED - not supplement] "Cacharel LOULOU EDP Spray 30ml" | product_type: "Beauty Accessories"
[2026-04-29T04:29:34.885Z]   [SKIPPED - not supplement] "FCUK Pop Music EDT 100ml" | product_type: "Beauty Accessories"
[2026-04-29T04:29:34.886Z]   [SKIPPED - not supplement] "Miki Shimmer Fair Floss Spray 150ml" | product_type: "Beauty Accessories"
[2026-04-29T04:29:34.887Z]   [SKIPPED - not supplement] "Mae Elastic & Bobby Pins Blonde 25s" | product_type: "Beauty Accessories"
[2026-04-29T04:29:34.888Z]   [SKIPPED - not supplement] "Mont Blanc Legend EDT 100ml for Men" | product_type: "Beauty Accessories"
[2026-04-29T04:29:34.888Z]   [SKIPPED - not supplement] "Coca-Cola Soft Drink Raspberry 600ml" | product_type: "General Food & Drink"
[2026-04-29T04:29:34.889Z]   [SKIPPED - not supplement] "Bambino Mio Miosolo All-In-One Cloth Nappy 'Honeybee Hive'" | product_type: "Other Pharmacy & Clothing"
[2026-04-29T04:29:34.891Z]   [SKIPPED - not supplement] "Bambino Mio Swim Rash Top Neon XL (2 Years+)" | product_type: "Other Pharmacy & Clothing"
[2026-04-29T04:29:34.891Z]   [SKIPPED - not supplement] "Bambino Mio Miosolo All-In-One Cloth Nappy 'Savanna Stripes'" | product_type: "Other Pharmacy & Clothing"
[2026-04-29T04:29:34.892Z]   [SKIPPED - not supplement] "Bambino Mio Reusable Nappy Liners 8 Pack" | product_type: "Other Pharmacy & Clothing"
[2026-04-29T04:29:34.893Z]   [SKIPPED - not supplement] "Natio Foundation Brush" | product_type: "Beauty Accessories"
[2026-04-29T04:29:34.893Z]   [SKIPPED - not supplement] "Natio Pencil Sharpener" | product_type: "Cosmetics"
[2026-04-29T04:29:34.894Z]   [SKIPPED - not supplement] "MAE Headband Soft Baby pink and gold" | product_type: "Beauty Accessories"
[2026-04-29T04:29:34.894Z]   [SKIPPED - not supplement] "D&G Light Blue PH Body Spray 125ml" | product_type: "Beauty Accessories"
[2026-04-29T04:29:34.895Z]   [SKIPPED - not supplement] "Bambino Mio Miosolo All-In-One Cloth Nappy 'Sail Away'" | product_type: "Other Pharmacy & Clothing"
[2026-04-29T04:29:34.896Z]   [SKIPPED - no category] "Finishing Touch Flawless Cleanse Facial Cleanser & Massager" | product_type: "Skin Care" | tags: BRAND=Finishing Touch Flawless,CAT=Skin Care,christmas-gifting,enable-bis,MCAT=Beauty
[2026-04-29T04:29:34.896Z]   [SKIPPED - not supplement] "Wet n Wild Small Concealer Brush" | product_type: "Beauty Accessories"
[2026-04-29T04:29:34.897Z]   [SKIPPED - not supplement] "MAE 40-3400 Elastic Clip Pnk/Grey 8" | product_type: "Beauty Accessories"
[2026-04-29T04:29:34.898Z]   [SKIPPED - not supplement] "W/SIS Socks Mountain Blues" | product_type: "Other Pharmacy & Clothing"
[2026-04-29T04:29:35.401Z]   Page 33...
[2026-04-29T04:29:36.186Z]   [SKIPPED - not supplement] "Kenzo Flower EDP for Women 50ml" | product_type: "Beauty Accessories"
[2026-04-29T04:29:36.187Z]   [SKIPPED - not supplement] "Yves Saint Laurent Black Opium Eau de Parfum 90ml" | product_type: "Beauty Accessories"
[2026-04-29T04:29:36.187Z]   [SKIPPED - not supplement] "ANAIS Anais EDT Spray 100ml" | product_type: "Beauty Accessories"
[2026-04-29T04:29:36.187Z]   [SKIPPED - not supplement] "Burberry Brit For Her EDT 100ml" | product_type: "Beauty Accessories"
[2026-04-29T04:29:36.188Z]   [SKIPPED - not supplement] "MARC Jacobs Daisy EDT 50ml" | product_type: "Beauty Accessories"
[2026-04-29T04:29:36.190Z]   [SKIPPED - not supplement] "Simply Essential Nail Sharpener" | product_type: "Beauty Accessories"
[2026-04-29T04:29:36.191Z]   [SKIPPED - not supplement] "BECKHAM Respect EDT 90ml" | product_type: "Beauty Accessories"
[2026-04-29T04:29:36.195Z]   [SKIPPED - not supplement] "Finish Touch Flawless Replacement Nail Heads 6 Pack" | product_type: "Beauty Accessories"
[2026-04-29T04:29:36.196Z]   [SKIPPED - not supplement] "Lee Stafford Coco Loco Blow Out Thermal Radial Brush" | product_type: "Beauty Accessories"
[2026-04-29T04:29:36.197Z]   [SKIPPED - not supplement] "Bambino Mio Miosolo All-In-One Cloth Nappy 'Safari Spots'" | product_type: "Other Pharmacy & Clothing"
[2026-04-29T04:29:36.710Z]   Page 34...
[2026-04-29T04:29:37.519Z]   [SKIPPED - not supplement] "Bambino Mio Miosolo All-In-One Cloth Nappy 'Elephant Stomp'" | product_type: "Other Pharmacy & Clothing"
[2026-04-29T04:29:37.520Z]   [SKIPPED - not supplement] "Calvin Klein CK Obsession Night Eau de Parfum 100 mL for Women" | product_type: "Personal Care"
[2026-04-29T04:29:37.523Z]   [SKIPPED - not supplement] "Clinique Happy EDP 100ml for Women" | product_type: "Beauty Accessories"
[2026-04-29T04:29:37.523Z]   [SKIPPED - not supplement] "Ralph Lauren Romance EDP W 100ml" | product_type: "Beauty Accessories"
[2026-04-29T04:29:37.523Z]   [SKIPPED - not supplement] "Hugo Boss In Motion M EDT 100ml" | product_type: "Beauty Accessories"
[2026-04-29T04:29:37.524Z]   [SKIPPED - not supplement] "RV Designer Collection Brow Set" | product_type: "Beauty Accessories"
[2026-04-29T04:29:37.524Z]   [SKIPPED - not supplement] "Chloe Nomade EDP Women 75ML" | product_type: "Beauty Accessories"
[2026-04-29T04:29:37.524Z]   [SKIPPED - not supplement] "Ariana Grande Thank U Next 30ml EDP" | product_type: "Beauty Accessories"
[2026-04-29T04:29:37.525Z]   [SKIPPED - not supplement] "Hugo Boss Number One EDT 100ml" | product_type: "Beauty Accessories"
[2026-04-29T04:29:37.525Z]   [SKIPPED - not supplement] "Viktor & Rolf Flowerbomb Midnight (W) EDP 100ml" | product_type: "Beauty Accessories"
[2026-04-29T04:29:37.525Z]   [SKIPPED - not supplement] "Paco Rabanne Invictus (M) Eau De Toilette 200ml" | product_type: "Beauty Accessories"
[2026-04-29T04:29:37.526Z]   [SKIPPED - not supplement] "Dolce & Gabbana Pour Femme Intense EDP 100ml" | product_type: "Beauty Accessories"
[2026-04-29T04:29:37.526Z]   [SKIPPED - not supplement] "Yves Saint Laurent Black Opium EDP (W) Extreme 90ml" | product_type: "Beauty Accessories"
[2026-04-29T04:29:37.526Z]   [SKIPPED - not supplement] "Versace Bright Crystal EDT 50ml" | product_type: "Beauty Accessories"
[2026-04-29T04:29:37.527Z]   [SKIPPED - not supplement] "Jimmy Choo EDP 100ml" | product_type: "Beauty Accessories"
[2026-04-29T04:29:37.527Z]   [SKIPPED - not supplement] "Chloe Love Story W EDT 50ml" | product_type: "Beauty Accessories"
[2026-04-29T04:29:37.527Z]   [SKIPPED - not supplement] "Versace Pour Homme EDT 50ml" | product_type: "Beauty Accessories"
[2026-04-29T04:29:37.527Z]   [SKIPPED - not supplement] "Yves Saint Laurent L'Homme Cologne Spray EDT 60ml" | product_type: "Beauty Accessories"
[2026-04-29T04:29:37.528Z]   [SKIPPED - not supplement] "Hugo Boss - Hugo Just Different M EDT 200ml" | product_type: "Beauty Accessories"
[2026-04-29T04:29:37.528Z]   [SKIPPED - not supplement] "Viktor & Rolf Flowerbomb Midnight (W) EDP 50ml" | product_type: "Beauty Accessories"
[2026-04-29T04:29:37.528Z]   [SKIPPED - not supplement] "Kim Kardashian Glam (W) EDP 100ml US" | product_type: "Beauty Accessories"
[2026-04-29T04:29:37.528Z]   [SKIPPED - not supplement] "Giorgio Armani Si Passione (W) EDP 30ml" | product_type: "Beauty Accessories"
[2026-04-29T04:29:37.529Z]   [SKIPPED - not supplement] "Estee Lauder Pleasures (W) EDP Spray 100ml" | product_type: "Beauty Accessories"
[2026-04-29T04:29:37.529Z]   [SKIPPED - not supplement] "Calvin Klein Obsession Night for Men EDT 125m" | product_type: "Beauty Accessories"
[2026-04-29T04:29:37.529Z]   [SKIPPED - not supplement] "Burberry - Mr. Burberry (M) EDT 100ml DE" | product_type: "Beauty Accessories"
[2026-04-29T04:29:37.531Z]   [SKIPPED - not supplement] "Ralph Lauren Polo Red (M) EDT 125ml" | product_type: "Beauty Accessories"
[2026-04-29T04:29:37.532Z]   [SKIPPED - not supplement] "Swisspers Make-Up Round Pads Twin Pack 160's" | product_type: "Beauty Accessories"
[2026-04-29T04:29:37.535Z]   [SKIPPED - not supplement] "Mae Headband Springcomb Clear" | product_type: "Beauty Accessories"
[2026-04-29T04:29:37.535Z]   [SKIPPED - not supplement] "Truyu Lip and Eye Brush Trio" | product_type: "Beauty Accessories"
[2026-04-29T04:29:37.536Z]   [SKIPPED - not supplement] "Mae Headband Springcomb Shell" | product_type: "Beauty Accessories"
[2026-04-29T04:29:38.051Z]   Page 35...
[2026-04-29T04:29:38.640Z]   [SKIPPED - not supplement] "Swisspers Cotton Wool Balls 200 pack" | product_type: "Beauty Accessories"
[2026-04-29T04:29:38.641Z]   [SKIPPED - not supplement] "DB Fragrance Blue 100ml" | product_type: "Beauty Accessories"
[2026-04-29T04:29:38.641Z]   [SKIPPED - not supplement] "Designer Brands Fragrance XY" | product_type: "Beauty Accessories"
[2026-04-29T04:29:38.641Z]   [SKIPPED - not supplement] "Designer Brands Fragrance GK One" | product_type: "Beauty Accessories"
[2026-04-29T04:29:38.642Z]   [SKIPPED - not supplement] "Designer Brands Fragrance Amore" | product_type: "Beauty Accessories"
[2026-04-29T04:29:38.642Z]   [SKIPPED - not supplement] "Designer Brands Fragrance Red Baccara Perfume" | product_type: "Beauty Accessories"
[2026-04-29T04:29:38.642Z]   [SKIPPED - not supplement] "Designer Brands Fragrance Lady Empire" | product_type: "Beauty Accessories"
[2026-04-29T04:29:38.643Z]   [SKIPPED - not supplement] "Designer Brands Fragrance GI Aqua" | product_type: "Beauty Accessories"
[2026-04-29T04:29:38.643Z]   [SKIPPED - not supplement] "Designer Brands Fragrance Poppy Noir" | product_type: "Beauty Accessories"
[2026-04-29T04:29:38.643Z]   [SKIPPED - not supplement] "Designer Brands Fragrance Bonjour" | product_type: "Beauty Accessories"
[2026-04-29T04:29:38.643Z]   [SKIPPED - not supplement] "Designer Brands Fragrance Possibility" | product_type: "Beauty Accessories"
[2026-04-29T04:29:38.644Z]   [SKIPPED - not supplement] "Designer Brands Fragrance Scandalous" | product_type: "Beauty Accessories"
[2026-04-29T04:29:38.644Z]   [SKIPPED - not supplement] "Designer Brands Fragrance Miss Delicate" | product_type: "Beauty Accessories"
[2026-04-29T04:29:38.644Z]   [SKIPPED - not supplement] "Designer Brands Fragrance Courageous" | product_type: "Beauty Accessories"
[2026-04-29T04:29:38.645Z]   [SKIPPED - not supplement] "Designer Brands Fragrance Intense" | product_type: "Beauty Accessories"
[2026-04-29T04:29:38.645Z]   [SKIPPED - not supplement] "Designer Brands Fragrance Flower" | product_type: "Beauty Accessories"
[2026-04-29T04:29:38.645Z]   [SKIPPED - not supplement] "Prada Candy L'Eau EDT 50ml for Women" | product_type: "Beauty Accessories"
[2026-04-29T04:29:38.646Z]   [SKIPPED - not supplement] "Mont Blanc Legend Mens Cologne Eau De Toilette 200ml" | product_type: "Beauty Accessories"
[2026-04-29T04:29:38.646Z]   [SKIPPED - not supplement] "Michael Buble By Invitation EDP 100ml for Women" | product_type: "Beauty Accessories"
[2026-04-29T04:29:38.646Z]   [SKIPPED - not supplement] "Estee Lauder Beautiful EDP 75ml for Women" | product_type: "Beauty Accessories"
[2026-04-29T04:29:38.647Z]   [SKIPPED - not supplement] "MAE Elastic Hair Tie Metallic Twist x3" | product_type: "Beauty Accessories"
[2026-04-29T04:29:38.647Z]   [SKIPPED - not supplement] "Revlon Face Volcanic Roller" | product_type: "Beauty Accessories"
[2026-04-29T04:29:38.648Z]   [SKIPPED - not supplement] "Swisspers Cotton Wool Balls 160 pack" | product_type: "Beauty Accessories"
[2026-04-29T04:29:38.649Z]   [SKIPPED - not supplement] "Vanish Gold Pro OxiAction Powder 2kg" | product_type: "Household"
[2026-04-29T04:29:38.650Z]   [SKIPPED - not supplement] "CK EUPHORIA Blossom LADIES EDT 30ml" | product_type: "Beauty Accessories"
[2026-04-29T04:29:38.650Z]   [SKIPPED - not supplement] "BRITNEY SPEARS FESTIVE FANTASY 30ML EDT" | product_type: "Beauty Accessories"
[2026-04-29T04:29:38.650Z]   [SKIPPED - not supplement] "Agent Provocateur Signature EDP 100ml" | product_type: "Beauty Accessories"
[2026-04-29T04:29:38.651Z]   [SKIPPED - not supplement] "Simply Essential 21-9000 Crystal Gua Sha Rose Quartz" | product_type: "Beauty Accessories"
[2026-04-29T04:29:38.652Z]   [SKIPPED - not supplement] "Vera Wang Princess 100ml" | product_type: "Beauty Accessories"
[2026-04-29T04:29:38.652Z]   [SKIPPED - no category] "Oil Garden Deep Connection Massage Oil 100ml" | product_type: "Lifestyle & Wellness" | tags: BRAND=Oil Garden,CAT=Essential Oils,CAT=Hand & Body,Clearance,enable-bis
[2026-04-29T04:29:38.653Z]   [SKIPPED - not supplement] "GUERLAIN La Petite Robe Noire 4x5ml" | product_type: "Beauty Accessories"
[2026-04-29T04:29:38.657Z]   [SKIPPED - not supplement] "Amor Amor EdT Spray 30ml" | product_type: "Beauty Accessories"
[2026-04-29T04:29:38.658Z]   [SKIPPED - not supplement] "1000HOUR Skin Exfoliating Wand" | product_type: "Beauty Accessories"
[2026-04-29T04:29:38.658Z]   [SKIPPED - not supplement] "1000HOUR Facial Cleansing Brush Duo" | product_type: "Beauty Accessories"
[2026-04-29T04:29:38.659Z]   [SKIPPED - not supplement] "CALA Studio Master Deluxe Powder Brush" | product_type: "Beauty Accessories"
[2026-04-29T04:29:38.659Z]   [SKIPPED - no category] "DUREX Play Massage 2n1 Sensual Gel 200ml  Ylang Ylang" | product_type: "Health & Wellbeing" | tags: coll_PriceSmash,enable-bis,MCAT=Body & Personal Care
[2026-04-29T04:29:38.660Z]   [SKIPPED - not supplement] "Manicare NOVA FIT® Face Massager" | product_type: "Beauty Accessories"
[2026-04-29T04:29:38.660Z]   [SKIPPED - not supplement] "TLC Black Basics - Mirror Pouch" | product_type: "Beauty Accessories"
[2026-04-29T04:29:38.661Z]   [SKIPPED - not supplement] "TLC Black Basics - Double Zip Holdall" | product_type: "Beauty Accessories"
[2026-04-29T04:29:38.662Z]   [SKIPPED - not supplement] "DB Glowing Brush Set 8pk" | product_type: "Beauty Accessories"
[2026-04-29T04:29:38.662Z]   [SKIPPED - not supplement] "BURBERRY Touch M EDT 100ml" | product_type: "Beauty Accessories"
[2026-04-29T04:29:38.662Z]   [SKIPPED - not supplement] "Anais Anais 50mL EDT L" | product_type: "Beauty Accessories"
[2026-04-29T04:29:39.175Z]   Page 36...
[2026-04-29T04:29:39.921Z]   [SKIPPED - not supplement] "JOOP Homme EDT Spray 125ml" | product_type: "Beauty Accessories"
[2026-04-29T04:29:39.922Z]   [SKIPPED - not supplement] "Tangle Teezer Ultimate Styler Black" | product_type: "Beauty Accessories"
[2026-04-29T04:29:39.924Z]   [SKIPPED - not supplement] "TANGLE Teezer Wet Detangler Lilac" | product_type: "Beauty Accessories"
[2026-04-29T04:29:39.927Z]   [SKIPPED - no category] "Sally Hansen Cuticle Massage Cream" | product_type: "Cosmetics" | tags: BRAND=Sally Hansen,CAT= Dr. O and Sally Hans - BF,CAT=Skin Care,enable-bis,MCAT=Beauty
[2026-04-29T04:29:39.929Z]   [SKIPPED - not supplement] "Versace Bright Crystal Absolu EDP 90ml" | product_type: "Beauty Accessories"
[2026-04-29T04:29:39.929Z]   [SKIPPED - not supplement] "Victoria’s Secret Bombshell Paris EDP Spray 50ml" | product_type: "Beauty Accessories"
[2026-04-29T04:29:39.930Z]   [SKIPPED - not supplement] "Victoria’s Secret Tease EDP Spray 50ml" | product_type: "Beauty Accessories"
[2026-04-29T04:29:39.930Z]   [SKIPPED - not supplement] "Versace Pour Femme Dylan Turquoise EDT 100ml" | product_type: "Beauty Accessories"
[2026-04-29T04:29:39.930Z]   [SKIPPED - not supplement] "Versace Pour Femme Dylan Turquoise EDT 50ml" | product_type: "Beauty Accessories"
[2026-04-29T04:29:39.931Z]   [SKIPPED - not supplement] "Guess Dare Homme EDT Spray 100ml" | product_type: "Beauty Accessories"
[2026-04-29T04:29:39.931Z]   [SKIPPED - not supplement] "GUESS 1981 Indigo Men EDT 100ml" | product_type: "Beauty Accessories"
[2026-04-29T04:29:39.931Z]   [SKIPPED - not supplement] "CK Man EDT Spray 100ml" | product_type: "Beauty Accessories"
[2026-04-29T04:29:39.931Z]   [SKIPPED - not supplement] "Guess Man EDT Spray 75ml" | product_type: "Beauty Accessories"
[2026-04-29T04:29:39.932Z]   [SKIPPED - not supplement] "CK Euphoria Men After Shave 100ml" | product_type: "Beauty Accessories"
[2026-04-29T04:29:39.932Z]   [SKIPPED - not supplement] "GUESS Marciano Man EDT 100ml" | product_type: "Beauty Accessories"
[2026-04-29T04:29:39.932Z]   [SKIPPED - not supplement] "Calvin Klein Reveal Men EDT 30ml" | product_type: "Beauty Accessories"
[2026-04-29T04:29:39.933Z]   [SKIPPED - not supplement] "Wet n Wild Contour Brush" | product_type: "Beauty Accessories"
[2026-04-29T04:29:39.933Z]   [SKIPPED - not supplement] "Wet n Wild Foundation Brush" | product_type: "Beauty Accessories"
[2026-04-29T04:29:39.933Z]   [SKIPPED - not supplement] "Wet n Wild Powder Brush" | product_type: "Beauty Accessories"
[2026-04-29T04:29:39.933Z]   [SKIPPED - not supplement] "Wet n Wild Angled Eye Liner Brush" | product_type: "Beauty Accessories"
[2026-04-29T04:29:39.934Z]   [SKIPPED - not supplement] "Wet n Wild Flat Top Brush" | product_type: "Beauty Accessories"
[2026-04-29T04:29:39.934Z]   [SKIPPED - not supplement] "Mae Brush Ionised Thermal Radial Black 33mm" | product_type: "Beauty Accessories"
[2026-04-29T04:29:39.935Z]   [SKIPPED - not supplement] "Mini By Mae Elastics Large Thin Brights (20)" | product_type: "Beauty Accessories"
[2026-04-29T04:29:39.935Z]   [SKIPPED - not supplement] "Bambino Mio Miosolo All-In-One Cloth Nappy 'Giraffe Jamboree'" | product_type: "Other Pharmacy & Clothing"
[2026-04-29T04:29:39.936Z]   [SKIPPED - not supplement] "Manicare Sonic Mini Facial Cleanser" | product_type: "Beauty Accessories"
[2026-04-29T04:29:39.936Z]   [SKIPPED - not supplement] "CK Euphoria Women EDP Spray 50ml" | product_type: "Beauty Accessories"
[2026-04-29T04:29:39.936Z]   [SKIPPED - not supplement] "Juicy Couture Viva La Juicy EDP Spray 30ml" | product_type: "Beauty Accessories"
[2026-04-29T04:29:39.937Z]   [SKIPPED - not supplement] "CALVIN KLEIN FRAGRANCES Calvin Klein Beauty Eau de Parfum 100 ML" | product_type: "Beauty Accessories"
[2026-04-29T04:29:39.937Z]   [SKIPPED - not supplement] "Guess Gold Womens EDP 75ml" | product_type: "Beauty Accessories"
[2026-04-29T04:29:39.937Z]   [SKIPPED - not supplement] "Guess Girl Belle EDT Spray 100ml" | product_type: "Beauty Accessories"
[2026-04-29T04:29:39.938Z]   [SKIPPED - not supplement] "CK Eternity Moment EDP Spray 100ml" | product_type: "Beauty Accessories"
[2026-04-29T04:29:39.938Z]   [SKIPPED - not supplement] "Ted Baker Woman Eau de Toilette Spray 75ml" | product_type: "Beauty Accessories"
[2026-04-29T04:29:39.938Z]   [SKIPPED - not supplement] "CK All EDT Spray 100ml" | product_type: "Beauty Accessories"
[2026-04-29T04:29:39.938Z]   [SKIPPED - not supplement] "Calvin Klein Euphoria Intense EDP 100 ML" | product_type: "Beauty Accessories"
[2026-04-29T04:29:39.939Z]   [SKIPPED - not supplement] "Guess Dare Woman EDT Spray 100ml" | product_type: "Beauty Accessories"
[2026-04-29T04:29:39.939Z]   [SKIPPED - not supplement] "Swisspers Reusable Eco Cleansing Pads 4 Pack" | product_type: "Beauty Accessories"
[2026-04-29T04:29:40.451Z]   Page 37...
[2026-04-29T04:29:41.424Z]   [SKIPPED - not supplement] "Garnier Pure Active Intensive Charcoal 3-in-1 Wash 150 mL" | product_type: "Beauty Accessories"
[2026-04-29T04:29:41.425Z]   [SKIPPED - not supplement] "KISS Nail Tattoos" | product_type: "Cosmetics"
[2026-04-29T04:29:41.425Z]   [SKIPPED - not supplement] "MCoBeauty Grooming Set 15 Piece" | product_type: "Beauty Accessories"
[2026-04-29T04:29:41.426Z]   [SKIPPED - not supplement] "CareSens N Premier Blood Glucose Meters" | product_type: "Health Equipment"
[2026-04-29T04:29:41.426Z]   [SKIPPED - not supplement] "Versace Eros Pour Femme EDP 50ml" | product_type: "Beauty Accessories"
[2026-04-29T04:29:41.427Z]   [SKIPPED - not supplement] "Versace Eros Pour Femme EDP 100ml for Women" | product_type: "Beauty Accessories"
[2026-04-29T04:29:41.429Z]   [SKIPPED - not supplement] "b.box Drink Bottle Blue Slate" | product_type: "Baby"
[2026-04-29T04:29:41.429Z]   [SKIPPED - not supplement] "MAE Combo Pack Elastic & Clip Navy" | product_type: "Beauty Accessories"
[2026-04-29T04:29:41.430Z]   [SKIPPED - not supplement] "EarSense F492-2 10mm Gold Hoop" | product_type: "Beauty Accessories"
[2026-04-29T04:29:41.430Z]   [SKIPPED - not supplement] "EarSense WPE-8 8mm Pearl Stud" | product_type: "Beauty Accessories"
[2026-04-29T04:29:41.431Z]   [SKIPPED - not supplement] "Versace The Dreamer EDT Spray 100ml" | product_type: "Beauty Accessories"
[2026-04-29T04:29:41.431Z]   [SKIPPED - not supplement] "Giorgio Armani Si Passione Eau De Parfum 100ml" | product_type: "Beauty Accessories"
[2026-04-29T04:29:41.431Z]   [SKIPPED - not supplement] "J'adore EDP Natural Spray 50ml" | product_type: "Beauty Accessories"
[2026-04-29T04:29:41.432Z]   [SKIPPED - not supplement] "Versace Yellow Diamond EDT Spray 50ml" | product_type: "Beauty Accessories"
[2026-04-29T04:29:41.432Z]   [SKIPPED - not supplement] "Wet n Wild Dual Pencil Sharpener" | product_type: "Cosmetics"
[2026-04-29T04:29:41.433Z]   [SKIPPED - not supplement] "CK One Gold EDT 100ml" | product_type: "Beauty Accessories"
[2026-04-29T04:29:41.433Z]   [SKIPPED - not supplement] "Pigeon Milk Powder Container 3 Tier → Pigeon Milk Powder Container 3-Tier" | product_type: "Baby"
[2026-04-29T04:29:41.434Z]   [SKIPPED - not supplement] "b.box Drink Bottle Indigo Rose" | product_type: "Baby"
[2026-04-29T04:29:41.435Z]   [SKIPPED - not supplement] "Mae. Velcro Rollers Jumbo 3 Pack" | product_type: "Beauty Accessories"
[2026-04-29T04:29:41.435Z]   [SKIPPED - not supplement] "Mae. Bobby Pins Contour 5cm Black 60 Pack" | product_type: "Beauty Accessories"
[2026-04-29T04:29:41.436Z]   [SKIPPED - not supplement] "Pigeon Flexible Peristaltic Slim Neck Teat Size L 2 Pack" | product_type: "Baby"
[2026-04-29T04:29:41.436Z]   [SKIPPED - not supplement] "Barrette Concave Gold" | product_type: "Beauty Accessories"
[2026-04-29T04:29:41.436Z]   [SKIPPED - not supplement] "Mae. Velcro Rollers Large 5 Pack" | product_type: "Beauty Accessories"
[2026-04-29T04:29:41.437Z]   [SKIPPED - not supplement] "Mae. Slumber Nets Black 2 Pack" | product_type: "Beauty Accessories"
[2026-04-29T04:29:41.437Z]   [SKIPPED - not supplement] "Elizabeth Arden Provocative Woman 100ml" | product_type: "Beauty Accessories"
[2026-04-29T04:29:41.437Z]   [SKIPPED - not supplement] "Globite Outbound Europe Travel Adapter" | product_type: "Other Pharmacy & Clothing"
[2026-04-29T04:29:41.438Z]   [SKIPPED - not supplement] "Revlon Face Defuzzers" | product_type: "Beauty Accessories"
[2026-04-29T04:29:41.439Z]   [SKIPPED - not supplement] "Bambino MioFresh Nappy Cleanser Tub 750g" | product_type: "Other Pharmacy & Clothing"
[2026-04-29T04:29:41.440Z]   [SKIPPED - not supplement] "Bambino Mio Swim Nappy Lemon Twist (6-12 months)" | product_type: "Other Pharmacy & Clothing"
[2026-04-29T04:29:41.440Z]   [SKIPPED - not supplement] "b.box Sippy Cup V2 Raspberry 240ml" | product_type: "Baby"
[2026-04-29T04:29:41.441Z]   [SKIPPED - not supplement] "MARC JACOBS FRAGRANCES Daisy Dream Eau de Toilette Spray 30 ML" | product_type: "Beauty Accessories"
[2026-04-29T04:29:41.441Z]   [SKIPPED - not supplement] "Calvin Klein Euphoria for Women EDP 100 ML" | product_type: "Beauty Accessories"
[2026-04-29T04:29:41.442Z]   [SKIPPED - not supplement] "EA Viva La Juicy EDP Spray 100ml" | product_type: "Beauty Accessories"
[2026-04-29T04:29:41.442Z]   [SKIPPED - not supplement] "EA Pretty EDP Spray 100ml" | product_type: "Beauty Accessories"
[2026-04-29T04:29:41.442Z]   [SKIPPED - not supplement] "EA Giorgio EDT Spray 90ml" | product_type: "Beauty Accessories"
[2026-04-29T04:29:41.444Z]   [SKIPPED - not supplement] "Calvin Klein CK Be Eau de Toilette Spray 200 mL" | product_type: "Beauty Accessories"
[2026-04-29T04:29:41.949Z]   Page 38...
[2026-04-29T04:29:42.569Z]   [SKIPPED - not supplement] "Issey Miyake L'Eau d'Issey Natural Spray EDT 50ml for Women" | product_type: "Beauty Accessories"
[2026-04-29T04:29:42.571Z]   [SKIPPED - not supplement] "Mae. Hair Pins 5cm Brown 62 Pack" | product_type: "Beauty Accessories"
[2026-04-29T04:29:42.572Z]   [SKIPPED - not supplement] "Dolce & Gabbana K EDT 100ml for Men" | product_type: "Beauty Accessories"
[2026-04-29T04:29:42.573Z]   [SKIPPED - not supplement] "b.box Insulated Drink Bottle Ocean Breeze" | product_type: "Baby"
[2026-04-29T04:29:42.573Z]   [SKIPPED - no category] "SKYN Sensual Touch Massage Gel 200mL" | product_type: "Health & Wellbeing" | tags: BRAND=SKYN,CAT=Sexual Health & Family Planning,Category: Health & Beauty,coll_PriceSmash,enable-bis
[2026-04-29T04:29:42.574Z]   [SKIPPED - not supplement] "Natio Complex Foundation Sponge Tulip" | product_type: "Beauty Accessories"
[2026-04-29T04:29:42.575Z]   [SKIPPED - not supplement] "Euky Bear Sweet Dreams Sleep Aid 100 mL" | product_type: "Health & Wellbeing"
[2026-04-29T04:29:42.578Z]   [SKIPPED - not supplement] "Davidoff Hot Water EDT 110ml for Men" | product_type: "Beauty Accessories"
[2026-04-29T04:29:42.581Z]   [SKIPPED - not supplement] "HB & Co. Cotton Buds Wooden 200 Pack" | product_type: "Beauty Accessories"
[2026-04-29T04:29:42.582Z]   [SKIPPED - not supplement] "Davidoff Cool Water for Women Eau de Toilette 100ml Spray" | product_type: "Beauty Accessories"
[2026-04-29T04:29:42.583Z]   [SKIPPED - not supplement] "Issey Miyake L’Eau d’Issey Natural Spray Perfume for Women EDT 100ml" | product_type: "Beauty Accessories"
[2026-04-29T04:29:42.583Z]   [SKIPPED - not supplement] "Lee Stafford Shampoo & Scalp Brush" | product_type: "Beauty Accessories"
[2026-04-29T04:29:43.099Z]   Page 39...
[2026-04-29T04:29:43.947Z]   [SKIPPED - not supplement] "Jennifer Lopez Still 100ml EDP" | product_type: "Beauty Accessories"
[2026-04-29T04:29:43.948Z]   [SKIPPED - not supplement] "Versace Pour Homme Mens Cologne 100ml" | product_type: "Beauty Accessories"
[2026-04-29T04:29:43.948Z]   [SKIPPED - not supplement] "Nautica Voyage Heritage 100ml" | product_type: "Beauty Accessories"
[2026-04-29T04:29:43.949Z]   [SKIPPED - not supplement] "Mae Springcomb Headband Black" | product_type: "Beauty Accessories"
[2026-04-29T04:29:43.950Z]   [SKIPPED - not supplement] "Libre Eau De Parfum 50Ml" | product_type: "Beauty Accessories"
[2026-04-29T04:29:43.950Z]   [SKIPPED - not supplement] "Guess Girl EDT 100ml for Women" | product_type: "Beauty Accessories"
[2026-04-29T04:29:43.951Z]   [SKIPPED - not supplement] "Narciso Ambree Neroli EDT 50ml" | product_type: "Beauty Accessories"
[2026-04-29T04:29:43.951Z]   [SKIPPED - not supplement] "Davidoff Cool Water For Woman EDT 200ml" | product_type: "Beauty Accessories"
[2026-04-29T04:29:43.951Z]   [SKIPPED - not supplement] "Narciso Ambree EDP Spray 90ml" | product_type: "Beauty Accessories"
[2026-04-29T04:29:43.952Z]   [SKIPPED - not supplement] "Dolce & Gabbana K EDT 150ml for Men" | product_type: "Beauty Accessories"
[2026-04-29T04:29:43.953Z]   [SKIPPED - not supplement] "Mon Paris Eau de Parfum 90ml" | product_type: "Beauty Accessories"
[2026-04-29T04:29:43.954Z]   [SKIPPED - not supplement] "Mae. Brush Essential Oval Pad Small" | product_type: "Beauty Accessories"
[2026-04-29T04:29:43.954Z]   [SKIPPED - not supplement] "Dolce & Gabbana Intenso Eau De Parfum for Men 125ml" | product_type: "Beauty Accessories"
[2026-04-29T04:29:43.955Z]   [SKIPPED - not supplement] "Versace Dylan Blue Por Homme Cologne EDT 100ml" | product_type: "Beauty Accessories"
[2026-04-29T04:29:43.956Z]   [SKIPPED - not supplement] "Natio Double-Ended Contour Brush" | product_type: "Beauty Accessories"
[2026-04-29T04:29:43.956Z]   [SKIPPED - not supplement] "Paco Rabanne 1 Million Mens Cologne 100ml" | product_type: "Beauty Accessories"
[2026-04-29T04:29:43.957Z]   [SKIPPED - not supplement] "Armani Si Eau De Parfum 100ml" | product_type: "Beauty Accessories"
[2026-04-29T04:29:43.957Z]   [SKIPPED - not supplement] "Calvin Klein CK One Eau de Toilette Spray 200 ML" | product_type: "Beauty Accessories"
[2026-04-29T04:29:43.958Z]   [SKIPPED - not supplement] "Guess Marciano EDP 100ml" | product_type: "Beauty Accessories"
[2026-04-29T04:29:43.959Z]   [SKIPPED - not supplement] "Revlon Colorstay Gel Envy™ Nail Enamel Diamond Top Coat" | product_type: "Beauty Accessories"
[2026-04-29T04:29:43.960Z]   [SKIPPED - not supplement] "Davidoff Cool Water Cologne Eau De Toilette For Men 125ml" | product_type: "Beauty Accessories"
[2026-04-29T04:29:43.962Z]   [SKIPPED - not supplement] "Natio Kabuki Brush" | product_type: "Beauty Accessories"
[2026-04-29T04:29:44.469Z]   Page 40...
[2026-04-29T04:29:45.292Z]   [SKIPPED - not supplement] "Elizabeth Arden Red Door EDT 100ml for Women" | product_type: "Beauty Accessories"
[2026-04-29T04:29:45.294Z]   [SKIPPED - not supplement] "CARESENS Blood Glucose Test Strips For N Type Meters" | product_type: "Health Equipment"
[2026-04-29T04:29:45.294Z]   [SKIPPED - not supplement] "Hugo Boss HUGO XY EDT 100ml for Men" | product_type: "Beauty Accessories"
[2026-04-29T04:29:45.294Z]   [SKIPPED - not supplement] "Elizabeth Arden Sunflowers Eau de Toilette Spray 100 mL" | product_type: "Beauty Accessories"
[2026-04-29T04:29:45.295Z]   [SKIPPED - not supplement] "POLO Black EDT Spray 125ml" | product_type: "Beauty Accessories"
[2026-04-29T04:29:45.295Z]   [SKIPPED - not supplement] "Elizabeth Arden True Love EDT 100ml" | product_type: "Beauty Accessories"
[2026-04-29T04:29:45.296Z]   [SKIPPED - not supplement] "Mae Elastics Soft Ponytailers Brown 10 Pack" | product_type: "Beauty Accessories"
[2026-04-29T04:29:45.297Z]   [SKIPPED - not supplement] "Mae Elastics Soft Ponytailers Black 10 Pack" | product_type: "Beauty Accessories"
[2026-04-29T04:29:45.297Z]   [SKIPPED - not supplement] "Simply Essential Makeup Remover Rounds 2 Pack" | product_type: "Beauty Accessories"
[2026-04-29T04:29:45.297Z]   [SKIPPED - not supplement] "Simply Essential Makeup Remover Cloths 2 Pack" | product_type: "Beauty Accessories"
[2026-04-29T04:29:45.298Z]   [SKIPPED - not supplement] "Elastics Polybands Brown/Blonde 100 Pack" | product_type: "Beauty Accessories"
[2026-04-29T04:29:45.298Z]   [SKIPPED - not supplement] "Avent 3-in-1 Electric Baby Bottle Steamer & Steriliser" | product_type: "Baby"
[2026-04-29T04:29:45.299Z]   [SKIPPED - not supplement] "Elizabeth Arden 5th Avenue EDP 125ml for Women" | product_type: "Beauty Accessories"
[2026-04-29T04:29:45.299Z]   [SKIPPED - not supplement] "Truyu Slant Tip + Mint Tweezer" | product_type: "Beauty Accessories"
[2026-04-29T04:29:45.301Z]   [SKIPPED - not supplement] "REAL Tech. Everyday Essentials" | product_type: "Beauty Accessories"
[2026-04-29T04:29:45.302Z]   [SKIPPED - no category] "Optimum Nutrition Amino Energy Sparkling Juicy Strawberry 355ml" | product_type: "Health & Wellbeing" | tags: enable-bis
[2026-04-29T04:29:45.303Z]   [SKIPPED - no category] "Optimum Nutrition Amino Energy Sparkling Orange 355ml" | product_type: "Health & Wellbeing" | tags: enable-bis
[2026-04-29T04:29:45.303Z]   [SKIPPED - no category] "Optimum Nutrition Amino Energy Sparkling Mango Pineapple Limeade 355ml" | product_type: "Health & Wellbeing" | tags: enable-bis
[2026-04-29T04:29:45.304Z]   [SKIPPED - no category] "Optimum Nutrition Amino Energy Sparkling Watermelon 355ml" | product_type: "Health & Wellbeing" | tags: enable-bis
[2026-04-29T04:29:45.304Z]   [SKIPPED - not supplement] "Surgipack Gloves Cotton Reg H/Hands Large" | product_type: "Health Equipment"
[2026-04-29T04:29:45.305Z]   [SKIPPED - not supplement] "Surgipack Cotton Gloves Small" | product_type: "Health Equipment"
[2026-04-29T04:29:45.305Z]   [SKIPPED - not supplement] "Lansinoh Breastmilk Storage Bags 25's" | product_type: "Baby"
[2026-04-29T04:29:45.306Z]   [SKIPPED - not supplement] "Bambino Mio Swim Nappy Radiant Ray (0-6 months)" | product_type: "Other Pharmacy & Clothing"
[2026-04-29T04:29:45.307Z]   [SKIPPED - not supplement] "DYLON Hand Wash Fabric Dye Intense Black 50g" | product_type: "Other Pharmacy & Clothing"
[2026-04-29T04:29:45.308Z]   [SKIPPED - not supplement] "Swisspers Absorbent Nursing Pads 20 Pack" | product_type: "Baby"
[2026-04-29T04:29:45.308Z]   [SKIPPED - not supplement] "Surgipack Cotton Gloves" | product_type: "Health Equipment"
[2026-04-29T04:29:45.819Z]   Page 41...
[2026-04-29T04:29:46.573Z]   [SKIPPED - not supplement] "EarSense FA632S Silver Cubic Zirconia Trio 4 5 & 6mm" | product_type: "Beauty Accessories"
[2026-04-29T04:29:46.574Z]   [SKIPPED - not supplement] "Elizabeth Arden Mediterranean Eau de Parfum 100 mL for Women" | product_type: "Beauty Accessories"
[2026-04-29T04:29:46.574Z]   [SKIPPED - not supplement] "Juicy Couture Viva La Juicy Noir EDP 100ml for Women" | product_type: "Beauty Accessories"
[2026-04-29T04:29:46.575Z]   [SKIPPED - not supplement] "Elizabeth Taylor White Diamonds EDT 100ml for Women" | product_type: "Beauty Accessories"
[2026-04-29T04:29:46.575Z]   [SKIPPED - not supplement] "Britney Spears Curious Eau de Parfum 30 mL for Women" | product_type: "Beauty Accessories"
[2026-04-29T04:29:46.575Z]   [SKIPPED - not supplement] "Juicy Couture Viva La Juicy Rose EDP 30ml for Women" | product_type: "Beauty Accessories"
[2026-04-29T04:29:46.575Z]   [SKIPPED - not supplement] "Juicy Couture Viva La Juicy Rose EDP 100ml for Women" | product_type: "Beauty Accessories"
[2026-04-29T04:29:46.576Z]   [SKIPPED - no category] "Optimum Nutrition Amino Energy + Electrolytes Sparkling Blue Lemonade 355ml" | product_type: "Health & Wellbeing" | tags: BRAND=Optimum Nutrition,CAT=Sports Nutrition,enable-bis,MCAT=Lifestyle & Wellness,SUBCAT=Hydration Drinks
[2026-04-29T04:29:46.576Z]   [SKIPPED - not supplement] "Bondi Blades Dermaplaning Blades 3 Pack" | product_type: "Beauty Accessories"
[2026-04-29T04:29:46.578Z]   [SKIPPED - not supplement] "Avent 4 -in-1 Baby Food Maker & Blender" | product_type: "Baby"
[2026-04-29T04:29:46.578Z]   [SKIPPED - not supplement] "EarSense F390 Gold & Silver Teardrop French Hook" | product_type: "Beauty Accessories"
[2026-04-29T04:29:46.581Z]   [SKIPPED - not supplement] "Truyu Tweezer Triple Set" | product_type: "Beauty Accessories"
[2026-04-29T04:29:46.582Z]   [SKIPPED - not supplement] "Truyu Curl Wonder" | product_type: "Beauty Accessories"
[2026-04-29T04:29:46.583Z]   [SKIPPED - not supplement] "Truyu Toenail Nippers" | product_type: "Beauty Accessories"
[2026-04-29T04:29:46.584Z]   [SKIPPED - not supplement] "TLC Break Wave Flat Pouch" | product_type: "Beauty Accessories"
[2026-04-29T04:29:46.584Z]   [SKIPPED - not supplement] "Tangle Teezer Easy Dry & Go Brush Sweet Pea" | product_type: "Beauty Accessories"
[2026-04-29T04:29:46.585Z]   [SKIPPED - not supplement] "Tangle Teezer Easy Dry & Go Brush Pale Pink" | product_type: "Beauty Accessories"
[2026-04-29T04:29:46.585Z]   [SKIPPED - not supplement] "Tangle Teezer Easy Dry & Go Brush Cerise" | product_type: "Beauty Accessories"
[2026-04-29T04:29:46.585Z]   [SKIPPED - not supplement] "Tangle Teezer Easy Dry & Go Vented Hairbrush Jet Black" | product_type: "Beauty Accessories"
[2026-04-29T04:29:46.585Z]   [SKIPPED - not supplement] "Tangle Teezer Thick & Curly Azure Blue" | product_type: "Beauty Accessories"
[2026-04-29T04:29:46.586Z]   [SKIPPED - not supplement] "Tangle Teezer The Round Tool Small" | product_type: "Beauty Accessories"
[2026-04-29T04:29:46.586Z]   [SKIPPED - not supplement] "Tangle Teezer The Smoothing Tool Black Half" | product_type: "Beauty Accessories"
[2026-04-29T04:29:46.587Z]   [SKIPPED - not supplement] "Revlon Skin Reviving Roller" | product_type: "Beauty Accessories"
[2026-04-29T04:29:46.588Z]   [SKIPPED - not supplement] "Simply Essential SE-102 3D Silicone Blending Sponge" | product_type: "Beauty Accessories"
[2026-04-29T04:29:46.588Z]   [SKIPPED - not supplement] "Simply Essential Hair Cutting Scissors" | product_type: "Beauty Accessories"
[2026-04-29T04:29:46.588Z]   [SKIPPED - not supplement] "SIMPLY Essential Disposable Mascara Wand x20" | product_type: "Beauty Accessories"
[2026-04-29T04:29:46.588Z]   [SKIPPED - not supplement] "Simply Essential ProNail Shaper Diamond Medium" | product_type: "Beauty Accessories"
[2026-04-29T04:29:46.589Z]   [SKIPPED - not supplement] "Simply Essential 20-2006 Makeup Remover Rounds 2" | product_type: "Beauty Accessories"
[2026-04-29T04:29:46.589Z]   [SKIPPED - not supplement] "SIMPLY ESSENTIAL FOGLESS BATHROOM MIRROR WITH HOOK" | product_type: "Beauty Accessories"
[2026-04-29T04:29:47.092Z]   Page 42...
[2026-04-29T04:29:47.816Z]   [SKIPPED - no category] "Palmer's Cocoa Butter Massage Cream for Stretch Marks 125g" | product_type: "Skin Care" | tags: 10% off store wide,BRAND=Palmer's,CAT=Body Treatments,Category: Health & Beauty,coll_PriceSmash
[2026-04-29T04:29:47.819Z]   [SKIPPED - not supplement] "Neat Feat Shoe Deodouriser Spray-On 125ml" | product_type: "Personal Care"
[2026-04-29T04:29:47.819Z]   [SKIPPED - not supplement] "Neat Feat Ladies 3/4 Active Fit Medium" | product_type: "Personal Care"
[2026-04-29T04:29:47.819Z]   [SKIPPED - not supplement] "Neat Feat Ladies 3/4 Active Fit Large" | product_type: "Personal Care"
[2026-04-29T04:29:47.820Z]   [SKIPPED - no category] "Neat Feat Energy Massage Gel Insole Mens" | product_type: "Personal Care" | tags: BRAND=Neat Feat,CAT=Foot Care,enable-bis,MCAT=Body & Personal Care,SUBCAT=Orthotics & Insoles
[2026-04-29T04:29:47.820Z]   [SKIPPED - no category] "Neat Feat Energy Massage Gel Insole Women" | product_type: "Personal Care" | tags: BRAND=Neat Feat,CAT=Foot Care,enable-bis,MCAT=Body & Personal Care,SUBCAT=Orthotics & Insoles
[2026-04-29T04:29:47.823Z]   [SKIPPED - not supplement] "Maseur Footcare Sneaker Wipes 20 Pack" | product_type: "Other Pharmacy & Clothing"
[2026-04-29T04:29:47.823Z]   [SKIPPED - not supplement] "Maseur Footcare Sneaker Whitener 75mL" | product_type: "Other Pharmacy & Clothing"
[2026-04-29T04:29:47.824Z]   [SKIPPED - not supplement] "Maseur Footcare Sneaker Stain Remover 120mL" | product_type: "Other Pharmacy & Clothing"
[2026-04-29T04:29:47.824Z]   [SKIPPED - not supplement] "Maseur Footcare Sneaker Foam Cleaner 150mL" | product_type: "Other Pharmacy & Clothing"
[2026-04-29T04:29:47.824Z]   [SKIPPED - not supplement] "Elastics Scrunchie Black And White Bow" | product_type: "Beauty Accessories"
[2026-04-29T04:29:47.825Z]   [SKIPPED - not supplement] "ADORN Pins Pearl (6)" | product_type: "Beauty Accessories"
[2026-04-29T04:29:47.825Z]   [SKIPPED - not supplement] "Barrette Slim Gold" | product_type: "Beauty Accessories"
[2026-04-29T04:29:47.825Z]   [SKIPPED - not supplement] "ADORN Slides Pearl And Diamante (4)" | product_type: "Beauty Accessories"
[2026-04-29T04:29:47.826Z]   [SKIPPED - not supplement] "Mini By Mae Headband Large Bow Apricot" | product_type: "Beauty Accessories"
[2026-04-29T04:29:47.826Z]   [SKIPPED - not supplement] "Mini By Mae Headband Soft Leopard" | product_type: "Beauty Accessories"
[2026-04-29T04:29:47.826Z]   [SKIPPED - not supplement] "Mini By Mae Headband Large Bow Navy" | product_type: "Beauty Accessories"
[2026-04-29T04:29:47.827Z]   [SKIPPED - not supplement] "Mini By Mae Elastic Scrunchie Butterfly Pink" | product_type: "Beauty Accessories"
[2026-04-29T04:29:47.827Z]   [SKIPPED - not supplement] "Mini By Mae MBM Elastic Scrunchie Tutu White" | product_type: "Beauty Accessories"
[2026-04-29T04:29:47.827Z]   [SKIPPED - not supplement] "Mini By Mae Elastic Scrunchie Butterfly White" | product_type: "Beauty Accessories"
[2026-04-29T04:29:47.827Z]   [SKIPPED - not supplement] "Mini By Mae Elastic Scrunchie Rainbow Frill" | product_type: "Beauty Accessories"
[2026-04-29T04:29:47.828Z]   [SKIPPED - not supplement] "Mini By Mae Elastic Scrunchie Gold Dot" | product_type: "Beauty Accessories"
[2026-04-29T04:29:47.828Z]   [SKIPPED - not supplement] "Mini By Mae One Touch Clips Shooting Star (2)" | product_type: "Beauty Accessories"
[2026-04-29T04:29:47.828Z]   [SKIPPED - not supplement] "Mini By Mae Alligator Clips Dusky Pink (2)" | product_type: "Beauty Accessories"
[2026-04-29T04:29:47.828Z]   [SKIPPED - not supplement] "Mini By Mae Alligator Clips Bow Green (2)" | product_type: "Beauty Accessories"
[2026-04-29T04:29:47.829Z]   [SKIPPED - not supplement] "Mini By Mae Hairbrush Mini Square" | product_type: "Beauty Accessories"
[2026-04-29T04:29:47.829Z]   [SKIPPED - not supplement] "Mini By Mae Brush Natural Bristle Baby" | product_type: "Beauty Accessories"
[2026-04-29T04:29:47.829Z]   [SKIPPED - not supplement] "MAE Elastic Hair tie Large Neutral 4" | product_type: "Beauty Accessories"
[2026-04-29T04:29:47.829Z]   [SKIPPED - not supplement] "MAE Elastic Hair Tyes Large Blue/Grey x4" | product_type: "Beauty Accessories"
[2026-04-29T04:29:47.830Z]   [SKIPPED - not supplement] "MAE 40-2259N Elast. XL Neutrals 4" | product_type: "Beauty Accessories"
[2026-04-29T04:29:47.830Z]   [SKIPPED - not supplement] "MAE Elastic Bungee Black 6" | product_type: "Beauty Accessories"
[2026-04-29T04:29:47.831Z]   [SKIPPED - not supplement] "Lee Stafford The Big In Shower Comb" | product_type: "Beauty Accessories"
[2026-04-29T04:29:47.831Z]   [SKIPPED - not supplement] "Lee Stafford The Backcomber" | product_type: "Beauty Accessories"
[2026-04-29T04:29:47.831Z]   [SKIPPED - not supplement] "Lee Stafford Smooth & Polish Paddle Brush" | product_type: "Beauty Accessories"
[2026-04-29T04:29:47.831Z]   [SKIPPED - not supplement] "Lee Stafford Hair Up Styling Brush" | product_type: "Beauty Accessories"
[2026-04-29T04:29:47.832Z]   [SKIPPED - not supplement] "Lee Stafford. Coco Loco Handbag Brush" | product_type: "Beauty Accessories"
[2026-04-29T04:29:47.832Z]   [SKIPPED - not supplement] "Lee Stafford Coco Loco Comb Out The Curl Brush" | product_type: "Beauty Accessories"
[2026-04-29T04:29:47.832Z]   [SKIPPED - not supplement] "Lee Stafford Blow Out Volumizing Brush" | product_type: "Beauty Accessories"
[2026-04-29T04:29:48.341Z]   Page 43...
[2026-04-29T04:29:48.962Z]   [SKIPPED - not supplement] "Globite Pegless Clothes Line" | product_type: "Other Pharmacy & Clothing"
[2026-04-29T04:29:48.962Z]   [SKIPPED - not supplement] "Globite Rain Poncho" | product_type: "Other Pharmacy & Clothing"
[2026-04-29T04:29:48.963Z]   [SKIPPED - not supplement] "Globite Travel Laundry Bag" | product_type: "Other Pharmacy & Clothing"
[2026-04-29T04:29:48.963Z]   [SKIPPED - not supplement] "Revlon Eyebrow Precision Shaper" | product_type: "Beauty Accessories"
[2026-04-29T04:29:48.965Z]   [SKIPPED - not supplement] "EarSense CH244 Silver Crystal Heart Stud" | product_type: "Beauty Accessories"
[2026-04-29T04:29:48.968Z]   [SKIPPED - no category] "Relief Dolphin Clinic Massage Oil 100ml" | product_type: "Health & Wellbeing" | tags: 10% off store wide,Bargains Best Price,BRAND=Dolphin Clinic,CAT=Essential Oils,enable-bis
[2026-04-29T04:29:48.968Z]   [SKIPPED - no category] "Lavender & Ylang Ylang Dolphin Clinic Massage Oil 200ml" | product_type: "Health & Wellbeing" | tags: Bargains Best Price,BRAND=Dolphin Clinic,CAT=Essential Oils,enable-bis,INGREDIENTS=Lavender
[2026-04-29T04:29:49.479Z]   Page 44...
[2026-04-29T04:29:50.226Z]   [SKIPPED - not supplement] "b.box Insulated Drink Bottle Replacement Straw Tops 2pack" | product_type: "Baby"
[2026-04-29T04:29:50.227Z]   [SKIPPED - not supplement] "Bambino Mio Swim Rash Top Violet S 0-6m" | product_type: "Other Pharmacy & Clothing"
[2026-04-29T04:29:50.228Z]   [SKIPPED - not supplement] "Bambino Mio Swim Rash Top Neon M 6-12m" | product_type: "Other Pharmacy & Clothing"
[2026-04-29T04:29:50.228Z]   [SKIPPED - not supplement] "BAMBINO MIO Solo Strawberry Cream" | product_type: "Other Pharmacy & Clothing"
[2026-04-29T04:29:50.229Z]   [SKIPPED - not supplement] "Bambino Mio Swim Nappy Pineapple Party (1-2 years old)" | product_type: "Other Pharmacy & Clothing"
[2026-04-29T04:29:50.229Z]   [SKIPPED - not supplement] "Bambino Mio Swim Nappy Neon Shark (0-6 months)" | product_type: "Other Pharmacy & Clothing"
[2026-04-29T04:29:50.229Z]   [SKIPPED - not supplement] "Bambino Mio Swim Nappy Mellow Melon (6-12 months)" | product_type: "Other Pharmacy & Clothing"
[2026-04-29T04:29:50.229Z]   [SKIPPED - not supplement] "Bambino Mio Swim Nappy Mellow Melon (1-2 years old)" | product_type: "Other Pharmacy & Clothing"
[2026-04-29T04:29:50.230Z]   [SKIPPED - not supplement] "Bambino Mio Swim Nappy Mellow Melon (0-6 months)" | product_type: "Other Pharmacy & Clothing"
[2026-04-29T04:29:50.230Z]   [SKIPPED - not supplement] "Bambino Mio Swim Nappy Lemon Twist (1-2 years old)" | product_type: "Other Pharmacy & Clothing"
[2026-04-29T04:29:50.230Z]   [SKIPPED - not supplement] "Bambino Mio Swim Nappy Electro Fish (0-6 months)" | product_type: "Other Pharmacy & Clothing"
[2026-04-29T04:29:50.230Z]   [SKIPPED - not supplement] "Bambino Mio Swim Nappy Cool Citrus (1-2 years old)" | product_type: "Other Pharmacy & Clothing"
[2026-04-29T04:29:50.231Z]   [SKIPPED - not supplement] "Bambino Mio Swim Nappy Cool Citrus (0-6months)" | product_type: "Other Pharmacy & Clothing"
[2026-04-29T04:29:50.234Z]   [SKIPPED - not supplement] "Alligator Clips Gold (4)" | product_type: "Beauty Accessories"
[2026-04-29T04:29:50.234Z]   [SKIPPED - not supplement] "BURBERRY MrB Indigo EDT 100ml" | product_type: "Beauty Accessories"
[2026-04-29T04:29:50.240Z]   [SKIPPED - not supplement] "Elizabeth Arden 5th Avenue EDP 75ml for Women" | product_type: "Beauty Accessories"
[2026-04-29T04:29:50.241Z]   [SKIPPED - not supplement] "Philips Avent Electric Baby Bottle Warmer" | product_type: "Baby"
[2026-04-29T04:29:50.241Z]   [SKIPPED - not supplement] "Yves Saint Laurent Black Opium Glowing EDT 90ml for Women" | product_type: "Beauty Accessories"
[2026-04-29T04:29:50.241Z]   [SKIPPED - not supplement] "HB&Co. Sewing Kit" | product_type: "Other Pharmacy & Clothing"
[2026-04-29T04:29:50.757Z]   Page 45...
[2026-04-29T04:29:51.537Z]   [SKIPPED - not supplement] "Stella McCartney Pop Bluebell EDP 100ml for Women" | product_type: "Beauty Accessories"
[2026-04-29T04:29:51.538Z]   [SKIPPED - not supplement] "Calvin Klein CK IN2U Him EDT 150ml" | product_type: "Beauty Accessories"
[2026-04-29T04:29:51.538Z]   [SKIPPED - not supplement] "KIWI Express Shine Sponge Neutral" | product_type: "Other Pharmacy & Clothing"
[2026-04-29T04:29:51.539Z]   [SKIPPED - not supplement] "KIWI Express Shine Sponge Black" | product_type: "Other Pharmacy & Clothing"
[2026-04-29T04:29:51.539Z]   [SKIPPED - not supplement] "b.box Drink Bottle Strawberry Shake" | product_type: "Baby"
[2026-04-29T04:29:51.540Z]   [SKIPPED - not supplement] "Calvin Klein Euphoria Men EDT 100ml" | product_type: "Beauty Accessories"
[2026-04-29T04:29:51.542Z]   [SKIPPED - no category] "SKYN Pulse Personal Massager Pack" | product_type: "Health & Wellbeing" | tags: adult toys,BRAND=SKYN,CAT=Sexual Health & Family Planning,Category: Health & Beauty,coll_PriceSmash
[2026-04-29T04:29:51.542Z]   [SKIPPED - not supplement] "CALA Studio Master Fan Brush" | product_type: "Beauty Accessories"
[2026-04-29T04:29:51.543Z]   [SKIPPED - not supplement] "Finishing Touch Flawless Salon Nails" | product_type: "Beauty Accessories"
[2026-04-29T04:29:51.543Z]   [SKIPPED - not supplement] "HB&Co. Lint Roller 60 Sheets" | product_type: "Household"
[2026-04-29T04:29:51.543Z]   [SKIPPED - not supplement] "HB&Co. Make Up Remover Cloth 2pk" | product_type: "Beauty Accessories"
[2026-04-29T04:29:51.543Z]   [SKIPPED - not supplement] "HB&Co. Lint Roller 60 Sheets (Refill) 2pk" | product_type: "Household"
[2026-04-29T04:29:51.544Z]   [SKIPPED - not supplement] "CALA Studio Master Angled Eyeshadow Brush" | product_type: "Beauty Accessories"
[2026-04-29T04:29:51.545Z]   [SKIPPED - not supplement] "HB&Co. Snag Free Hair Elastics 12pk" | product_type: "Beauty Accessories"
[2026-04-29T04:29:51.545Z]   [SKIPPED - not supplement] "CALA Studio Master Eyelash & Brow Groomer" | product_type: "Beauty Accessories"
[2026-04-29T04:29:51.546Z]   [SKIPPED - not supplement] "CALA Studio Master Tapered Eyeshadow Brush" | product_type: "Beauty Accessories"
[2026-04-29T04:29:51.546Z]   [SKIPPED - not supplement] "HB&Co. Kink-Free Hair Coils 3 Pack" | product_type: "Beauty Accessories"
[2026-04-29T04:29:51.546Z]   [SKIPPED - not supplement] "The Moseley Esquire Comb" | product_type: "Beauty Accessories"
[2026-04-29T04:29:51.547Z]   [SKIPPED - not supplement] "The Digbeth Pocket Comb" | product_type: "Beauty Accessories"
[2026-04-29T04:29:51.548Z]   [SKIPPED - not supplement] "The Harborne Vanity Comb" | product_type: "Beauty Accessories"
[2026-04-29T04:29:51.548Z]   [SKIPPED - not supplement] "The Newhall Flick Comb" | product_type: "Beauty Accessories"
[2026-04-29T04:29:51.548Z]   [SKIPPED - not supplement] "CALA Blending Brush" | product_type: "Beauty Accessories"
[2026-04-29T04:29:51.549Z]   [SKIPPED - not supplement] "CALA Lash Applicator Pink" | product_type: "Beauty Accessories"
[2026-04-29T04:29:51.549Z]   [SKIPPED - not supplement] "CALA Large Shading Brush" | product_type: "Beauty Accessories"
[2026-04-29T04:29:51.550Z]   [SKIPPED - not supplement] "Chicco Perfect 5 Physio Teat 6M+ Food Flow 2 Pack" | product_type: "Baby"
[2026-04-29T04:29:51.550Z]   [SKIPPED - not supplement] "Chicco Natural Feeling Teat 6M+ Fast Flow 2 Pack" | product_type: "Baby"
[2026-04-29T04:29:51.551Z]   [SKIPPED - not supplement] "Chicco Perfect 5 Bottle 150ml 0M+ Slow Blue" | product_type: "Baby"
[2026-04-29T04:29:51.551Z]   [SKIPPED - not supplement] "Chicco Natural Feeling Teat 2M+ Med Flow 1 Pack" | product_type: "Baby"
[2026-04-29T04:29:51.551Z]   [SKIPPED - not supplement] "Chicco Perfect 5 Physio Teat 2M+ Med Flow 2 Pack" | product_type: "Baby"
[2026-04-29T04:29:51.551Z]   [SKIPPED - not supplement] "Chicco Perfect 5 Bottle 150ml 0M+ Slow Pink" | product_type: "Baby"
[2026-04-29T04:29:51.552Z]   [SKIPPED - not supplement] "Chicco Perfect 5 Physio Teat 4M+ Fast Flow 2 Pack" | product_type: "Baby"
[2026-04-29T04:29:51.552Z]   [SKIPPED - not supplement] "Chicco Perfect 5 Bottle 240ml 2M+ Medium Flow Blue" | product_type: "Baby"
[2026-04-29T04:29:51.552Z]   [SKIPPED - not supplement] "Chicco Perfect 5 Physio Teat 0M+ Slow Flow 2 Pack" | product_type: "Baby"
[2026-04-29T04:29:51.553Z]   [SKIPPED - not supplement] "Chicco Natural Feeling Teat 4M+ Adj Flow 2 Pack" | product_type: "Baby"
[2026-04-29T04:29:51.553Z]   [SKIPPED - not supplement] "Footcare Fashion Laces 120cm 3 Pairs" | product_type: "Other Pharmacy & Clothing"
[2026-04-29T04:29:51.558Z]   [SKIPPED - not supplement] "Philips Avent Bath and Bedroom Baby Thermometer Waterproof" | product_type: "Baby"
[2026-04-29T04:29:52.065Z]   Page 46...
[2026-04-29T04:29:53.139Z]   [SKIPPED - not supplement] "Joop! Jump for Men Eau de Toilette 100ml Spray" | product_type: "Beauty Accessories"
[2026-04-29T04:29:53.140Z]   [SKIPPED - not supplement] "CALVIN KLEIN Aqua for him EDT Spray 100 ML" | product_type: "Beauty Accessories"
[2026-04-29T04:29:53.141Z]   [SKIPPED - not supplement] "Chloe Love Story EDP 75ml for Women" | product_type: "Beauty Accessories"
[2026-04-29T04:29:53.141Z]   [SKIPPED - not supplement] "CK One Shock Eau de Toilette Ladies Perfume 200ml" | product_type: "Beauty Accessories"
[2026-04-29T04:29:53.656Z]   Page 47...
[2026-04-29T04:29:54.467Z]   [SKIPPED - not supplement] "TITS UP Nude Boob Tape" | product_type: "Beauty Accessories"
[2026-04-29T04:29:54.468Z]   [SKIPPED - not supplement] "TITS UP Double Sided Tape" | product_type: "Beauty Accessories"
[2026-04-29T04:29:54.468Z]   [SKIPPED - not supplement] "TITS UP Silicone Nipple Covers" | product_type: "Beauty Accessories"
[2026-04-29T04:29:54.469Z]   [SKIPPED - not supplement] "L'Oréal Paris Age Perfect Intense Nutrition Day Cream" | product_type: "Beauty Accessories"
[2026-04-29T04:29:54.469Z]   [SKIPPED - not supplement] "L'Oréal Paris Age Perfect Cell Renewal Revitalising SPF15 Day Cream" | product_type: "Beauty Accessories"
[2026-04-29T04:29:54.473Z]   [SKIPPED - not supplement] "Dr. LeWinn's Line Smoothing Complex Eye Recovery Complex 15 g" | product_type: "Beauty Accessories"
[2026-04-29T04:29:54.474Z]   [SKIPPED - not supplement] "Elastics Slim Scrunchies Greys" | product_type: "Beauty Accessories"
[2026-04-29T04:29:54.474Z]   [SKIPPED - no category] "d3 Personal Therapeutic Massage Gun" | product_type: "Health Equipment" | tags: BRAND=d3,CAT=Sports & Recreation,d3,enable-bis,MCAT=Lifestyle & Wellness
[2026-04-29T04:29:54.477Z]   [SKIPPED - not supplement] "Burberry Weekend EDP 100ml for Women" | product_type: "Beauty Accessories"
[2026-04-29T04:29:54.477Z]   [SKIPPED - not supplement] "Calvin Klein Escape EDT 100ml for Men" | product_type: "Beauty Accessories"
[2026-04-29T04:29:54.478Z]   [SKIPPED - not supplement] "Burberry Weekend EDT 100ml for Men" | product_type: "Beauty Accessories"
[2026-04-29T04:29:54.478Z]   [SKIPPED - not supplement] "Burberry London for Men Eau de Toilette 100ml Spray" | product_type: "Beauty Accessories"
[2026-04-29T04:29:54.982Z]   Page 48...
[2026-04-29T04:29:55.706Z]   [SKIPPED - not supplement] "Calvin Klein Eternity Flame EDT 100ml for Men" | product_type: "Beauty Accessories"
[2026-04-29T04:29:55.706Z]   [SKIPPED - not supplement] "Burberry Brit For Him EDT 100ml" | product_type: "Beauty Accessories"
[2026-04-29T04:29:55.707Z]   [SKIPPED - not supplement] "b.box Travel Bib & Spoon Cactus Capers" | product_type: "Baby"
[2026-04-29T04:29:55.707Z]   [SKIPPED - not supplement] "b.box Bottle Brush/Teat Cleaner Aqua Groove" | product_type: "Baby"
[2026-04-29T04:29:55.707Z]   [SKIPPED - not supplement] "b.box Bottle Brush/Teat Cleaner Lime Twist" | product_type: "Baby"
[2026-04-29T04:29:55.708Z]   [SKIPPED - not supplement] "b.box Bottle Brush/Teat Cleaner Berry Surprise" | product_type: "Baby"
[2026-04-29T04:29:55.708Z]   [SKIPPED - not supplement] "b.box Tritan Replacement Straws 450ml & 650ml 2 Pack" | product_type: "Baby"
[2026-04-29T04:29:55.708Z]   [SKIPPED - not supplement] "Mini By Mae Elastic Scrunchie Daisy White" | product_type: "Beauty Accessories"
[2026-04-29T04:29:55.709Z]   [SKIPPED - not supplement] "Mini By Mae Butterfly Clips Dusk (6)" | product_type: "Beauty Accessories"
[2026-04-29T04:29:55.709Z]   [SKIPPED - not supplement] "Mini By Mae Alligator Clip Tulle Navy" | product_type: "Beauty Accessories"
[2026-04-29T04:29:55.709Z]   [SKIPPED - not supplement] "Mini By Mae Headband Glitter Cat Ear Multi" | product_type: "Beauty Accessories"
[2026-04-29T04:29:55.710Z]   [SKIPPED - not supplement] "Lee Stafford Styling Heat Protection Shine Mist 200ml" | product_type: "Personal Care"
[2026-04-29T04:29:55.710Z]   [SKIPPED - not supplement] "Kenzo Flower Eau de Vie EDP 50ml for Women" | product_type: "Beauty Accessories"
[2026-04-29T04:29:55.710Z]   [SKIPPED - not supplement] "Mini By Mae Elastics Scrunchies Gingham/Chambray (2)" | product_type: "Beauty Accessories"
[2026-04-29T04:29:55.710Z]   [SKIPPED - not supplement] "Mini By Mae Elastics Scrunchies Fluffy (2)" | product_type: "Beauty Accessories"
[2026-04-29T04:29:55.711Z]   [SKIPPED - not supplement] "Mini By Mae Butterfly Clips Mermaid (6)" | product_type: "Beauty Accessories"
[2026-04-29T04:29:55.711Z]   [SKIPPED - not supplement] "Mini By Mae Alligator Clips Gingham Black 2pk" | product_type: "Beauty Accessories"
[2026-04-29T04:29:55.711Z]   [SKIPPED - not supplement] "Mini By Mae Alligator Clip Large Bow Pink" | product_type: "Beauty Accessories"
[2026-04-29T04:29:55.712Z]   [SKIPPED - not supplement] "Mini By Mae Butterfly Clips Large Turquoise (2)" | product_type: "Beauty Accessories"
[2026-04-29T04:29:55.712Z]   [SKIPPED - not supplement] "Mini By Mae Elastics Scrunchies Sequin (2)" | product_type: "Beauty Accessories"
[2026-04-29T04:29:55.713Z]   [SKIPPED - not supplement] "Mini By Mae Alligator Clip Tulle Dusky Pink" | product_type: "Beauty Accessories"
[2026-04-29T04:29:55.713Z]   [SKIPPED - not supplement] "Mini By Mae Combo Set Pink Floral (3)" | product_type: "Beauty Accessories"
[2026-04-29T04:29:55.714Z]   [SKIPPED - not supplement] "Philips Avent Anti-colic Baby Bottle 260ml 3pk" | product_type: "Baby"
[2026-04-29T04:29:55.715Z]   [SKIPPED - not supplement] "Philips Avent 2in1 Baby Food Maker/Blender" | product_type: "Baby"
[2026-04-29T04:29:55.715Z]   [SKIPPED - not supplement] "Philips Avent Anti-Colic Bottle 330ml" | product_type: "Baby"
[2026-04-29T04:29:55.715Z]   [SKIPPED - not supplement] "Philips Avent Milk Storage Cups 180ml 10 Pack" | product_type: "Baby"
[2026-04-29T04:29:55.716Z]   [SKIPPED - not supplement] "Calvin Klein CK IN2U Her Eau de Toilette 150 mL" | product_type: "Beauty Accessories"
[2026-04-29T04:29:56.229Z]   Page 49...
[2026-04-29T04:29:56.828Z]   [SKIPPED - not supplement] "Real Techniques Brush Cleansing Palette" | product_type: "Beauty Accessories"
[2026-04-29T04:29:56.829Z]   [SKIPPED - not supplement] "Simply Essential Soap Box Powder Blue" | product_type: "Personal Care"
[2026-04-29T04:29:56.831Z]   [SKIPPED - not supplement] "Hugo Boss BOSS The Scent EDT 50ml for Men" | product_type: "Beauty Accessories"
[2026-04-29T04:29:56.831Z]   [SKIPPED - not supplement] "MAE 40-4503BK Value Pk Black 16 pc" | product_type: "Beauty Accessories"
[2026-04-29T04:29:56.831Z]   [SKIPPED - not supplement] "Truyu Toenail Clipper Gold Straight" | product_type: "Beauty Accessories"
[2026-04-29T04:29:56.832Z]   [SKIPPED - not supplement] "Truyu Eyeshadow Duo" | product_type: "Beauty Accessories"
[2026-04-29T04:29:56.832Z]   [SKIPPED - not supplement] "Truyu Foundation & Concealer Perfection Brush" | product_type: "Beauty Accessories"
[2026-04-29T04:29:56.833Z]   [SKIPPED - not supplement] "DKNY Be Tempted EDP 100ml for Women" | product_type: "Beauty Accessories"
[2026-04-29T04:29:56.833Z]   [SKIPPED - not supplement] "Dior J'adore EDT 100ml for Women" | product_type: "Beauty Accessories"
[2026-04-29T04:29:56.833Z]   [SKIPPED - not supplement] "Eco Style Black Castor & Flaxseed Oil Hair Styling Gel 473ml" | product_type: "Personal Care"
[2026-04-29T04:29:56.835Z]   [SKIPPED - not supplement] "Elizabeth Arden Green Tea Scent Spray 100ml for Women" | product_type: "Beauty Accessories"
[2026-04-29T04:29:56.836Z]   [SKIPPED - not supplement] "Natio Apply & Blend Eyeshadow Brush" | product_type: "Beauty Accessories"
[2026-04-29T04:29:56.836Z]   [SKIPPED - not supplement] "Ted Lapidus Altamir EDT 125ml for Men" | product_type: "Beauty Accessories"
[2026-04-29T04:29:56.837Z]   [SKIPPED - not supplement] "Truyu Close-up Mirror 10X" | product_type: "Beauty Accessories"
[2026-04-29T04:29:56.837Z]   [SKIPPED - not supplement] "Mae. Headband Velvet Mustard" | product_type: "Beauty Accessories"
[2026-04-29T04:29:56.837Z]   [SKIPPED - not supplement] "Elastic Scrunchie Stay Wild Black" | product_type: "Beauty Accessories"
[2026-04-29T04:29:56.838Z]   [SKIPPED - not supplement] "Tort Alligator Clips (2)" | product_type: "Beauty Accessories"
[2026-04-29T04:29:56.838Z]   [SKIPPED - not supplement] "Mae. Gem Tips D-Tangler Pro" | product_type: "Beauty Accessories"
[2026-04-29T04:29:56.839Z]   [SKIPPED - not supplement] "Mae. Brush Essential Grooming" | product_type: "Beauty Accessories"
[2026-04-29T04:29:56.839Z]   [SKIPPED - not supplement] "Mae. Comb Dressing Shell" | product_type: "Beauty Accessories"
[2026-04-29T04:29:56.839Z]   [SKIPPED - not supplement] "Truyu Essential Grooming Kit - Clipper Set 4 Piece" | product_type: "Beauty Accessories"
[2026-04-29T04:29:56.840Z]   [SKIPPED - not supplement] "Pearl/Diamante One Touch Clips (2)" | product_type: "Beauty Accessories"
[2026-04-29T04:29:56.840Z]   [SKIPPED - not supplement] "Truyu Nail Shapers Fine/Medium 2" | product_type: "Beauty Accessories"
[2026-04-29T04:29:56.840Z]   [SKIPPED - not supplement] "Mae. Bun Nets Dark Brown 4 Pack → Mae Bun Nets Dark Brown 4 Pack" | product_type: "Beauty Accessories"
[2026-04-29T04:29:56.840Z]   [SKIPPED - not supplement] "Mae. Bobby Pins Super Grip 4.5cm Brown 80 Pack" | product_type: "Beauty Accessories"
[2026-04-29T04:29:56.841Z]   [SKIPPED - not supplement] "Mae. Bobby Pins 4.5cm Blonde 80 Pack" | product_type: "Beauty Accessories"
[2026-04-29T04:29:56.841Z]   [SKIPPED - not supplement] "Mae. Bun Nets Medium Brown 4 Pack" | product_type: "Beauty Accessories"
[2026-04-29T04:29:56.842Z]   [SKIPPED - not supplement] "Mae. Hairnets Light Brown 3 Pack" | product_type: "Beauty Accessories"
[2026-04-29T04:29:56.842Z]   [SKIPPED - not supplement] "MAE 40-4014BK Comb Teasing Black" | product_type: "Beauty Accessories"
[2026-04-29T04:29:56.842Z]   [SKIPPED - not supplement] "Mae. Headband Muslin Leopard" | product_type: "Beauty Accessories"
[2026-04-29T04:29:56.843Z]   [SKIPPED - not supplement] "Mae. Thin Headband Velvet Black" | product_type: "Beauty Accessories"
[2026-04-29T04:29:56.843Z]   [SKIPPED - not supplement] "Mae. Headband Super Grip Shell" | product_type: "Beauty Accessories"
[2026-04-29T04:29:56.843Z]   [SKIPPED - not supplement] "Mae. Headband Soft Thick Black" | product_type: "Beauty Accessories"
[2026-04-29T04:29:56.843Z]   [SKIPPED - not supplement] "Mae. Elastics Scrunchies Muslin Denim/Soft Grey 2 Pack" | product_type: "Beauty Accessories"
[2026-04-29T04:29:56.844Z]   [SKIPPED - not supplement] "Mae. Elastics Scrunchies Muslin Rose/Burgundy 2 Pack" | product_type: "Beauty Accessories"
[2026-04-29T04:29:56.844Z]   [SKIPPED - not supplement] "Mae. Headband Thin Black" | product_type: "Beauty Accessories"
[2026-04-29T04:29:56.844Z]   [SKIPPED - not supplement] "Mae. Hair Pins 7.5cm Brown 30 Pack" | product_type: "Beauty Accessories"
[2026-04-29T04:29:56.845Z]   [SKIPPED - not supplement] "Mae. Brush Essential Oval Pad" | product_type: "Beauty Accessories"
[2026-04-29T04:29:56.845Z]   [SKIPPED - not supplement] "Mini By Mae One Touch Clips 4cm Butterflies (6)" | product_type: "Beauty Accessories"
[2026-04-29T04:29:56.845Z]   [SKIPPED - not supplement] "Truyu Foundation Sponges Round 2 Pack" | product_type: "Beauty Accessories"
[2026-04-29T04:29:56.846Z]   [SKIPPED - not supplement] "Simply Essential 21-1301CS Quick Dry Turban Candy Stripe" | product_type: "Beauty Accessories"
[2026-04-29T04:29:56.846Z]   [SKIPPED - not supplement] "MAE 40-2013 Styling Pins Black 2" | product_type: "Beauty Accessories"
[2026-04-29T04:29:56.846Z]   [SKIPPED - not supplement] "Mae. Bobby Pins 4.5cm Brown 80 Pack" | product_type: "Beauty Accessories"
[2026-04-29T04:29:56.846Z]   [SKIPPED - not supplement] "Mae. Twirl Ties Boxed 2x Clear/Black" | product_type: "Beauty Accessories"
[2026-04-29T04:29:56.847Z]   [SKIPPED - not supplement] "Mae. Elastics Scrunchie Coral Pink" | product_type: "Beauty Accessories"
[2026-04-29T04:29:56.847Z]   [SKIPPED - not supplement] "Mae. Elastics Hair Knots Neutral 5 Pack" | product_type: "Beauty Accessories"
[2026-04-29T04:29:56.847Z]   [SKIPPED - not supplement] "Mae. Elastics Scrunchie Black Velvet" | product_type: "Beauty Accessories"
[2026-04-29T04:29:56.848Z]   [SKIPPED - not supplement] "Mae Bobby Pins 4.5 cm Black 80 Pack" | product_type: "Beauty Accessories"
[2026-04-29T04:29:56.848Z]   [SKIPPED - not supplement] "Truyu Bathroom Shaving Mirror 1X & 5X" | product_type: "Beauty Accessories"
[2026-04-29T04:29:56.848Z]   [SKIPPED - not supplement] "Mae. Comb Tail Shell" | product_type: "Beauty Accessories"
[2026-04-29T04:29:56.849Z]   [SKIPPED - not supplement] "Mae. Brush Ionised Oval Pad" | product_type: "Beauty Accessories"
[2026-04-29T04:29:56.849Z]   [SKIPPED - not supplement] "Mae. Elastics Thin Black 36 Pack" | product_type: "Beauty Accessories"
[2026-04-29T04:29:56.849Z]   [SKIPPED - not supplement] "Mae. Elastics Thick Super Stretch Brown 12 Pack" | product_type: "Beauty Accessories"
[2026-04-29T04:29:56.850Z]   [SKIPPED - not supplement] "Mae. Elastics Scrunchie Black" | product_type: "Beauty Accessories"
[2026-04-29T04:29:56.850Z]   [SKIPPED - not supplement] "Mae. Brush Ionised Radial" | product_type: "Beauty Accessories"
[2026-04-29T04:29:56.850Z]   [SKIPPED - not supplement] "Mae. Elastics Thin Blonde 20 Pack" | product_type: "Beauty Accessories"
[2026-04-29T04:29:56.851Z]   [SKIPPED - not supplement] "Brush Essential Grooming Small" | product_type: "Beauty Accessories"
[2026-04-29T04:29:56.851Z]   [SKIPPED - not supplement] "Mae. Elastic Scrunchie Satin Black" | product_type: "Beauty Accessories"
[2026-04-29T04:29:56.851Z]   [SKIPPED - not supplement] "Mae. Elastics Soft Ponytailers Black 15 Pack" | product_type: "Beauty Accessories"
[2026-04-29T04:29:56.851Z]   [SKIPPED - not supplement] "Mae. Bobby Pins 6.4cm Brown 36 Pack" | product_type: "Beauty Accessories"
[2026-04-29T04:29:56.852Z]   [SKIPPED - not supplement] "Mae. Bobby Pins Contour 5cm Brown 60 Pack" | product_type: "Beauty Accessories"
[2026-04-29T04:29:56.852Z]   [SKIPPED - not supplement] "Mae. One Touch Clips 6cm Satin Blonde 6 Pack" | product_type: "Beauty Accessories"
[2026-04-29T04:29:56.852Z]   [SKIPPED - not supplement] "Mae. Alligator Clips Star Dust 4 Pack" | product_type: "Beauty Accessories"
[2026-04-29T04:29:56.852Z]   [SKIPPED - not supplement] "Mae. Alligator Clips Neutral 4 Pack" | product_type: "Beauty Accessories"
[2026-04-29T04:29:56.853Z]   [SKIPPED - not supplement] "Mini By Mae Elastics Scrunchies Dots (3)" | product_type: "Beauty Accessories"
[2026-04-29T04:29:56.853Z]   [SKIPPED - not supplement] "Mae. Elastics Thin Brown 20 Pack" | product_type: "Beauty Accessories"
[2026-04-29T04:29:56.853Z]   [SKIPPED - not supplement] "MAE 40-2409 Barr. Bun Holder Gold" | product_type: "Beauty Accessories"
[2026-04-29T04:29:56.854Z]   [SKIPPED - not supplement] "MAE Elastic hair tie Geometric Pink & White x2" | product_type: "Beauty Accessories"
[2026-04-29T04:29:56.854Z]   [SKIPPED - not supplement] "Mae. Bobby Pins 5cm Satin Blonde 60 Pack" | product_type: "Beauty Accessories"
[2026-04-29T04:29:56.854Z]   [SKIPPED - not supplement] "Mae. Bun Nets Light Brown 4 Pack" | product_type: "Beauty Accessories"
[2026-04-29T04:29:56.854Z]   [SKIPPED - not supplement] "Mae. Elastics Ponytailers Large Black 4 Pack" | product_type: "Beauty Accessories"
[2026-04-29T04:29:56.855Z]   [SKIPPED - not supplement] "Mae. Comb Lift Shell 2 Pack" | product_type: "Beauty Accessories"
[2026-04-29T04:29:56.855Z]   [SKIPPED - not supplement] "Mae. Bun Nets Blonde 4 Pack" | product_type: "Beauty Accessories"
[2026-04-29T04:29:56.855Z]   [SKIPPED - not supplement] "Mae. One Touch Clips 5cm Black 6 Pack" | product_type: "Beauty Accessories"
[2026-04-29T04:29:56.856Z]   [SKIPPED - not supplement] "Mae. French Clip 6cm Shell 2 Pack" | product_type: "Beauty Accessories"
[2026-04-29T04:29:57.363Z]   Page 50...
[2026-04-29T04:29:58.044Z]   [SKIPPED - not supplement] "Mae. Elastics Thin Black 20 Pack" | product_type: "Beauty Accessories"
[2026-04-29T04:29:58.045Z]   [SKIPPED - not supplement] "Mae. Hair Donut Small Brown" | product_type: "Beauty Accessories"
[2026-04-29T04:29:58.045Z]   [SKIPPED - not supplement] "Mae. Hair Donut Small Blonde" | product_type: "Beauty Accessories"
[2026-04-29T04:29:58.046Z]   [SKIPPED - not supplement] "Mae. Slides Diamante 4 Pack" | product_type: "Beauty Accessories"
[2026-04-29T04:29:58.046Z]   [SKIPPED - not supplement] "Mae. Headband Soft Black" | product_type: "Beauty Accessories"
[2026-04-29T04:29:58.046Z]   [SKIPPED - not supplement] "Mae. Hairnets Blonde 3 Pack" | product_type: "Beauty Accessories"
[2026-04-29T04:29:58.046Z]   [SKIPPED - not supplement] "Mini By Mae Elastics Thin Small Assorted Pastels (20)" | product_type: "Beauty Accessories"
[2026-04-29T04:29:58.047Z]   [SKIPPED - not supplement] "Mae. Sidecombs Black Medium 4 Pack" | product_type: "Beauty Accessories"
[2026-04-29T04:29:58.047Z]   [SKIPPED - not supplement] "Mae. Elastics Flat Brown 12 Pack" | product_type: "Beauty Accessories"
[2026-04-29T04:29:58.047Z]   [SKIPPED - not supplement] "Mae. Elastics Thin Satin Blonde 20 Pack" | product_type: "Beauty Accessories"
[2026-04-29T04:29:58.048Z]   [SKIPPED - not supplement] "Mae. Elastics Thick Navy 8 Pack" | product_type: "Beauty Accessories"
[2026-04-29T04:29:58.048Z]   [SKIPPED - not supplement] "Mae. Comb Wide Tooth Shell" | product_type: "Beauty Accessories"
[2026-04-29T04:29:58.048Z]   [SKIPPED - not supplement] "Mae. Brush Essential Radial" | product_type: "Beauty Accessories"
[2026-04-29T04:29:58.048Z]   [SKIPPED - not supplement] "Mae. Bobby Pins 6.4cm Black 36 Pack" | product_type: "Beauty Accessories"
[2026-04-29T04:29:58.049Z]   [SKIPPED - not supplement] "Mae. Hair Pins 7.5cm Black 30 Pack" | product_type: "Beauty Accessories"
[2026-04-29T04:29:58.049Z]   [SKIPPED - not supplement] "Elastic Scrunchie Extra Large Organza Black" | product_type: "Beauty Accessories"
[2026-04-29T04:29:58.049Z]   [SKIPPED - not supplement] "Mae. Elastics Thin Super Stretch Black 20 Pack" | product_type: "Beauty Accessories"
[2026-04-29T04:29:58.050Z]   [SKIPPED - not supplement] "Mae. Elastics Thick Blonde 8 Pack" | product_type: "Beauty Accessories"
[2026-04-29T04:29:58.050Z]   [SKIPPED - not supplement] "Mae. Hairnets Medium Brown 3 Pack" | product_type: "Beauty Accessories"
[2026-04-29T04:29:58.050Z]   [SKIPPED - not supplement] "Mini By Mae Elastics Soft Ponytailers Assorted Pastels (15)" | product_type: "Beauty Accessories"
[2026-04-29T04:29:58.050Z]   [SKIPPED - not supplement] "Elastics Slim Scrunchies Nudes" | product_type: "Beauty Accessories"
[2026-04-29T04:29:58.051Z]   [SKIPPED - not supplement] "Mae. Elastics Thin Super Stretch Brown 20 Pack" | product_type: "Beauty Accessories"
[2026-04-29T04:29:58.051Z]   [SKIPPED - not supplement] "Mae. Elastic Scrunchies Mustard/Stripes 2 Pack" | product_type: "Beauty Accessories"
[2026-04-29T04:29:58.052Z]   [SKIPPED - not supplement] "Mae. Elastics Thick Black 8 Pack" | product_type: "Beauty Accessories"
[2026-04-29T04:29:58.054Z]   [SKIPPED - not supplement] "Pigeon Flexible Peristaltic Slim Neck Nursing Bottle Glass 240 mL" | product_type: "Baby"
[2026-04-29T04:29:58.055Z]   [SKIPPED - not supplement] "Pigeon MagMag All in One Set" | product_type: "Baby"
[2026-04-29T04:29:58.055Z]   [SKIPPED - not supplement] "Pigeon Flexible Peristaltic Baby Nursing Bottle Slim Neck 120ml" | product_type: "Baby"
[2026-04-29T04:29:58.056Z]   [SKIPPED - not supplement] "Pigeon Flexible Peristaltic Slim Neck Nursing Bottle Glass 120 mL" | product_type: "Baby"
[2026-04-29T04:29:58.056Z]   [SKIPPED - not supplement] "Pigeon Flexible Peristaltic Slim Neck Nursing Bottle PP 240ml" | product_type: "Baby"
[2026-04-29T04:29:58.056Z]   [SKIPPED - not supplement] "Pigeon SofTouch Peristaltic Plus Wide Neck Nursing Bottle PPSU 160ml SS" | product_type: "Baby"
[2026-04-29T04:29:58.057Z]   [SKIPPED - not supplement] "BOSS HUGO BOSS Boss Bottled Infinite Eau de Parfum 50 ML" | product_type: "Beauty Accessories"
[2026-04-29T04:29:58.057Z]   [SKIPPED - not supplement] "Chopard Wish Pink EDP 75ml for Women" | product_type: "Beauty Accessories"
[2026-04-29T04:29:58.058Z]   [SKIPPED - not supplement] "MARC JACOBS FRAGRANCES Daisy Love Eau de Toilette Spray 50 ML" | product_type: "Beauty Accessories"
[2026-04-29T04:29:58.059Z]   [SKIPPED - not supplement] "Michael Buble By Invitation Peony Noir EDP 100ml for Women" | product_type: "Beauty Accessories"
[2026-04-29T04:29:58.060Z]   [SKIPPED - not supplement] "MARC JACOBS FRAGRANCES Daisy Fresh Eau de Toilette Spray 75 ML" | product_type: "Beauty Accessories"
[2026-04-29T04:29:58.060Z]   [SKIPPED - not supplement] "Hask Curl Care Moisturising Shampoo 355ml" | product_type: "Personal Care"
[2026-04-29T04:29:58.062Z]   [SKIPPED - not supplement] "MARC JACOBS FRAGRANCES Daisy Love Eau de Toilette Spray 30 ML" | product_type: "Beauty Accessories"
[2026-04-29T04:29:58.064Z]   [SKIPPED - not supplement] "BOSS HUGO BOSS Hugo Man Eau de Toilette Spray 75 ml" | product_type: "Beauty Accessories"
[2026-04-29T04:29:58.065Z]   [SKIPPED - not supplement] "Calvin Klein Women EDP 50ml" | product_type: "Beauty Accessories"
[2026-04-29T04:29:58.065Z]   [SKIPPED - not supplement] "Calvin Klein Women EDP 100ml" | product_type: "Beauty Accessories"
[2026-04-29T04:29:58.066Z]   [SKIPPED - not supplement] "Calvin Klein CK Free EDT 50ml for Men" | product_type: "Beauty Accessories"
[2026-04-29T04:29:58.066Z]   [SKIPPED - not supplement] "Calvin Klein Eternity Flame EDP 100ml for Women" | product_type: "Beauty Accessories"
[2026-04-29T04:29:58.067Z]   [SKIPPED - not supplement] "Chopard Brilliant Wish EDP 75ml for Women" | product_type: "Beauty Accessories"
[2026-04-29T04:29:58.067Z]   [SKIPPED - not supplement] "Simply Essential 21-1301P ED Spa Turban Pink" | product_type: "Beauty Accessories"
[2026-04-29T04:29:58.069Z]   [SKIPPED - not supplement] "Simply Essentials Pro Series Fluffy Blender Brush" | product_type: "Beauty Accessories"
[2026-04-29T04:29:58.069Z]   [SKIPPED - not supplement] "Simply Essential Pro Series Kabuki Buffing Brush" | product_type: "Beauty Accessories"
[2026-04-29T04:29:58.070Z]   [SKIPPED - not supplement] "Simply Essentials Pro Series Expert Eyeshadow Brush" | product_type: "Beauty Accessories"
[2026-04-29T04:29:58.070Z]   [SKIPPED - not supplement] "Simply Essential Pro Series Precision Lip Brush" | product_type: "Beauty Accessories"
[2026-04-29T04:29:58.070Z]   [SKIPPED - not supplement] "Simply Essential Pro Series Stippling Brush" | product_type: "Beauty Accessories"
[2026-04-29T04:29:58.071Z]   [SKIPPED - not supplement] "Simply Essential Pro Series Tapered Powder Brush" | product_type: "Beauty Accessories"
[2026-04-29T04:29:58.071Z]   [SKIPPED - not supplement] "Simply Essential Pro Series Tapered Highlighter Brush" | product_type: "Beauty Accessories"
[2026-04-29T04:29:58.071Z]   [SKIPPED - not supplement] "W/SIS Socks Strawberry Donut Blue" | product_type: "Other Pharmacy & Clothing"
[2026-04-29T04:29:58.071Z]   [SKIPPED - not supplement] "W/SIS Socks Avocado Pink" | product_type: "Other Pharmacy & Clothing"
[2026-04-29T04:29:58.072Z]   [SKIPPED - not supplement] "W/SIS Socks Bonjour" | product_type: "Other Pharmacy & Clothing"
[2026-04-29T04:29:58.072Z]   [SKIPPED - not supplement] "W/SIS Ankle Socks Candy Spot" | product_type: "Other Pharmacy & Clothing"
[2026-04-29T04:29:58.072Z]   [SKIPPED - not supplement] "BOSS HUGO BOSS Boss Orange Woman Eau de Toilette Spray 75 ML" | product_type: "Beauty Accessories"
[2026-04-29T04:29:58.073Z]   [SKIPPED - not supplement] "Hugo Boss HUGO XX EDT 60ml for Women" | product_type: "Beauty Accessories"
[2026-04-29T04:29:58.073Z]   [SKIPPED - not supplement] "Mini By Mae Elastics Polybands Assorted Pastels (100)" | product_type: "Beauty Accessories"
[2026-04-29T04:29:58.074Z]   [SKIPPED - not supplement] "MAE 40-2252 Elast. Flat Ocean 10" | product_type: "Beauty Accessories"
[2026-04-29T04:29:58.074Z]   [SKIPPED - not supplement] "MAE THICK ELASTICS, DUSK, SET-OF-10" | product_type: "Beauty Accessories"
[2026-04-29T04:29:58.075Z]   [SKIPPED - not supplement] "MAE Elastic Polybands Asst Neutrals 100" | product_type: "Beauty Accessories"
[2026-04-29T04:29:58.076Z]   [SKIPPED - not supplement] "SIMPLY ESS 20-2112 Hook Nail File" | product_type: "Nail Care Tools"
[2026-04-29T04:29:58.077Z]   [SKIPPED - not supplement] "Jimmy Choo Man EDT 100ml" | product_type: "Beauty Accessories"
[2026-04-29T04:29:58.077Z]   [SKIPPED - not supplement] "BOSS Hugo Man EDT Spray 125 ML" | product_type: "Beauty Accessories"
[2026-04-29T04:29:58.078Z]   [SKIPPED - not supplement] "Hugo Boss Bottled Night Eau De Toilette  200ml" | product_type: "Beauty Accessories"
[2026-04-29T04:29:58.078Z]   [SKIPPED - not supplement] "Calvin Klein Eternity Air EDT for him 100ml" | product_type: "Beauty Accessories"
[2026-04-29T04:29:58.079Z]   [SKIPPED - not supplement] "Footcare Shoe Polish Instant Shine Black 75mL" | product_type: "Other Pharmacy & Clothing"
[2026-04-29T04:29:58.079Z]   [SKIPPED - not supplement] "Bambino Mio Swim Nappy Large 1-2 Years 'Radiant Ray'" | product_type: "Other Pharmacy & Clothing"
[2026-04-29T04:29:58.080Z]   [SKIPPED - not supplement] "Bambino Mio Potty Training Pants 18-24 Months 'Pea Power'" | product_type: "Other Pharmacy & Clothing"
[2026-04-29T04:29:58.080Z]   [SKIPPED - not supplement] "Bambino Mio Swim Nappy Small 0-6 Months 'Whale Wharf'" | product_type: "Other Pharmacy & Clothing"
[2026-04-29T04:29:58.596Z]   Page 51...
[2026-04-29T04:29:59.506Z]   [SKIPPED - not supplement] "MAE 40-2501N Hair Acc.Set 17pc Neu" | product_type: "Beauty Accessories"
[2026-04-29T04:29:59.507Z]   [SKIPPED - not supplement] "Footcare Athletic Laces Black 120cm" | product_type: "Other Pharmacy & Clothing"
[2026-04-29T04:29:59.507Z]   [SKIPPED - not supplement] "Footcare by Maseur Dubbin Nourishing & Waterproofing Shoe Polish Neutral 38g" | product_type: "Other Pharmacy & Clothing"
[2026-04-29T04:29:59.510Z]   [SKIPPED - not supplement] "Revlon Microdermabrasion Wand" | product_type: "Beauty Accessories"
[2026-04-29T04:29:59.511Z]   [SKIPPED - not supplement] "Revlon All Over Shadow Brush" | product_type: "Beauty Accessories"
[2026-04-29T04:29:59.511Z]   [SKIPPED - not supplement] "Swisspers Breast Milk Storage Bags 20 pack" | product_type: "Baby"
[2026-04-29T04:29:59.514Z]   [SKIPPED - not supplement] "Real Techniques Miracle Mini Eraser Sponges 2 Pack" | product_type: "Beauty Accessories"
[2026-04-29T04:29:59.514Z]   [SKIPPED - not supplement] "Real Techniques Expert Organiser 3 Pocket" | product_type: "Beauty Accessories"
[2026-04-29T04:29:59.515Z]   [SKIPPED - not supplement] "Real Techniques Brush Crush Kabuki Brush" | product_type: "Beauty Accessories"
[2026-04-29T04:29:59.515Z]   [SKIPPED - not supplement] "Real Techniques Brush Crush Fan Brush" | product_type: "Beauty Accessories"
[2026-04-29T04:29:59.515Z]   [SKIPPED - not supplement] "Real Techniques Brush Crush Contour Brush" | product_type: "Beauty Accessories"
[2026-04-29T04:29:59.516Z]   [SKIPPED - not supplement] "Real Techniques Powder Brush" | product_type: "Beauty Accessories"
[2026-04-29T04:29:59.516Z]   [SKIPPED - not supplement] "Real Techniques Eye Shade & Blend Set" | product_type: "Beauty Accessories"
[2026-04-29T04:29:59.516Z]   [SKIPPED - not supplement] "Real Techniques Expert Face Brush" | product_type: "Beauty Accessories"
[2026-04-29T04:29:59.516Z]   [SKIPPED - not supplement] "Real Techniques Custom Slide Contour Brush" | product_type: "Beauty Accessories"
[2026-04-29T04:29:59.517Z]   [SKIPPED - not supplement] "Real Techniques Custom Slide Complexion Brush" | product_type: "Beauty Accessories"
[2026-04-29T04:29:59.517Z]   [SKIPPED - not supplement] "Real Techniques Custom Slide Cheek Brush" | product_type: "Beauty Accessories"
[2026-04-29T04:29:59.517Z]   [SKIPPED - not supplement] "Real Techniques Blush Brush" | product_type: "Beauty Accessories"
[2026-04-29T04:29:59.518Z]   [SKIPPED - not supplement] "Simply Essential Hair Thinning Scissors" | product_type: "Beauty Accessories"
[2026-04-29T04:29:59.519Z]   [SKIPPED - not supplement] "MCoBeauty Lashes for Lash Bond Kit" | product_type: "Beauty Accessories"
[2026-04-29T04:29:59.520Z]   [SKIPPED - not supplement] "MCoBeauty Lash Bond Eyeliner & Lash Kit" | product_type: "Beauty Accessories"
[2026-04-29T04:29:59.522Z]   [SKIPPED - not supplement] "Bambino Mio Wet Bag 'Hummingbird'" | product_type: "Other Pharmacy & Clothing"
[2026-04-29T04:29:59.522Z]   [SKIPPED - not supplement] "Bambino Mio Wet Bag Honeybee Hive" | product_type: "Other Pharmacy & Clothing"
[2026-04-29T04:29:59.523Z]   [SKIPPED - not supplement] "Bambino Mio Wet Bag Snail Surprise" | product_type: "Other Pharmacy & Clothing"
[2026-04-29T04:29:59.523Z]   [SKIPPED - no category] "Oil Garden Sweet Almond Massage Oil 200ml" | product_type: "Lifestyle & Wellness" | tags: BRAND=Oil Garden,CAT=Essential Oils,enable-bis,INGREDIENTS=Almond Oil,MCAT=Lifestyle & Wellness
[2026-04-29T04:30:00.035Z]   Page 52...
[2026-04-29T04:30:00.813Z]   [SKIPPED - not supplement] "Bambino Mio Swim Hat Nice L-XL (1-2 Years)" | product_type: "Other Pharmacy & Clothing"
[2026-04-29T04:30:00.814Z]   [SKIPPED - not supplement] "Bambino Mio Swim Rash Top Neon Large (1-2 Years)" | product_type: "Other Pharmacy & Clothing"
[2026-04-29T04:30:00.814Z]   [SKIPPED - not supplement] "Bambino Mio Swim Rash Top Violet Large (1-2 Years)" | product_type: "Other Pharmacy & Clothing"
[2026-04-29T04:30:00.814Z]   [SKIPPED - not supplement] "Bambino Mio Swim Changing Mat Violet" | product_type: "Other Pharmacy & Clothing"
[2026-04-29T04:30:00.815Z]   [SKIPPED - not supplement] "Bambino Mio Swim Changing Mat Neon" | product_type: "Other Pharmacy & Clothing"
[2026-04-29T04:30:00.815Z]   [SKIPPED - not supplement] "Bambino Mio Swim Rash Top Violet XL 2 years+" | product_type: "Other Pharmacy & Clothing"
[2026-04-29T04:30:00.815Z]   [SKIPPED - not supplement] "Bambino Mio Swim Rash Top Violet M 6-12m" | product_type: "Other Pharmacy & Clothing"
[2026-04-29T04:30:00.815Z]   [SKIPPED - not supplement] "Bambino Mio Swim Rash Top Neon S 0-6m" | product_type: "Other Pharmacy & Clothing"
[2026-04-29T04:30:00.816Z]   [SKIPPED - not supplement] "Bambino Mio Reversible Swim Hat Neon L-Xl (1-2yr+)" | product_type: "Other Pharmacy & Clothing"
[2026-04-29T04:30:00.816Z]   [SKIPPED - not supplement] "Bambino Mio Reversible Swim Hat Nautical S-M (<12 months)" | product_type: "Other Pharmacy & Clothing"
[2026-04-29T04:30:00.816Z]   [SKIPPED - not supplement] "Bambino Mio Reversible Swim Hat Nice S-M (<12 months)" | product_type: "Other Pharmacy & Clothing"
[2026-04-29T04:30:00.817Z]   [SKIPPED - not supplement] "Bambino Mio Reversible Swim Hat Nice L-XL (1-2 years+)" | product_type: "Other Pharmacy & Clothing"
[2026-04-29T04:30:00.817Z]   [SKIPPED - not supplement] "Bambino Mio Reversible Swim Hat Violet S-M (<12 months)" | product_type: "Other Pharmacy & Clothing"
[2026-04-29T04:30:00.817Z]   [SKIPPED - not supplement] "Bambino Mio Potty Training Pants 18-24 Months 'Captain Carrot'" | product_type: "Other Pharmacy & Clothing"
[2026-04-29T04:30:00.818Z]   [SKIPPED - not supplement] "L'Oreal Age Perfect Day 50ml" | product_type: "Beauty Accessories"
[2026-04-29T04:30:00.820Z]   [SKIPPED - not supplement] "Mae. Elastics Terry Toweling Ponytailers X Large Black 2 Pack" | product_type: "Beauty Accessories"
[2026-04-29T04:30:00.821Z]   [SKIPPED - not supplement] "MARC JACOBS FRAGRANCES Daisy Fresh Eau de Toilette Spray 125 ML" | product_type: "Beauty Accessories"
[2026-04-29T04:30:00.824Z]   [SKIPPED - not supplement] "Wet n Wild Crease Brush" | product_type: "Beauty Accessories"
[2026-04-29T04:30:00.825Z]   [SKIPPED - not supplement] "Revlon Facial Roller" | product_type: "Beauty Accessories"
[2026-04-29T04:30:00.827Z]   [SKIPPED - not supplement] "Swisspers Cotton Tips Paper Stems 400 Pack" | product_type: "Beauty Accessories"
[2026-04-29T04:30:00.827Z]   [SKIPPED - not supplement] "Swisspers Cotton Tips Paper Stems 20 Pack" | product_type: "Beauty Accessories"
[2026-04-29T04:30:00.828Z]   [SKIPPED - not supplement] "Swisspers Dual Cosmetic Tips Paper Stems 100 Pack" | product_type: "Beauty Accessories"
[2026-04-29T04:30:00.830Z]   [SKIPPED - not supplement] "b.box Connect-a-Cup Strawberry Shake" | product_type: "Baby"
[2026-04-29T04:30:00.830Z]   [SKIPPED - not supplement] "b.box Connect-a-Cup Ocean Breeze" | product_type: "Baby"
[2026-04-29T04:30:00.830Z]   [SKIPPED - not supplement] "Calvin Klein Eternity Eau de Toilette for him 100ml" | product_type: "Beauty Accessories"
[2026-04-29T04:30:00.831Z]   [SKIPPED - not supplement] "Casa Hair Towel Long Grey" | product_type: "Beauty Accessories"
[2026-04-29T04:30:00.832Z]   [SKIPPED - not supplement] "DKNY Be Delicious EDP 100ml for Women" | product_type: "Beauty Accessories"
[2026-04-29T04:30:01.345Z]   Page 53...
[2026-04-29T04:30:02.275Z]   [SKIPPED - not supplement] "MCoBeauty. Pro Deluxe Eye Set" | product_type: "Beauty Accessories"
[2026-04-29T04:30:02.276Z]   [SKIPPED - not supplement] "MCoBeauty. Pro Angled Blush Brush" | product_type: "Beauty Accessories"
[2026-04-29T04:30:02.277Z]   [SKIPPED - not supplement] "Prada Candy Florale EDT 50ml for Women" | product_type: "Beauty Accessories"
[2026-04-29T04:30:02.277Z]   [SKIPPED - not supplement] "Burberry Touch EDP 100ml for Women" | product_type: "Beauty Accessories"
[2026-04-29T04:30:02.281Z]   [SKIPPED - not supplement] "Stella McCartney Pop EDP 100ml for Women" | product_type: "Beauty Accessories"
[2026-04-29T04:30:02.281Z]   [SKIPPED - not supplement] "Stella McCartney Pop Bluebell EDP 50ml for Women" | product_type: "Beauty Accessories"
[2026-04-29T04:30:02.281Z]   [SKIPPED - not supplement] "Sisley Eau de Sisley 2 EDT 100ml for Women" | product_type: "Beauty Accessories"
[2026-04-29T04:30:02.282Z]   [SKIPPED - not supplement] "Calvin Klein Eternity Air Women Eau de Parfum 100 ML" | product_type: "Beauty Accessories"
[2026-04-29T04:30:02.283Z]   [SKIPPED - not supplement] "Real Techniques Miracle Sponge Multi-Pack" | product_type: "Beauty Accessories"
[2026-04-29T04:30:02.284Z]   [SKIPPED - not supplement] "Truyu Facial Razors (2)" | product_type: "Beauty Accessories"
[2026-04-29T04:30:02.285Z]   [SKIPPED - not supplement] "Mini By Mae One Touch Clips 4cm With Hearts (6)" | product_type: "Beauty Accessories"
[2026-04-29T04:30:02.287Z]   [SKIPPED - no category] "Palmer's Cocoa Butter Formula Massage Lotion for Stretch Marks 250 mL" | product_type: "Skin Care" | tags: bargains|body-care|stretch-marks|palmers|moisturiser|skin-care|body-treatments,coll_PriceSmash
[2026-04-29T04:30:02.290Z]   [SKIPPED - not supplement] "Tangle Teezer Fine & Fragile Pink Dawn" | product_type: "Beauty Accessories"
[2026-04-29T04:30:02.796Z]   Page 54...
[2026-04-29T04:30:03.685Z]   [SKIPPED - not supplement] "Mae Comb Shell 4 Pack" | product_type: "Beauty Accessories"
[2026-04-29T04:30:03.686Z]   [SKIPPED - not supplement] "Truyu Cuticle Groomer" | product_type: "Beauty Accessories"
[2026-04-29T04:30:03.688Z]   [SKIPPED - not supplement] "Truyu Compact Powder Brush" | product_type: "Beauty Accessories"
[2026-04-29T04:30:03.689Z]   [SKIPPED - not supplement] "Mae Large Sidecombs Shell 4 Pack" | product_type: "Beauty Accessories"
[2026-04-29T04:30:03.689Z]   [SKIPPED - not supplement] "Bambino Mio Mioboost Insert 3 Pack" | product_type: "Other Pharmacy & Clothing"
[2026-04-29T04:30:03.689Z]   [SKIPPED - not supplement] "Truyu Cuticle Nippers" | product_type: "Beauty Accessories"
[2026-04-29T04:30:03.690Z]   [SKIPPED - not supplement] "Mae Brush Ionised Grooming" | product_type: "Beauty Accessories"
[2026-04-29T04:30:03.690Z]   [SKIPPED - not supplement] "Kleenex Everyday 2 Ply Facial Tissues 200 Pack" | product_type: "Personal Care"
[2026-04-29T04:30:03.690Z]   [SKIPPED - not supplement] "Mae Medium Sidecombs Clear 4 Pack" | product_type: "Beauty Accessories"
[2026-04-29T04:30:03.691Z]   [SKIPPED - no category] "Weleda Arnica Massage Oil 100ml" | product_type: "Health & Wellbeing" | tags: Bargains Best Price,BRAND=Weleda,CAT=Essential Oils,enable-bis,may-2026-promo
[2026-04-29T04:30:03.691Z]   [SKIPPED - not supplement] "Tangle Teezer Original Black Panther" | product_type: "Beauty Accessories"
[2026-04-29T04:30:03.692Z]   [SKIPPED - not supplement] "Simply Essential Crystal Nail File" | product_type: "Beauty Accessories"
[2026-04-29T04:30:03.692Z]   [SKIPPED - not supplement] "Simply Essential Face Clean Brush" | product_type: "Beauty Accessories"
[2026-04-29T04:30:03.693Z]   [SKIPPED - not supplement] "Mae Brush Essential Radial Small" | product_type: "Beauty Accessories"
[2026-04-29T04:30:03.694Z]   [SKIPPED - not supplement] "Mae Elastics Thick Super Stretch Black 12 Pack" | product_type: "Beauty Accessories"
[2026-04-29T04:30:03.695Z]   [SKIPPED - not supplement] "Mae. Plastic Ibis Clip 12cm Shell" | product_type: "Beauty Accessories"
[2026-04-29T04:30:03.695Z]   [SKIPPED - not supplement] "Mae Black Pocket Comb 3 Pack" | product_type: "Beauty Accessories"
[2026-04-29T04:30:03.695Z]   [SKIPPED - not supplement] "Truyu Eyelash Curler Ergonomic Handles" | product_type: "Beauty Accessories"
[2026-04-29T04:30:03.696Z]   [SKIPPED - not supplement] "Truyu Tweezer Duo" | product_type: "Beauty Accessories"
[2026-04-29T04:30:03.697Z]   [SKIPPED - not supplement] "Mae Teeth Headband Shell" | product_type: "Beauty Accessories"
[2026-04-29T04:30:03.697Z]   [SKIPPED - not supplement] "Truyu Blackhead Remover" | product_type: "Beauty Accessories"
[2026-04-29T04:30:03.697Z]   [SKIPPED - not supplement] "Simply Essential Deluxe Blackhead Remover" | product_type: "Beauty Accessories"
[2026-04-29T04:30:03.698Z]   [SKIPPED - not supplement] "Mae Rubberised Sectioning Clip 2 Pack" | product_type: "Beauty Accessories"
[2026-04-29T04:30:03.698Z]   [SKIPPED - not supplement] "Mae Flat Elastics Blonde 12 Pack" | product_type: "Beauty Accessories"
[2026-04-29T04:30:03.699Z]   [SKIPPED - not supplement] "Truyu Essential Cosmetic Tool Kit & Sponge" | product_type: "Beauty Accessories"
[2026-04-29T04:30:03.699Z]   [SKIPPED - not supplement] "Mini By Mae Elastics Thin Small Assorted Brights (20)" | product_type: "Beauty Accessories"
[2026-04-29T04:30:03.699Z]   [SKIPPED - not supplement] "Mae. Wire Headband Black → Mae Wire Headband Black" | product_type: "Beauty Accessories"
[2026-04-29T04:30:03.700Z]   [SKIPPED - not supplement] "Simply Essential Massaging Bath Brush" | product_type: "Personal Care"
[2026-04-29T04:30:03.700Z]   [SKIPPED - not supplement] "Mae Detangling Comb Shell" | product_type: "Beauty Accessories"
[2026-04-29T04:30:03.700Z]   [SKIPPED - not supplement] "Mini By Mae Elastics Polybands Assorted Brights (100)" | product_type: "Beauty Accessories"
[2026-04-29T04:30:03.701Z]   [SKIPPED - not supplement] "Mae Hair Pins 5cm Black 62 Pack" | product_type: "Beauty Accessories"
[2026-04-29T04:30:03.701Z]   [SKIPPED - not supplement] "Mae Brush Essential Paddle" | product_type: "Beauty Accessories"
[2026-04-29T04:30:03.702Z]   [SKIPPED - not supplement] "Truyu Tweezer & Spoolie Slant Tip Black" | product_type: "Beauty Accessories"
[2026-04-29T04:30:03.702Z]   [SKIPPED - not supplement] "Mae Brush Ionised Tunnel Vent" | product_type: "Beauty Accessories"
[2026-04-29T04:30:03.702Z]   [SKIPPED - not supplement] "Mae Comb Scalp Massager" | product_type: "Beauty Accessories"
[2026-04-29T04:30:03.703Z]   [SKIPPED - not supplement] "Truyu Eyelash Curler" | product_type: "Beauty Accessories"
[2026-04-29T04:30:03.703Z]   [SKIPPED - not supplement] "Truyu Pedicure File Ceramic Stone" | product_type: "Beauty Accessories"
[2026-04-29T04:30:03.703Z]   [SKIPPED - not supplement] "Simply Essential Makeup Remover Cloths 2 Pack" | product_type: "Beauty Accessories"
[2026-04-29T04:30:03.703Z]   [SKIPPED - not supplement] "Mae Brush Ionised Finishing" | product_type: "Beauty Accessories"
[2026-04-29T04:30:03.704Z]   [SKIPPED - not supplement] "Truyu Professional Nail File Superfine/Fine 2 Pack" | product_type: "Beauty Accessories"
[2026-04-29T04:30:03.704Z]   [SKIPPED - not supplement] "Mae Pocket Comb Shell 2 Pack" | product_type: "Beauty Accessories"
[2026-04-29T04:30:03.705Z]   [SKIPPED - not supplement] "Truyu Slant Tip Tweezers Gold" | product_type: "Beauty Accessories"
[2026-04-29T04:30:03.705Z]   [SKIPPED - not supplement] "Mae Brush Essential Denman" | product_type: "Beauty Accessories"
[2026-04-29T04:30:03.706Z]   [SKIPPED - not supplement] "Truyu Nail Scissors Curved Blades Black" | product_type: "Beauty Accessories"
[2026-04-29T04:30:03.706Z]   [SKIPPED - not supplement] "Mae. Large Elastic Ponytail Holders Black 2 Pack" | product_type: "Beauty Accessories"
[2026-04-29T04:30:03.707Z]   [SKIPPED - not supplement] "Simply Essential Pumice With Handle" | product_type: "Personal Care"
[2026-04-29T04:30:03.707Z]   [SKIPPED - not supplement] "Mae Elastic Polybands Black & Clear 100 Pack" | product_type: "Beauty Accessories"
[2026-04-29T04:30:03.707Z]   [SKIPPED - not supplement] "Mae Black Bobby Pin 4.5cm Bulk 80" | product_type: "Beauty Accessories"
[2026-04-29T04:30:03.708Z]   [SKIPPED - not supplement] "Mae. Brush Neon Oval Pad Pink" | product_type: "Beauty Accessories"
[2026-04-29T04:30:03.708Z]   [SKIPPED - not supplement] "Tangle Teezer Wet Detangler Hair Brush Pale Pink" | product_type: "Beauty Accessories"
[2026-04-29T04:30:03.708Z]   [SKIPPED - not supplement] "Mae Thick Elastics Brown 8 Pack" | product_type: "Beauty Accessories"
[2026-04-29T04:30:03.709Z]   [SKIPPED - not supplement] "Truyu Deluxe Blending Sponge" | product_type: "Beauty Accessories"
[2026-04-29T04:30:03.709Z]   [SKIPPED - not supplement] "Mae French Clip 7.5cm Shell" | product_type: "Beauty Accessories"
[2026-04-29T04:30:03.709Z]   [SKIPPED - not supplement] "Mae. Thin Small Elastics Black 20 Pack" | product_type: "Beauty Accessories"
[2026-04-29T04:30:03.710Z]   [SKIPPED - not supplement] "Mae Metal Ibis Clip 12cm Black" | product_type: "Beauty Accessories"
[2026-04-29T04:30:03.710Z]   [SKIPPED - not supplement] "Simply Essential Heavy Duty Chiropody Plier" | product_type: "Beauty Accessories"
[2026-04-29T04:30:03.710Z]   [SKIPPED - not supplement] "Truyu Slant Tip Tweezer Black" | product_type: "Beauty Accessories"
[2026-04-29T04:30:03.711Z]   [SKIPPED - not supplement] "Mae Comb Wet Care Shell" | product_type: "Beauty Accessories"
[2026-04-29T04:30:03.711Z]   [SKIPPED - not supplement] "Truyu Sapphire File & Protective Cap" | product_type: "Beauty Accessories"
[2026-04-29T04:30:03.711Z]   [SKIPPED - not supplement] "Versace Dylan Blue Pour Homme Eau De Toilette 50ml" | product_type: "Beauty Accessories"
[2026-04-29T04:30:03.712Z]   [SKIPPED - not supplement] "Mae. Flat Elastics Black 12 Pack" | product_type: "Beauty Accessories"
[2026-04-29T04:30:03.712Z]   [SKIPPED - not supplement] "Truyu 2-IN-1 Tip Tweezers & Sharpener" | product_type: "Beauty Accessories"
[2026-04-29T04:30:03.712Z]   [SKIPPED - not supplement] "Mae. Comb Tail Metal Handle Black" | product_type: "Beauty Accessories"
[2026-04-29T04:30:04.225Z]   Page 55...
[2026-04-29T04:30:04.997Z]   [SKIPPED - not supplement] "Tangle Teezer Wet Detangler Black" | product_type: "Beauty Accessories"
[2026-04-29T04:30:05.007Z]   [SKIPPED - not supplement] "Natio Blusher Brush" | product_type: "Beauty Accessories"
[2026-04-29T04:30:05.008Z]   [SKIPPED - not supplement] "Natio Powder Brush" | product_type: "Beauty Accessories"
[2026-04-29T04:30:05.520Z]   Page 56...
[2026-04-29T04:30:06.311Z]   [SKIPPED - not supplement] "Revlon ColorStay Brow Creator Dark Brown" | product_type: "Beauty Accessories"
[2026-04-29T04:30:06.315Z]   [SKIPPED - not supplement] "Marc Jacobs Daisy Eau de Toilette Perfume Spray 100ml" | product_type: "Beauty Accessories"
[2026-04-29T04:30:06.317Z]   [SKIPPED - not supplement] "Philips Avent Anti-colic Bottle 260ml 1pk" | product_type: "Baby"
[2026-04-29T04:30:06.317Z]   [SKIPPED - not supplement] "Philips Avent Bottle Brush Blue" | product_type: "Baby"
[2026-04-29T04:30:06.318Z]   [SKIPPED - not supplement] "Philips Avent Anti-colic Teats 1m+ Slow Flow 2pk" | product_type: "Baby"
[2026-04-29T04:30:06.318Z]   [SKIPPED - not supplement] "Philips Avent Anti-colic Teats 0m+ Newborn Flow 2pk" | product_type: "Baby"
[2026-04-29T04:30:06.318Z]   [SKIPPED - not supplement] "Philips Avent Anti-colic Teats 3m+ Medium Flow 2pk" | product_type: "Baby"
[2026-04-29T04:30:06.319Z]   [SKIPPED - not supplement] "Philips Avent Milk Storage Cups 180ml 5 Pack" | product_type: "Baby"
[2026-04-29T04:30:06.319Z]   [SKIPPED - not supplement] "Philips Avent Anti-colic Bottle 125ml 1pk" | product_type: "Baby"
[2026-04-29T04:30:06.319Z]   [SKIPPED - not supplement] "Philips Avent Anti-Colic Bottles 0m+ 2 x 125mL" | product_type: "Baby"
[2026-04-29T04:30:06.320Z]   [SKIPPED - not supplement] "Philips Avent Anti-colic Teats 6m+ Fast Flow 2pk" | product_type: "Baby"
[2026-04-29T04:30:06.320Z]   [SKIPPED - not supplement] "Philips Avent Anti-colic Bottle 260ml 2pk" | product_type: "Baby"
[2026-04-29T04:30:06.320Z]   [SKIPPED - not supplement] "Philips Avent Milk Powder Dispenser" | product_type: "Baby"
[2026-04-29T04:30:06.320Z]   [SKIPPED - not supplement] "Philips Avent Anti-Colic Baby Bottle Newborn Starter Set" | product_type: "Baby"
[2026-04-29T04:30:06.322Z]   [SKIPPED - not supplement] "Revlon ColorStay Brow Pencil Soft Blonde" | product_type: "Beauty Accessories"
[2026-04-29T04:30:06.832Z]   Page 57...
[2026-04-29T04:30:07.608Z]   [SKIPPED - not supplement] "Swisspers Cotton Squares 80 pack" | product_type: "Beauty Accessories"
[2026-04-29T04:30:07.610Z]   [SKIPPED - not supplement] "Swisspers Make-Up Pads 20 pack" | product_type: "Beauty Accessories"
[2026-04-29T04:30:07.610Z]   [SKIPPED - not supplement] "SWISSPERS Paper Stem Cotton Buds 120s" | product_type: "Beauty Accessories"
[2026-04-29T04:30:07.611Z]   [SKIPPED - not supplement] "SWISSPERS Make Up Pads 80s" | product_type: "Beauty Accessories"
[2026-04-29T04:30:08.129Z]   Page 58...
[2026-04-29T04:30:09.395Z]   Page 59...
[2026-04-29T04:30:10.165Z]   [SKIPPED - no category] "Durex Play Massage 2 in 1 Gel Intimate Lubricant Aloe Vera 200mL" | product_type: "Health & Wellbeing" | tags: BRAND=Durex,CAT=Sexual Health & Family Planning,Category: Sexual Wellbeing,coll_PriceSmash,Durex
[2026-04-29T04:30:10.687Z]   Page 60...
[2026-04-29T04:30:11.977Z]   Page 61...
[2026-04-29T04:30:12.327Z]   Found 2164 supplement products from Bargain Chemist (61 pages fetched)
[2026-04-29T04:30:13.832Z] Scraping Xplosiv (Magento)...
[2026-04-29T04:30:29.314Z]   Found 0 products from Xplosiv
[2026-04-29T04:30:30.817Z] Scraping Sprint Fit (custom platform)...
[2026-04-29T04:30:38.366Z]   Found 0 products from Sprint Fit
[2026-04-29T04:30:39.880Z] Scraping Payless Supplements (custom platform)...
[2026-04-29T04:30:46.952Z]   Payless Supplements category fat-burners error: Invalid URL
[2026-04-29T04:30:51.965Z]   Found 0 products from Payless Supplements
[2026-04-29T04:30:53.478Z] Scraping GNC NZ (custom platform)...
[2026-04-29T04:31:02.116Z]   Found 0 products from GNC NZ
[2026-04-29T04:31:03.619Z] Scraping Nutrition Warehouse NZ (custom platform)...
[2026-04-29T04:31:14.025Z]   Nutrition Warehouse category collections/rtd error: Invalid URL
[2026-04-29T04:31:17.486Z]   Found 0 products from Nutrition Warehouse
[2026-04-29T04:31:17.589Z] 
[2026-04-29T04:31:17.590Z] === Scrape complete ===
[2026-04-29T04:31:17.590Z] Total products: 6649
[2026-04-29T04:31:17.590Z] 
[2026-04-29T04:31:17.590Z] By retailer:
[2026-04-29T04:31:17.591Z]   NZ Muscle                 684 products
[2026-04-29T04:31:17.591Z]   Sportsfuel                3199 products
[2026-04-29T04:31:17.591Z]   Scorpion Supplements      63 products
[2026-04-29T04:31:17.591Z]   ASN Online                273 products
[2026-04-29T04:31:17.591Z]   Supplement Solutions      102 products
[2026-04-29T04:31:17.592Z]   Raisey's                  36 products
[2026-04-29T04:31:17.592Z]   Elite Supplements         0 products
[2026-04-29T04:31:17.592Z]   BodyStrong                128 products
[2026-04-29T04:31:17.592Z]   Chemist Warehouse         0 products
[2026-04-29T04:31:17.593Z]   Bargain Chemist           2164 products
[2026-04-29T04:31:17.593Z]   Xplosiv                   0 products
[2026-04-29T04:31:17.593Z]   Sprint Fit                0 products
[2026-04-29T04:31:17.593Z]   Payless Supplements       0 products
[2026-04-29T04:31:17.594Z]   GNC NZ                    0 products
[2026-04-29T04:31:17.594Z]   Nutrition Warehouse       0 products
[2026-04-29T04:31:17.594Z] 
[2026-04-29T04:31:17.595Z] By category:
[2026-04-29T04:31:17.595Z]   protein         1196
[2026-04-29T04:31:17.595Z]   creatine        300
[2026-04-29T04:31:17.595Z]   preworkout      562
[2026-04-29T04:31:17.596Z]   fatburner       411
[2026-04-29T04:31:17.596Z]   bcaa            418
[2026-04-29T04:31:17.596Z] 
Output: C:\Users\rapha\scoopscore\data\products.json
[2026-04-29T22:24:31.667Z] === ScoopScore scrape started ===
[2026-04-29T22:24:31.671Z] Retailers: NZ Muscle, Sportsfuel, Scorpion Supplements, ASN Online, Supplement Solutions, Raisey's, BodyStrong, Bargain Chemist, Payless Supplements + Xplosiv + Sprint Fit + Payless Supplements + GNC NZ + Nutrition Warehouse
[2026-04-29T22:24:31.736Z] Loaded 6649 existing products (preserving price history)
[2026-04-29T22:24:31.736Z] Scraping NZ Muscle...
[2026-04-29T22:24:31.737Z]   Page 1...
[2026-04-29T22:24:32.458Z]   [SKIPPED - not supplement] "GAT Sport Essential Cyclic Dextrin" | product_type: "(blank)"
[2026-04-29T22:24:32.458Z]   [SKIPPED - not supplement] "NZ Muscle Motion Leggings" | product_type: "(blank)"
[2026-04-29T22:24:32.459Z]   [SKIPPED - not supplement] "NZ Muscle Motion Shorts" | product_type: "(blank)"
[2026-04-29T22:24:32.459Z]   [SKIPPED - not supplement] "Livepro Lifting Chain 10Kg" | product_type: "(blank)"
[2026-04-29T22:24:32.460Z]   [SKIPPED - not supplement] "Livepro Mid Grip Handle" | product_type: "(blank)"
[2026-04-29T22:24:32.461Z]   [SKIPPED - no category] "C4 Energy + Amino" | product_type: "(blank)" | tags: 
[2026-04-29T22:24:32.461Z]   [SKIPPED - not supplement] "Musashi Shred Energy 355ml" | product_type: "(blank)"
[2026-04-29T22:24:32.462Z]   [SKIPPED - not supplement] "Rechargeable Hand Mixer" | product_type: "(blank)"
[2026-04-29T22:24:32.462Z]   [SKIPPED - no category] "TriggerPoint MobiPoint Massage Ball" | product_type: "(blank)" | tags: yoga / rollers
[2026-04-29T22:24:32.462Z]   [SKIPPED - no category] "TriggerPoint MB1 Massage Ball" | product_type: "(blank)" | tags: yoga / rollers
[2026-04-29T22:24:32.463Z]   [SKIPPED - not supplement] "Olympic Spring Collars - pair" | product_type: "(blank)"
[2026-04-29T22:24:32.463Z]   [SKIPPED - not supplement] "Medium Wide Grip Handle" | product_type: "(blank)"
[2026-04-29T22:24:32.464Z]   [SKIPPED - not supplement] "JNX Sports Gym Towel" | product_type: "(blank)"
[2026-04-29T22:24:32.464Z]   [SKIPPED - not supplement] "JNX Sports Air Freshener" | product_type: "(blank)"
[2026-04-29T22:24:32.464Z]   [SKIPPED - not supplement] "Healtheries Fish Oil 1500mg 150 Capsules" | product_type: "(blank)"
[2026-04-29T22:24:32.465Z]   [SKIPPED - not supplement] "NZ Muscle Rise Leggings" | product_type: "(blank)"
[2026-04-29T22:24:32.465Z]   [SKIPPED - not supplement] "NZ Muscle Rise Shorts" | product_type: "(blank)"
[2026-04-29T22:24:32.466Z]   [SKIPPED - not supplement] "NZ Muscle Elevate Shorts" | product_type: "(blank)"
[2026-04-29T22:24:32.973Z]   Page 2...
[2026-04-29T22:24:33.363Z]   [SKIPPED - not supplement] "Switch Ultra Fish Oil Caps" | product_type: "(blank)"
[2026-04-29T22:24:33.363Z]   [SKIPPED - not supplement] "Nutra-Life Fish Oil One-A-Day" | product_type: "(blank)"
[2026-04-29T22:24:33.364Z]   [SKIPPED - not supplement] "Musashi Shred Chewables 54 Tablets" | product_type: "(blank)"
[2026-04-29T22:24:33.364Z]   [SKIPPED - no category] "Bundle with Optimum Nutrition Amino Energy" | product_type: "(blank)" | tags: 
[2026-04-29T22:24:33.365Z]   [SKIPPED - not supplement] "SKLZ Grip Strength Trainer" | product_type: "(blank)"
[2026-04-29T22:24:33.365Z]   [SKIPPED - not supplement] "Pulldown attachments - 5 piece set" | product_type: "(blank)"
[2026-04-29T22:24:33.367Z]   [SKIPPED - not supplement] "LiveUp Sports Adjustable Handgrip" | product_type: "(blank)"
[2026-04-29T22:24:33.367Z]   [SKIPPED - not supplement] "Livepro Wide Grip Handle" | product_type: "(blank)"
[2026-04-29T22:24:33.367Z]   [SKIPPED - no category] "LivePro Targeted Massage Ball" | product_type: "(blank)" | tags: yoga / rollers
[2026-04-29T22:24:33.367Z]   [SKIPPED - not supplement] "LivePro T-Bar Row Handle" | product_type: "(blank)"
[2026-04-29T22:24:33.368Z]   [SKIPPED - not supplement] "LivePro Strap Handle Pro" | product_type: "(blank)"
[2026-04-29T22:24:33.368Z]   [SKIPPED - not supplement] "LivePro Sports Pull Rope" | product_type: "(blank)"
[2026-04-29T22:24:33.368Z]   [SKIPPED - not supplement] "LivePro Single Cable Handle" | product_type: "(blank)"
[2026-04-29T22:24:33.369Z]   [SKIPPED - not supplement] "LivePro Home Training Cables" | product_type: "(blank)"
[2026-04-29T22:24:33.369Z]   [SKIPPED - not supplement] "Healtheries Fish Oil 1000mg - 200 Capsules" | product_type: "(blank)"
[2026-04-29T22:24:33.369Z]   [SKIPPED - not supplement] "Harbinger Chalk Ball" | product_type: "(blank)"
[2026-04-29T22:24:33.875Z]   Page 3...
[2026-04-29T22:24:34.588Z]   [SKIPPED - not supplement] "NZ Muscle Waist Trainer" | product_type: "(blank)"
[2026-04-29T22:24:34.589Z]   [SKIPPED - not supplement] "Status Air Freshener" | product_type: "(blank)"
[2026-04-29T22:24:35.101Z]   Page 4...
[2026-04-29T22:24:35.586Z]   [SKIPPED - not supplement] "NZ Muscle Sports Shorts" | product_type: "(blank)"
[2026-04-29T22:24:35.586Z]   [SKIPPED - not supplement] "NZ Muscle Elevate Leggings" | product_type: "(blank)"
[2026-04-29T22:24:35.587Z]   [SKIPPED - no category] "Bundle with NZ Muscle Mass" | product_type: "(blank)" | tags: 
[2026-04-29T22:24:35.587Z]   [SKIPPED - not supplement] "Switch Nutrition Essential Carbs" | product_type: "(blank)"
[2026-04-29T22:24:35.588Z]   [SKIPPED - not supplement] "ShakeSphere Magnetic Pill Storage - Two Layers" | product_type: "(blank)"
[2026-04-29T22:24:35.588Z]   [SKIPPED - not supplement] "ShakeSphere Magnetic Pill Storage - One Layer" | product_type: "(blank)"
[2026-04-29T22:24:35.588Z]   [SKIPPED - not supplement] "Post Landmine" | product_type: "(blank)"
[2026-04-29T22:24:35.589Z]   [SKIPPED - not supplement] "NZ Muscle ICE Bucket" | product_type: "(blank)"
[2026-04-29T22:24:35.589Z]   [SKIPPED - not supplement] "NZ Muscle Funnel" | product_type: "(blank)"
[2026-04-29T22:24:35.589Z]   [SKIPPED - not supplement] "NZ Muscle Beach Ball" | product_type: "(blank)"
[2026-04-29T22:24:35.590Z]   [SKIPPED - not supplement] "LiveUp Sports Home Pull Up Bar 80-120cm" | product_type: "(blank)"
[2026-04-29T22:24:35.590Z]   [SKIPPED - not supplement] "LiveUp Sports Home Pull Up Bar 63-96cm" | product_type: "(blank)"
[2026-04-29T22:24:35.590Z]   [SKIPPED - not supplement] "LiveUp Sports Gymnastic Rings" | product_type: "(blank)"
[2026-04-29T22:24:35.590Z]   [SKIPPED - not supplement] "LivePro Single Row Handle" | product_type: "(blank)"
[2026-04-29T22:24:35.591Z]   [SKIPPED - not supplement] "LivePro Handle Grip" | product_type: "(blank)"
[2026-04-29T22:24:35.591Z]   [SKIPPED - not supplement] "LivePro Gym Chalk Bag" | product_type: "(blank)"
[2026-04-29T22:24:35.591Z]   [SKIPPED - not supplement] "LivePro Barbell Collars" | product_type: "(blank)"
[2026-04-29T22:24:35.592Z]   [SKIPPED - not supplement] "GO Healthy Fish Oil 2,000mg Compact Odourless 230 Capsules" | product_type: "(blank)"
[2026-04-29T22:24:35.593Z]   [SKIPPED - not supplement] "GO Healthy Fish Oil 1500mg 210 Capsules" | product_type: "(blank)"
[2026-04-29T22:24:35.593Z]   [SKIPPED - not supplement] "Get Raw Nutrition Intra Workout - Lemon & Lime" | product_type: "(blank)"
[2026-04-29T22:24:36.098Z]   Page 5...
[2026-04-29T22:24:36.903Z]   [SKIPPED - not supplement] "LivePro Hand Grip" | product_type: "(blank)"
[2026-04-29T22:24:36.909Z]   [SKIPPED - not supplement] "NZ Muscle Air Freshener" | product_type: "(blank)"
[2026-04-29T22:24:37.419Z]   Page 6...
[2026-04-29T22:24:38.265Z]   [SKIPPED - not supplement] "NZ Muscle Small Gym Towel 33x55cm" | product_type: "(blank)"
[2026-04-29T22:24:38.266Z]   [SKIPPED - not supplement] "NZ Muscle Large Gym Towel 130x65cm" | product_type: "(blank)"
[2026-04-29T22:24:38.267Z]   [SKIPPED - not supplement] "NZ Muscle Comfort Shorts" | product_type: "(blank)"
[2026-04-29T22:24:38.267Z]   [SKIPPED - not supplement] "LCD Massage Gun - 6 Heads" | product_type: "(blank)"
[2026-04-29T22:24:38.268Z]   [SKIPPED - no category] "MyProtein FlavDrops" | product_type: "(blank)" | tags: 
[2026-04-29T22:24:38.268Z]   [SKIPPED - not supplement] "Status Zip Shorts" | product_type: "(blank)"
[2026-04-29T22:24:38.269Z]   Found 685 supplement products from NZ Muscle (6 pages fetched)
[2026-04-29T22:24:39.769Z] Scraping Sportsfuel...
[2026-04-29T22:24:39.770Z]   Page 1...
[2026-04-29T22:24:40.834Z]   [SKIPPED - not supplement] "Switch Nutrition Chaga Double Strength Liquid Mushroom Extract" | product_type: "Immunity"
[2026-04-29T22:24:40.835Z]   [SKIPPED - not supplement] "Pillar Performance Iron Advanced + C Caps" | product_type: "General Health"
[2026-04-29T22:24:40.836Z]   [SKIPPED - not supplement] "Go Healthy Metabolic Health Support Caps" | product_type: "General Health"
[2026-04-29T22:24:40.836Z]   [SKIPPED - not supplement] "Maurten Drink Bottle 500ml *Gift*" | product_type: "Accessories"
[2026-04-29T22:24:40.837Z]   [SKIPPED - not supplement] "Good Health Turmeric Extra Strength Caps" | product_type: "General Health"
[2026-04-29T22:24:40.841Z]   [SKIPPED - not supplement] "SleepDrops Ultra Inflameze Caps" | product_type: "Sleep Aids"
[2026-04-29T22:24:40.841Z]   [SKIPPED - not supplement] "SleepDrops Menzzz" | product_type: "Sleep Aids"
[2026-04-29T22:24:40.842Z]   [SKIPPED - not supplement] "SleepDrops for Adults" | product_type: "Sleep Aids"
[2026-04-29T22:24:40.843Z]   [SKIPPED - not supplement] "Maurten Drink Bottle 500ml" | product_type: "Accessories"
[2026-04-29T22:24:40.843Z]   [SKIPPED - not supplement] "OneLife Daily Longevity Blend Powder" | product_type: "General Health"
[2026-04-29T22:24:40.845Z]   [SKIPPED - not supplement] "Go Healthy Pro Dream Sleep Caps" | product_type: "Sleep Aids"
[2026-04-29T22:24:40.849Z]   [SKIPPED - not supplement] "The Brothers Green Bio-active Sleep Drops" | product_type: "Sleep Aids"
[2026-04-29T22:24:40.850Z]   [SKIPPED - not supplement] "Lifestream New Zealand Astaxanthin Caps" | product_type: "General Health"
[2026-04-29T22:24:40.851Z]   [SKIPPED - not supplement] "FuelR Isotonic Energy Gel" | product_type: "Energy & Endurance"
[2026-04-29T22:24:40.852Z]   [SKIPPED - not supplement] "Evva NMN Radiance Powder" | product_type: "General Health"
[2026-04-29T22:24:40.853Z]   [SKIPPED - not supplement] "X50 Pure Organic Broccoli Sprouts Caps" | product_type: "General Health"
[2026-04-29T22:24:40.854Z]   [SKIPPED - not supplement] "MyPause Health Sleep Assist Caps" | product_type: "Sleep Aids"
[2026-04-29T22:24:40.854Z]   [SKIPPED - not supplement] "Zombie Labs Mouth Tape" | product_type: "Sleep Aids"
[2026-04-29T22:24:40.855Z]   [SKIPPED - not supplement] "Switch Nutrition Tudca Caps" | product_type: "General Health"
[2026-04-29T22:24:40.855Z]   [SKIPPED - not supplement] "Pack Nutrition Elementals NMN Caps" | product_type: "General Health"
[2026-04-29T22:24:40.856Z]   [SKIPPED - not supplement] "Nexus Easy Sleep Powder" | product_type: "Sleep Aids"
[2026-04-29T22:24:40.856Z]   [SKIPPED - not supplement] "Harbinger Liquid Chalk" | product_type: "Workout Equipment"
[2026-04-29T22:24:40.857Z]   [SKIPPED - not supplement] "Pack Nutrition Elementals Shilajit 40% Fulvic Acid Caps" | product_type: "General Health"
[2026-04-29T22:24:40.858Z]   [SKIPPED - not supplement] "MitoQ +Liver Metabolism Antioxidant Capsules" | product_type: "General Health"
[2026-04-29T22:24:40.858Z]   [SKIPPED - not supplement] "SmartShake Bohtal Insulated Travel Mug 600ml" | product_type: "Water Bottles"
[2026-04-29T22:24:40.859Z]   [SKIPPED - not supplement] "SmartShake Bohtal Insulated Tumbler 750ml" | product_type: "Water Bottles"
[2026-04-29T22:24:40.859Z]   [SKIPPED - not supplement] "SmartShake Bohtal Insulated Sports Bottle 960ml" | product_type: "Water Bottles"
[2026-04-29T22:24:40.860Z]   [SKIPPED - not supplement] "Secret Santa Bundle" | product_type: "Accessories"
[2026-04-29T22:24:40.860Z]   [SKIPPED - not supplement] "Muscle Recovery Bundle" | product_type: "Recovery"
[2026-04-29T22:24:40.861Z]   [SKIPPED - not supplement] "SIS Rego Cherry Juice Concentrate Sachets" | product_type: "Recovery"
[2026-04-29T22:24:40.861Z]   [SKIPPED - not supplement] "SIS Rest+ Juice Drink Mix" | product_type: "Sleep Aids"
[2026-04-29T22:24:41.376Z]   Page 2...
[2026-04-29T22:24:42.252Z]   [SKIPPED - not supplement] "Precision Fuel PF 30 Chew Bar" | product_type: "Energy & Endurance"
[2026-04-29T22:24:42.253Z]   [SKIPPED - not supplement] "Precision Fuel PF 60 Chew Bar" | product_type: "Energy & Endurance"
[2026-04-29T22:24:42.253Z]   [SKIPPED - not supplement] "Precision Fuel PF Carb Only Drink Mix" | product_type: "Energy & Endurance"
[2026-04-29T22:24:42.254Z]   [SKIPPED - not supplement] "Precision Fuel PF 300 Flow Gel" | product_type: "Energy & Endurance"
[2026-04-29T22:24:42.254Z]   [SKIPPED - not supplement] "Precision Fuel PF 90 Gel" | product_type: "Energy & Endurance"
[2026-04-29T22:24:42.255Z]   [SKIPPED - not supplement] "Precision Fuel PF 30 Gel" | product_type: "Energy & Endurance"
[2026-04-29T22:24:42.256Z]   [SKIPPED - not supplement] "Harbinger Pro Elbow Sleeves 4mm" | product_type: "Workout Equipment"
[2026-04-29T22:24:42.256Z]   [SKIPPED - not supplement] "Harbinger Pro Lifting Grips" | product_type: "Workout Equipment"
[2026-04-29T22:24:42.257Z]   [SKIPPED - not supplement] "Vitalze KnotAway Cream" | product_type: "Recovery"
[2026-04-29T22:24:42.257Z]   [SKIPPED - not supplement] "Vitalize Chill Restore Cream" | product_type: "Recovery"
[2026-04-29T22:24:42.259Z]   [SKIPPED - not supplement] "He Deep Sleep Caps" | product_type: "Sleep Aids"
[2026-04-29T22:24:42.260Z]   [SKIPPED - not supplement] "Zombie Labs Carbs" | product_type: "Energy & Endurance"
[2026-04-29T22:24:42.260Z]   [SKIPPED - not supplement] "Sportsfuel Air Freshener" | product_type: "Accessories"
[2026-04-29T22:24:42.261Z]   [SKIPPED - no category] "1x Rule 1 Mass Sample Sachet (Random Flavour) *Gift*" | product_type: "(blank)" | tags: algolia-ignore,incoming,location-17947492419-instock,location-20189478979-outofstock,location-20853096515-outofstock
[2026-04-29T22:24:42.262Z]   [SKIPPED - no category] "1x Rule 1 Essential Amino 9 Sample (Random Flavour) *Gift*" | product_type: "(blank)" | tags: algolia-ignore,location-17947492419-instock,location-20189478979-outofstock,location-20853096515-outofstock,location-35711352899-outofstock
[2026-04-29T22:24:42.262Z]   [SKIPPED - not supplement] "SKLZ Fitness Trainer Mat" | product_type: "Workout Equipment"
[2026-04-29T22:24:42.264Z]   [SKIPPED - not supplement] "Go Healthy Go Milk Thistle 50,000" | product_type: "General Health"
[2026-04-29T22:24:42.268Z]   [SKIPPED - not supplement] "Harbinger Big Grip Pro Lifting Straps" | product_type: "Workout Equipment"
[2026-04-29T22:24:42.771Z]   Page 3...
[2026-04-29T22:24:43.531Z]   [SKIPPED - not supplement] "Harbinger Women's Pro Glove 3.0" | product_type: "Workout Equipment"
[2026-04-29T22:24:43.531Z]   [SKIPPED - not supplement] "Harbinger Women's Power Glove 3.0" | product_type: "Workout Equipment"
[2026-04-29T22:24:43.532Z]   [SKIPPED - not supplement] "Harbinger Pro Wristwrap Glove 3.0" | product_type: "Workout Equipment"
[2026-04-29T22:24:43.532Z]   [SKIPPED - not supplement] "Harbinger Men's Pro Glove 3.0" | product_type: "Workout Equipment"
[2026-04-29T22:24:43.533Z]   [SKIPPED - not supplement] "Harbinger Men's Power Glove 3.0" | product_type: "Workout Equipment"
[2026-04-29T22:24:43.533Z]   [SKIPPED - not supplement] "Nexus Sports Nutrition Shilajit Caps" | product_type: "General Health"
[2026-04-29T22:24:43.534Z]   [SKIPPED - not supplement] "Nexus Sports Nutrition NMN Caps" | product_type: "General Health"
[2026-04-29T22:24:43.534Z]   [SKIPPED - not supplement] "Sportsfuel Sticker" | product_type: "Accessories"
[2026-04-29T22:24:43.534Z]   [SKIPPED - not supplement] "Switch Nutrition Pain Relief+ Caps" | product_type: "General Health"
[2026-04-29T22:24:43.535Z]   [SKIPPED - not supplement] "Mitchells Nutrition Beef Heart Capsules" | product_type: "General Health"
[2026-04-29T22:24:43.535Z]   [SKIPPED - not supplement] "MusclePharm Fish Oil Caps" | product_type: "Fish Oil & Healthy Fats"
[2026-04-29T22:24:43.536Z]   [SKIPPED - not supplement] "Savvy Touch Rocket Fuel For Kids" | product_type: "General Health"
[2026-04-29T22:24:43.536Z]   [SKIPPED - not supplement] "MitoQ Adrenal +Balance Antioxidant Capsules" | product_type: "General Health"
[2026-04-29T22:24:43.536Z]   [SKIPPED - not supplement] "MitoQ +Joint Antioxidant Capsules" | product_type: "General Health"
[2026-04-29T22:24:43.537Z]   [SKIPPED - not supplement] "MitoQ +Brain Antioxidant Capsules" | product_type: "General Health"
[2026-04-29T22:24:43.537Z]   [SKIPPED - not supplement] "MitoQ +Eye Antioxidant Capsules" | product_type: "General Health"
[2026-04-29T22:24:43.538Z]   [SKIPPED - not supplement] "MitoQ +Curcumin Antioxidant Capsules" | product_type: "General Health"
[2026-04-29T22:24:43.538Z]   [SKIPPED - not supplement] "MitoQ +Liver Antioxidant Capsules" | product_type: "General Health"
[2026-04-29T22:24:43.539Z]   [SKIPPED - not supplement] "Elite Speed Rope with Gift Box" | product_type: "Accessories"
[2026-04-29T22:24:43.539Z]   [SKIPPED - not supplement] "MitoQ +Blood Sugar Antioxidant Capsules" | product_type: "General Health"
[2026-04-29T22:24:43.540Z]   [SKIPPED - not supplement] "MitoQ Pure Antioxidant Capsules" | product_type: "General Health"
[2026-04-29T22:24:43.541Z]   [SKIPPED - not supplement] "Applied Nutrition Turk-X" | product_type: "Recovery"
[2026-04-29T22:24:43.542Z]   [SKIPPED - not supplement] "Applied Nutrition Mushroom Superblend" | product_type: "General Health"
[2026-04-29T22:24:43.543Z]   [SKIPPED - not supplement] "Applied Nutrition HMB 500mg" | product_type: "Recovery"
[2026-04-29T22:24:43.543Z]   [SKIPPED - not supplement] "Applied Nutrition Carb-X Carbohydrates 1.2kg" | product_type: "Energy & Endurance"
[2026-04-29T22:24:43.545Z]   [SKIPPED - not supplement] "CurraNZ New Zealand Blackcurrant Extract Caps" | product_type: "General Health"
[2026-04-29T22:24:43.546Z]   [SKIPPED - not supplement] "Zombie Labs Tudca Capsules" | product_type: "General Health"
[2026-04-29T22:24:43.546Z]   [SKIPPED - not supplement] "BePure Sleep & Mood" | product_type: "Sleep Aids"
[2026-04-29T22:24:43.548Z]   [SKIPPED - not supplement] "Switch Nutrition Hair + Skin Caps" | product_type: "General Health"
[2026-04-29T22:24:43.549Z]   [SKIPPED - not supplement] "High 5 Energy Bar" | product_type: "Energy & Endurance"
[2026-04-29T22:24:43.549Z]   [SKIPPED - not supplement] "Applied Nutrition Breathe Isotonic Energy Gels" | product_type: "Energy & Endurance"
[2026-04-29T22:24:43.550Z]   [SKIPPED - not supplement] "Applied Nutrition Isotonic Energy Gels" | product_type: "Energy & Endurance"
[2026-04-29T22:24:43.552Z]   [SKIPPED - not supplement] "Harker Herbals Sinus Clear Syrup" | product_type: "Immunity"
[2026-04-29T22:24:43.552Z]   [SKIPPED - not supplement] "Harker Herbals Sleep Well Syrup" | product_type: "Sleep Aids"
[2026-04-29T22:24:43.552Z]   [SKIPPED - not supplement] "Harker Herbals Bronchial Clear Syrup" | product_type: "Immunity"
[2026-04-29T22:24:43.553Z]   [SKIPPED - not supplement] "Harker Herbals Immune + Energy Syrup" | product_type: "Immunity"
[2026-04-29T22:24:43.555Z]   [SKIPPED - not supplement] "Sobear Liver Support Gummies" | product_type: "General Health"
[2026-04-29T22:24:43.555Z]   [SKIPPED - not supplement] "Switch Nutrition Moringa Powder" | product_type: "General Health"
[2026-04-29T22:24:43.556Z]   [SKIPPED - not supplement] "BioTrace Bio Iodine Plus" | product_type: "General Health"
[2026-04-29T22:24:43.557Z]   [SKIPPED - not supplement] "Go Healthy Capsimax 1-A-Day Caps" | product_type: "General Health"
[2026-04-29T22:24:43.557Z]   [SKIPPED - not supplement] "Harker Herbals Intestinal Cleanse Syrup" | product_type: "General Health"
[2026-04-29T22:24:43.558Z]   [SKIPPED - not supplement] "Rocktape H2O Tape (5cm X 5m)" | product_type: "Workout Equipment"
[2026-04-29T22:24:43.559Z]   [SKIPPED - not supplement] "Good Health Turmeric 15800 Complex Caps" | product_type: "General Health"
[2026-04-29T22:24:43.560Z]   [SKIPPED - not supplement] "Good Health B Activated B12 Tablets" | product_type: "General Health"
[2026-04-29T22:24:43.560Z]   [SKIPPED - not supplement] "Good Health Viralex Caps" | product_type: "Immunity"
[2026-04-29T22:24:43.561Z]   [SKIPPED - not supplement] "Good Health Viralex Attack Caps" | product_type: "Immunity"
[2026-04-29T22:24:43.561Z]   [SKIPPED - not supplement] "Eve Wellness A Juicy Dose of Iron Caps" | product_type: "General Health"
[2026-04-29T22:24:43.563Z]   [SKIPPED - not supplement] "Life Cykel Shilajit Pure Resin" | product_type: "General Health"
[2026-04-29T22:24:43.563Z]   [SKIPPED - not supplement] "Switch Nutrition Tart Cherry (Montmorency) Extract (50:1)" | product_type: "General Health"
[2026-04-29T22:24:43.564Z]   [SKIPPED - not supplement] "MuscleSport Tudca Caps" | product_type: "General Health"
[2026-04-29T22:24:43.564Z]   [SKIPPED - not supplement] "Switch Nutrition Sleep+ Caps" | product_type: "Sleep Aids"
[2026-04-29T22:24:43.565Z]   [SKIPPED - not supplement] "PURE Performance + Race Ready Anthocyanins Caps" | product_type: "General Health"
[2026-04-29T22:24:43.566Z]   [SKIPPED - not supplement] "BePure Skin Rescue" | product_type: "General Health"
[2026-04-29T22:24:44.079Z]   Page 4...
[2026-04-29T22:24:44.908Z]   [SKIPPED - not supplement] "Lifestream Milk Thistle Detox+" | product_type: "General Health"
[2026-04-29T22:24:44.909Z]   [SKIPPED - not supplement] "USN Rice Cream Complex" | product_type: "Energy & Endurance"
[2026-04-29T22:24:44.910Z]   [SKIPPED - no category] "Rule 1 Energized Amino" | product_type: "Energy & Endurance" | tags: C-Grade,incoming,informed choice,location-17947492419-instock,location-20189478979-outofstock
[2026-04-29T22:24:44.911Z]   [SKIPPED - not supplement] "Nature's Way Adult Vita Gummies Sleep Plus 90s" | product_type: "Sleep Aids"
[2026-04-29T22:24:44.912Z]   [SKIPPED - not supplement] "Nature's Way Adult Vita Gummies Hair, Skin & Nails 60s" | product_type: "General Health"
[2026-04-29T22:24:44.913Z]   [SKIPPED - not supplement] "Health By Habit Immune Defence Caps" | product_type: "General Health"
[2026-04-29T22:24:44.913Z]   [SKIPPED - not supplement] "Health By Habit Energy Caps" | product_type: "General Health"
[2026-04-29T22:24:44.914Z]   [SKIPPED - not supplement] "Health By Habit Super Skin Caps" | product_type: "General Health"
[2026-04-29T22:24:44.914Z]   [SKIPPED - not supplement] "Health By Habit Mens Multi Caps" | product_type: "General Health"
[2026-04-29T22:24:44.915Z]   [SKIPPED - not supplement] "h2go Pure Water Sipper Bottle Drink 825ml" | product_type: "General Health"
[2026-04-29T22:24:44.916Z]   [SKIPPED - not supplement] "Health By Habit Turmeric 10,000mg 120 Caps" | product_type: "General Health"
[2026-04-29T22:24:44.916Z]   [SKIPPED - not supplement] "Health By Habit Sleep Caps" | product_type: "Sleep Aids"
[2026-04-29T22:24:44.916Z]   [SKIPPED - not supplement] "Musashi Sleep Recovery" | product_type: "General Health"
[2026-04-29T22:24:44.917Z]   [SKIPPED - not supplement] "Mitchells Nutrition Beef Tallow" | product_type: "General Health"
[2026-04-29T22:24:44.917Z]   [SKIPPED - not supplement] "Sportsfuel Unisex Bucket Hat" | product_type: "Accessories"
[2026-04-29T22:24:44.917Z]   [SKIPPED - not supplement] "Sportsfuel "Unleash Your Potential" Cotton Tote Bag" | product_type: "Accessories"
[2026-04-29T22:24:44.918Z]   [SKIPPED - not supplement] "Switch Nutrition Sleep+ Powder" | product_type: "Sleep Aids"
[2026-04-29T22:24:44.919Z]   [SKIPPED - not supplement] "Chief Organic Beef Liver, Heart & Kidney Immunity Boost Caps" | product_type: "General Health"
[2026-04-29T22:24:44.919Z]   [SKIPPED - not supplement] "Chief Organic Beef Liver Energy Boost Caps" | product_type: "General Health"
[2026-04-29T22:24:44.920Z]   [SKIPPED - not supplement] "Switch Nutrition Sleep+ Nasal Strips" | product_type: "General Health"
[2026-04-29T22:24:44.920Z]   [SKIPPED - not supplement] "Switch Nutrition Sleep+ Mouth Tape" | product_type: "General Health"
[2026-04-29T22:24:44.921Z]   [SKIPPED - not supplement] "BioTrace Organic Lion's Mane Powder" | product_type: "General Health"
[2026-04-29T22:24:44.922Z]   [SKIPPED - not supplement] "Kill Cliff Recover - Single" | product_type: "Post-Workout"
[2026-04-29T22:24:44.922Z]   [SKIPPED - not supplement] "Paper Bag" | product_type: "Accessories"
[2026-04-29T22:24:44.923Z]   [SKIPPED - not supplement] "SKLZ Speed Chute" | product_type: "Accessories"
[2026-04-29T22:24:44.924Z]   [SKIPPED - not supplement] "SF Active Cushion Crew Socks - White - Large *Gift*" | product_type: "Clothing"
[2026-04-29T22:24:44.924Z]   [SKIPPED - not supplement] "Sportsfuel "Do More" Cotton Tote Bag *Gift*" | product_type: "Accessories"
[2026-04-29T22:24:44.924Z]   [SKIPPED - not supplement] "Goli Matcha Mind Gummies" | product_type: "General Health"
[2026-04-29T22:24:44.925Z]   [SKIPPED - not supplement] "Savvy Touch Rocket Fuel for Athletes - Informed Sport" | product_type: "General Health"
[2026-04-29T22:24:44.926Z]   [SKIPPED - not supplement] "Forest Finds Wellbeing Mushroom Tonic Refill Pack" | product_type: "General Health"
[2026-04-29T22:24:44.926Z]   [SKIPPED - not supplement] "Forest Finds PM Mushroom Tonic Refill Pack" | product_type: "General Health"
[2026-04-29T22:24:44.926Z]   [SKIPPED - not supplement] "Forest Finds AM Mushroom Tonic Refill Pack" | product_type: "General Health"
[2026-04-29T22:24:44.927Z]   [SKIPPED - not supplement] "Savvy Touch Rocket Fuel" | product_type: "General Health"
[2026-04-29T22:24:44.927Z]   [SKIPPED - not supplement] "Athletec ZMA 120 Caps Twin Pack" | product_type: "Recovery"
[2026-04-29T22:24:44.928Z]   [SKIPPED - not supplement] "Lifestream Circulate 5 Herbs Caps" | product_type: "General Health"
[2026-04-29T22:24:44.928Z]   [SKIPPED - not supplement] "Healtheries Easy Sleep Tablets" | product_type: "Sleep Aids"
[2026-04-29T22:24:44.929Z]   [SKIPPED - not supplement] "NutraLife Fish Oil One-A-Day Concentrated Odourless Caps" | product_type: "General Health"
[2026-04-29T22:24:45.433Z]   Page 5...
[2026-04-29T22:24:46.263Z]   [SKIPPED - not supplement] "Forest Finds Organic NZ Lion's Mane Powder" | product_type: "General Health"
[2026-04-29T22:24:46.264Z]   [SKIPPED - not supplement] "USN Anabolic Carb" | product_type: "Recovery"
[2026-04-29T22:24:46.265Z]   [SKIPPED - not supplement] "iSatori Bio-Gro" | product_type: "Post-Workout"
[2026-04-29T22:24:46.266Z]   [SKIPPED - not supplement] "Go Healthy Ginkgo 9,000+ Caps" | product_type: "General Health"
[2026-04-29T22:24:46.268Z]   [SKIPPED - not supplement] "Sting Figure 8 Lifting Strap" | product_type: "Workout Equipment"
[2026-04-29T22:24:46.269Z]   [SKIPPED - not supplement] "Applied Nutrition Berberine 1000mg" | product_type: "General Health"
[2026-04-29T22:24:46.270Z]   [SKIPPED - not supplement] "SF Active Cushion Crew Socks - 3 Pack" | product_type: "Clothing"
[2026-04-29T22:24:46.270Z]   [SKIPPED - not supplement] "SF Active Cushion Ankle Socks - 3 Pack" | product_type: "Clothing"
[2026-04-29T22:24:46.270Z]   [SKIPPED - not supplement] "Balega Blister Resist Socks - Quarter" | product_type: "Accessories"
[2026-04-29T22:24:46.271Z]   [SKIPPED - not supplement] "Balega Blister Resist Socks - Crew" | product_type: "Accessories"
[2026-04-29T22:24:46.271Z]   [SKIPPED - not supplement] "Pro-Life Moringa Caps" | product_type: "General Health"
[2026-04-29T22:24:46.272Z]   [SKIPPED - not supplement] "Forest Finds PM Mushroom Gummies" | product_type: "Sleep Aids"
[2026-04-29T22:24:46.272Z]   [SKIPPED - not supplement] "Forest Finds AM Mushroom Gummies" | product_type: "General Health"
[2026-04-29T22:24:46.275Z]   [SKIPPED - not supplement] "Harbinger Women's Pro Wristwrap Gloves 2.0" | product_type: "Workout Equipment"
[2026-04-29T22:24:46.276Z]   [SKIPPED - not supplement] "Harbinger Power Knee Wraps Black 72″" | product_type: "Workout Equipment"
[2026-04-29T22:24:46.277Z]   [SKIPPED - not supplement] "BioTrace Glutathione 250mg" | product_type: "General Health"
[2026-04-29T22:24:46.277Z]   [SKIPPED - not supplement] "SIS Go Energy Bake" | product_type: "Energy & Endurance"
[2026-04-29T22:24:46.277Z]   [SKIPPED - not supplement] "Mitchells Nutrition Beef Liver & Spleen Capsules Refill Pouch" | product_type: "General Health"
[2026-04-29T22:24:46.278Z]   [SKIPPED - not supplement] "Mitchells Nutrition Beef Liver Capsules Refill Pouch" | product_type: "General Health"
[2026-04-29T22:24:46.278Z]   [SKIPPED - not supplement] "Forest Finds Wellbeing Mushroom Tonic Single Serve Sachet" | product_type: "General Health"
[2026-04-29T22:24:46.279Z]   [SKIPPED - not supplement] "Forest Finds PM Mushroom Tonic Single Serve Sachet" | product_type: "General Health"
[2026-04-29T22:24:46.279Z]   [SKIPPED - not supplement] "Forest Finds AM Mushroom Tonic Single Serve Sachet" | product_type: "General Health"
[2026-04-29T22:24:46.281Z]   [SKIPPED - not supplement] "Mitchells Nutrition Stainless Steel Tea Strainer" | product_type: "Accessories"
[2026-04-29T22:24:46.281Z]   [SKIPPED - not supplement] "Mitchells Nutrition Digest Well Botanical Loose Tea Blend" | product_type: "General Health"
[2026-04-29T22:24:46.282Z]   [SKIPPED - not supplement] "Mitchells Nutrition Digest Soothe Botanical Loose Tea Blend" | product_type: "General Health"
[2026-04-29T22:24:46.282Z]   [SKIPPED - not supplement] "BioTrace Elemental Selenium Drops" | product_type: "General Health"
[2026-04-29T22:24:46.283Z]   [SKIPPED - not supplement] "BioTrace Elemental Boron Drops" | product_type: "General Health"
[2026-04-29T22:24:46.283Z]   [SKIPPED - not supplement] "Pro-Life Shilajit" | product_type: "General Health"
[2026-04-29T22:24:46.284Z]   [SKIPPED - not supplement] "Vitafit Psyllium 450 Caps" | product_type: "General Health"
[2026-04-29T22:24:46.284Z]   [SKIPPED - not supplement] "Vitafit Lemon & Honey Cold-Ez Lozenges 1kg" | product_type: "Immunity"
[2026-04-29T22:24:46.284Z]   [SKIPPED - not supplement] "Vitafit Hot Menthol Cold-Ez Lozenges 1kg" | product_type: "Immunity"
[2026-04-29T22:24:46.285Z]   [SKIPPED - not supplement] "Vitafit Haemoglobin Glandular" | product_type: "General Health"
[2026-04-29T22:24:46.285Z]   [SKIPPED - not supplement] "Vitafit Chlorophyll" | product_type: "General Health"
[2026-04-29T22:24:46.285Z]   [SKIPPED - not supplement] "Vitafit Selenium Advance" | product_type: "General Health"
[2026-04-29T22:24:46.286Z]   [SKIPPED - not supplement] "Switch Nutrition 100% Pure Organic Grass Fed Beef Liver" | product_type: "General Health"
[2026-04-29T22:24:46.286Z]   [SKIPPED - not supplement] "Switch Nutrition Resveratrol + Pterostilbene Powder" | product_type: "General Health"
[2026-04-29T22:24:46.286Z]   [SKIPPED - not supplement] "Switch Nutrition 100% Pure Quercetin" | product_type: "Immunity"
[2026-04-29T22:24:46.287Z]   [SKIPPED - not supplement] "H2 Hydrogen Water Bottle" | product_type: "Accessories"
[2026-04-29T22:24:46.288Z]   [SKIPPED - not supplement] "Sportsfuel Air Freshener (Random Scent) *Gift*" | product_type: "Accessories"
[2026-04-29T22:24:46.289Z]   [SKIPPED - not supplement] "Tropeaka Authentic Chai Powder" | product_type: "General Health"
[2026-04-29T22:24:46.803Z]   Page 6...
[2026-04-29T22:24:47.687Z]   [SKIPPED - not supplement] "GO Healthy Ashwagandha 8,000+ High Potency" | product_type: "General Health"
[2026-04-29T22:24:47.688Z]   [SKIPPED - not supplement] "GO Healthy Turmeric 30,000+ 1-A-Day" | product_type: "General Health"
[2026-04-29T22:24:47.688Z]   [SKIPPED - not supplement] "GO Healthy CoQ10 400mg 1-A-Day" | product_type: "General Health"
[2026-04-29T22:24:47.689Z]   [SKIPPED - not supplement] "Eve Wellness Unwind Latte with Blue Spirulina & Chamomile" | product_type: "General Health"
[2026-04-29T22:24:47.689Z]   [SKIPPED - not supplement] "Eve Wellness Functional Mushroom Latte" | product_type: "General Health"
[2026-04-29T22:24:47.689Z]   [SKIPPED - not supplement] "Eve Wellness Hot Choc with Ashwagandha" | product_type: "General Health"
[2026-04-29T22:24:47.690Z]   [SKIPPED - not supplement] "Eve Wellness Matcha Latte" | product_type: "General Health"
[2026-04-29T22:24:47.690Z]   [SKIPPED - not supplement] "Mutant Born Hardcore Mega Jug 2.6L *Gift*" | product_type: "Workout Equipment"
[2026-04-29T22:24:47.691Z]   [SKIPPED - not supplement] "Musashi Alpha Jug 2.4L *Gift*" | product_type: "Water Bottles"
[2026-04-29T22:24:47.691Z]   [SKIPPED - not supplement] "Nutura Wellness Mood + Focus CB2 Hemp Oil Drops" | product_type: "General Health"
[2026-04-29T22:24:47.692Z]   [SKIPPED - not supplement] "Nutura Wellness Calm + Sleep CB2 Hemp Oil Drops" | product_type: "General Health"
[2026-04-29T22:24:47.692Z]   [SKIPPED - not supplement] "Get Raw Intra Workout" | product_type: "Intra-Workout"
[2026-04-29T22:24:47.693Z]   [SKIPPED - not supplement] "Switch Nutrition 100% Pure Organic Golden Irish Sea Moss (10:1) 60 Caps" | product_type: "General Health"
[2026-04-29T22:24:47.693Z]   [SKIPPED - not supplement] "Sportsfuel Air Freshener *Gift*" | product_type: "Accessories"
[2026-04-29T22:24:47.694Z]   [SKIPPED - not supplement] "Sportsfuel Car Air Freshener" | product_type: "Accessories"
[2026-04-29T22:24:47.694Z]   [SKIPPED - not supplement] "Gaspari Proven Liver Dtox Caps" | product_type: "General Health"
[2026-04-29T22:24:47.695Z]   [SKIPPED - not supplement] "Go Healthy Pro Curcumin Active" | product_type: "General Health"
[2026-04-29T22:24:47.695Z]   [SKIPPED - not supplement] "Cellucor C4 Drink Bottle *Gift*" | product_type: "Accessories"
[2026-04-29T22:24:47.695Z]   [SKIPPED - not supplement] "Shakesphere Water Jug" | product_type: "Water Bottles"
[2026-04-29T22:24:47.696Z]   [SKIPPED - not supplement] "Shakesphere Tumbler Original No View 700ml" | product_type: "Water Bottles"
[2026-04-29T22:24:47.696Z]   [SKIPPED - not supplement] "Harker Herbals Celtic & NZ Sea Salt with Kelp" | product_type: "General Health"
[2026-04-29T22:24:47.697Z]   [SKIPPED - not supplement] "BePure Vit D Restore Capsules" | product_type: "General Health"
[2026-04-29T22:24:47.698Z]   [SKIPPED - not supplement] "Balance Sipper Bottle 700ml" | product_type: "Accessories"
[2026-04-29T22:24:47.699Z]   [SKIPPED - not supplement] "Switch Nutrition Quercetin Caps" | product_type: "General Health"
[2026-04-29T22:24:47.699Z]   [SKIPPED - not supplement] "Switch Nutrition Shilajit 8:1 Caps" | product_type: "General Health"
[2026-04-29T22:24:47.699Z]   [SKIPPED - not supplement] "Switch Nutrition HMB Caps" | product_type: "General Health"
[2026-04-29T22:24:47.699Z]   [SKIPPED - not supplement] "Pro-Life Resveratrol + Grape Seed & Red Wine 60 Caps" | product_type: "General Health"
[2026-04-29T22:24:47.700Z]   [SKIPPED - not supplement] "Harbinger 2″ Padded Ankle Cuff" | product_type: "Accessories"
[2026-04-29T22:24:47.700Z]   [SKIPPED - not supplement] "Switch Nutrition 100% Pure TMG (Trimethyglycine) Powder" | product_type: "General Health"
[2026-04-29T22:24:47.701Z]   [SKIPPED - not supplement] "JNX The Curse! Air Freshener *Gift*" | product_type: "Accessories"
[2026-04-29T22:24:47.702Z]   [SKIPPED - not supplement] "Zen Liniment Sports Roll-On 75ml" | product_type: "Recovery"
[2026-04-29T22:24:47.703Z]   [SKIPPED - not supplement] "Zen Herbal Liniment Spray 100mL" | product_type: "Recovery"
[2026-04-29T22:24:47.704Z]   [SKIPPED - not supplement] "Zen Herbal Liniment Gel 75g" | product_type: "Recovery"
[2026-04-29T22:24:47.705Z]   [SKIPPED - not supplement] "Omrub Organic Muscle Rub 24g *Gift*" | product_type: "General Health"
[2026-04-29T22:24:47.705Z]   [SKIPPED - not supplement] "Skratch Labs Energy Chews" | product_type: "Energy & Endurance"
[2026-04-29T22:24:47.706Z]   [SKIPPED - not supplement] "Forest Finds Wellbeing Mushroom Gummies" | product_type: "General Health"
[2026-04-29T22:24:47.707Z]   [SKIPPED - not supplement] "Clinicians Prospan Lozenges" | product_type: "General Health"
[2026-04-29T22:24:47.708Z]   [SKIPPED - not supplement] "Clinicians Prospan Bronchial Syrup" | product_type: "General Health"
[2026-04-29T22:24:47.708Z]   [SKIPPED - not supplement] "Switch Nutrition NMN Pure Nicotinamide Mononucleotide 60 Capsules" | product_type: "General Health"
[2026-04-29T22:24:47.708Z]   [SKIPPED - not supplement] "SiS Beta Fuel Energy Gels" | product_type: "Energy & Endurance"
[2026-04-29T22:24:47.709Z]   [SKIPPED - not supplement] "Sportsfuel Unleash Magnet *Gift*" | product_type: "Accessories"
[2026-04-29T22:24:48.217Z]   Page 7...
[2026-04-29T22:24:49.080Z]   [SKIPPED - not supplement] "GO Healthy Pro Saffron Mood Capsules" | product_type: "General Health"
[2026-04-29T22:24:49.081Z]   [SKIPPED - not supplement] "GO Healthy Pro Ashwagandha Sleep Capsules" | product_type: "Sleep Aids"
[2026-04-29T22:24:49.081Z]   [SKIPPED - not supplement] "Maurten Gel 160" | product_type: "Energy & Endurance"
[2026-04-29T22:24:49.082Z]   [SKIPPED - not supplement] "SIS Go Isotonic Gel Variety Pack" | product_type: "Energy & Endurance"
[2026-04-29T22:24:49.082Z]   [SKIPPED - not supplement] "Switch Nutrition Griffonia 5-HTP" | product_type: "General Health"
[2026-04-29T22:24:49.082Z]   [SKIPPED - not supplement] "Switch Nutrition N-Acetyl L-Cysteine (NAC) Capsules" | product_type: "General Health"
[2026-04-29T22:24:49.083Z]   [SKIPPED - not supplement] "SiS Beta Fuel Energy Chew" | product_type: "Energy & Endurance"
[2026-04-29T22:24:49.083Z]   [SKIPPED - not supplement] "Trove Wellness Resveratrol Antioxidant Support" | product_type: "General Health"
[2026-04-29T22:24:49.084Z]   [SKIPPED - not supplement] "Sportsfuel Weekly Meal Planners *Gift*" | product_type: "Accessories"
[2026-04-29T22:24:49.085Z]   [SKIPPED - not supplement] "Sportsfuel Weekly Meal Planners" | product_type: "Accessories"
[2026-04-29T22:24:49.086Z]   [SKIPPED - not supplement] "Sportsfuel CrossFit Hook Grip Finger Tape" | product_type: "Accessories"
[2026-04-29T22:24:49.087Z]   [SKIPPED - not supplement] "Brave Face Junior Let’s Dream Drops Herbal Night Liquid" | product_type: "Sleep Aids"
[2026-04-29T22:24:49.087Z]   [SKIPPED - not supplement] "Brave Face HeadRest Herbal Night Drops" | product_type: "Sleep Aids"
[2026-04-29T22:24:49.087Z]   [SKIPPED - not supplement] "Bucked Up Deer Antler Velvet Spray - His" | product_type: "Post-Workout"
[2026-04-29T22:24:49.088Z]   [SKIPPED - not supplement] "Awak'n Calm Oil" | product_type: "General Health"
[2026-04-29T22:24:49.088Z]   [SKIPPED - not supplement] "Awak'n Calm Mints" | product_type: "Sleep Aids"
[2026-04-29T22:24:49.089Z]   [SKIPPED - not supplement] "Maurten Starter Pack Limited Edition" | product_type: "Energy & Endurance"
[2026-04-29T22:24:49.090Z]   [SKIPPED - not supplement] "Omrub Organic Muscle Rub" | product_type: "General Health"
[2026-04-29T22:24:49.091Z]   [SKIPPED - not supplement] "Switch Nutrition 100% Pure Organic Golden Irish Sea Moss Powder (10:1) 50g" | product_type: "General Health"
[2026-04-29T22:24:49.091Z]   [SKIPPED - not supplement] "Switch Nutrition 100% Pure Colostrum (20% IgG) Powder 150g" | product_type: "Immunity"
[2026-04-29T22:24:49.091Z]   [SKIPPED - not supplement] "Switch Nutrition 100% Pure Taurine Powder 200g" | product_type: "General Health"
[2026-04-29T22:24:49.092Z]   [SKIPPED - not supplement] "Switch Nutrition 100% Pure Inositol Powder" | product_type: "General Health"
[2026-04-29T22:24:49.092Z]   [SKIPPED - not supplement] "Switch Nutrition 100% Pure Glycine Powder 200g" | product_type: "Immunity"
[2026-04-29T22:24:49.093Z]   [SKIPPED - not supplement] "Switch Nutrition 100% Pure NMN Powder" | product_type: "General Health"
[2026-04-29T22:24:49.093Z]   [SKIPPED - not supplement] "Switch Nutrition Berberine+ Capsules" | product_type: "General Health"
[2026-04-29T22:24:49.094Z]   [SKIPPED - not supplement] "Harbinger Lifting Grips" | product_type: "Workout Equipment"
[2026-04-29T22:24:49.094Z]   [SKIPPED - not supplement] "Balega Blister Resist Socks - No Show" | product_type: "Accessories"
[2026-04-29T22:24:49.095Z]   [SKIPPED - not supplement] "Balega Hidden Comfort Socks" | product_type: "Accessories"
[2026-04-29T22:24:49.095Z]   [SKIPPED - not supplement] "Harbinger Palm Grips" | product_type: "Accessories"
[2026-04-29T22:24:49.095Z]   [SKIPPED - not supplement] "Harbinger Red Line Knee Wraps 78"" | product_type: "Accessories"
[2026-04-29T22:24:49.096Z]   [SKIPPED - not supplement] "Harbinger Men's Pro Wristwrap Gloves 2.0" | product_type: "Accessories"
[2026-04-29T22:24:49.096Z]   [SKIPPED - not supplement] "Harbinger Women's Power Gloves Black" | product_type: "Accessories"
[2026-04-29T22:24:49.097Z]   [SKIPPED - not supplement] "Harbinger Power Gloves Black" | product_type: "Accessories"
[2026-04-29T22:24:49.097Z]   [SKIPPED - not supplement] "Rocktape Rockguard Shin Guards" | product_type: "Accessories"
[2026-04-29T22:24:49.097Z]   [SKIPPED - not supplement] "McDavid 513 Wrist Sleeve Adjustable / Elastic" | product_type: "Accessories"
[2026-04-29T22:24:49.098Z]   [SKIPPED - not supplement] "McDavid 441 Deluxe Calf Support" | product_type: "Accessories"
[2026-04-29T22:24:49.098Z]   [SKIPPED - not supplement] "McDavid 493 Back Support" | product_type: "Accessories"
[2026-04-29T22:24:49.098Z]   [SKIPPED - not supplement] "McDavid Jumper's Knee Strap" | product_type: "Accessories"
[2026-04-29T22:24:49.099Z]   [SKIPPED - not supplement] "McDavid 511 Ankle Sleeve - Elastic" | product_type: "Accessories"
[2026-04-29T22:24:49.099Z]   [SKIPPED - not supplement] "McDavid 402 Open Patella Knee Support" | product_type: "Accessories"
[2026-04-29T22:24:49.100Z]   [SKIPPED - not supplement] "TriggerPoint Mobility Exercise Mat 5mm" | product_type: "Workout Equipment"
[2026-04-29T22:24:49.100Z]   [SKIPPED - not supplement] "TriggerPoint AcuCurve Self Massage Cane" | product_type: "Accessories"
[2026-04-29T22:24:49.101Z]   [SKIPPED - not supplement] "TriggerPoint Impact Massage Vibrating Buffer" | product_type: "Accessories"
[2026-04-29T22:24:49.101Z]   [SKIPPED - not supplement] "Forest Finds AM Mushroom Tonic" | product_type: "General Health"
[2026-04-29T22:24:49.101Z]   [SKIPPED - not supplement] "Forest Finds PM Mushroom Tonic" | product_type: "General Health"
[2026-04-29T22:24:49.102Z]   [SKIPPED - not supplement] "Liquid Death Mountain & Sparkling Water" | product_type: "General Health"
[2026-04-29T22:24:49.103Z]   [SKIPPED - not supplement] "Forest Finds Wellbeing Mushroom Tonic" | product_type: "General Health"
[2026-04-29T22:24:49.104Z]   [SKIPPED - not supplement] "EHP Labs Portable Hand Mixer" | product_type: "Accessories"
[2026-04-29T22:24:49.104Z]   [SKIPPED - not supplement] "Nothing Naughty Sunflower Lecithin 200g" | product_type: "General Health"
[2026-04-29T22:24:49.105Z]   [SKIPPED - not supplement] "Before You Speak “Have a Nice Day” Middle Finger Mug *Gift*" | product_type: "Accessories"
[2026-04-29T22:24:49.106Z]   [SKIPPED - not supplement] "Sportsfuel Social Club Magnet *Gift*" | product_type: "Accessories"
[2026-04-29T22:24:49.618Z]   Page 8...
[2026-04-29T22:24:50.567Z]   [SKIPPED - not supplement] "USN Immune Health *Gift*" | product_type: "Immunity"
[2026-04-29T22:24:50.568Z]   [SKIPPED - not supplement] "Natures Sunshine Berberine" | product_type: "General Health"
[2026-04-29T22:24:50.569Z]   [SKIPPED - not supplement] "Trove Wellness Inner Cellular Health NMN" | product_type: "General Health"
[2026-04-29T22:24:50.570Z]   [SKIPPED - not supplement] "Goli Beets Cardio CoQ10 Gummies" | product_type: "Immunity"
[2026-04-29T22:24:50.573Z]   [SKIPPED - no category] "Massage Ball  (Random Colour) *Gift*" | product_type: "Workout Equipment" | tags: algolia-ignore,discount-eligible,location-17947492419-outofstock,location-20189478979-outofstock,location-20853096515-outofstock
[2026-04-29T22:24:50.573Z]   [SKIPPED - not supplement] "USN Immune Health" | product_type: "Immunity"
[2026-04-29T22:24:50.575Z]   [SKIPPED - not supplement] "Sportsfuel Social Club Unisex Tee - Charcoal - Limited Edition" | product_type: "Clothing"
[2026-04-29T22:24:50.575Z]   [SKIPPED - not supplement] "Sportsfuel Powder Funnel *Gift*" | product_type: "Accessories"
[2026-04-29T22:24:50.576Z]   [SKIPPED - not supplement] "Volo Wellbeing Natural Sleep Remedy" | product_type: "Sleep Aids"
[2026-04-29T22:24:50.578Z]   [SKIPPED - not supplement] "Sportsfuel Social Club Unisex Tee - Oat - Limited Edition" | product_type: "Clothing"
[2026-04-29T22:24:50.578Z]   [SKIPPED - not supplement] "Sportsfuel Social Club Unisex Sweatpants  - Limited Edition" | product_type: "Clothing"
[2026-04-29T22:24:50.579Z]   [SKIPPED - not supplement] "Sportsfuel Social Club Unisex Hoodie - Limited Edition" | product_type: "Clothing"
[2026-04-29T22:24:50.580Z]   [SKIPPED - not supplement] "SF Active Performance Women's Tank" | product_type: "Clothing"
[2026-04-29T22:24:50.580Z]   [SKIPPED - not supplement] "SF Active Performance Women's Leggings" | product_type: "Clothing"
[2026-04-29T22:24:50.580Z]   [SKIPPED - not supplement] "SF Active Performance Women's Bike Shorts" | product_type: "Clothing"
[2026-04-29T22:24:50.581Z]   [SKIPPED - not supplement] "SF Active Performance Men's Tee" | product_type: "Clothing"
[2026-04-29T22:24:50.581Z]   [SKIPPED - not supplement] "SF Active Performance Men's Shorts" | product_type: "Clothing"
[2026-04-29T22:24:50.582Z]   [SKIPPED - not supplement] "Sportsfuel Powder Funnel" | product_type: "Accessories"
[2026-04-29T22:24:50.582Z]   [SKIPPED - not supplement] "Sportsfuel Magnet" | product_type: "Accessories"
[2026-04-29T22:24:50.583Z]   [SKIPPED - not supplement] "Maurten Drink Mix 160" | product_type: "Energy & Endurance"
[2026-04-29T22:24:50.583Z]   [SKIPPED - not supplement] "SF Active Cushion Ankle Socks - Single Pack" | product_type: "Clothing"
[2026-04-29T22:24:50.584Z]   [SKIPPED - not supplement] "SF Active Cushion Crew Socks - Single Pack" | product_type: "Clothing"
[2026-04-29T22:24:50.584Z]   [SKIPPED - not supplement] "Sportsfuel "Do More" Cotton Tote Bag" | product_type: "Accessories"
[2026-04-29T22:24:50.585Z]   [SKIPPED - not supplement] "Life Cykel Organic Mushroom Coffee 100g" | product_type: "General Health"
[2026-04-29T22:24:50.585Z]   [SKIPPED - not supplement] "Life Cykel Reishi Lemon Myrtle Mouth Mist 60ml" | product_type: "General Health"
[2026-04-29T22:24:50.586Z]   [SKIPPED - not supplement] "Life Cykel Lion's Mane Lemon Myrtle Mouth Mist 60ml" | product_type: "General Health"
[2026-04-29T22:24:50.586Z]   [SKIPPED - not supplement] "Life Cykel Cordyceps Lemon Myrtle Mouth Mist 60ml" | product_type: "General Health"
[2026-04-29T22:24:50.586Z]   [SKIPPED - not supplement] "Life Cykel Turkey Tail Mushroom Double Extract" | product_type: "General Health"
[2026-04-29T22:24:50.586Z]   [SKIPPED - not supplement] "Life Cykel Shiitake Mushroom Double Extract 60ml" | product_type: "General Health"
[2026-04-29T22:24:50.587Z]   [SKIPPED - not supplement] "Life Cykel Reishi Mushroom Double Extract" | product_type: "General Health"
[2026-04-29T22:24:50.587Z]   [SKIPPED - not supplement] "Life Cykel Cordyceps Mushroom Double Extract" | product_type: "General Health"
[2026-04-29T22:24:50.587Z]   [SKIPPED - not supplement] "Life Cykel Chaga Mushroom Double Extract" | product_type: "General Health"
[2026-04-29T22:24:50.589Z]   [SKIPPED - not supplement] "Goli Triple Action Immune Gummies" | product_type: "General Health"
[2026-04-29T22:24:50.589Z]   [SKIPPED - not supplement] "PURE Fluid Energy Gels Box of 18 - WADA Tested" | product_type: "Energy & Endurance"
[2026-04-29T22:24:50.590Z]   [SKIPPED - not supplement] "Nutra-Life Debloat & Detox - 60 Capsules" | product_type: "General Health"
[2026-04-29T22:24:50.590Z]   [SKIPPED - not supplement] "SKLZ Fitness Pro Band" | product_type: "Accessories"
[2026-04-29T22:24:50.591Z]   [SKIPPED - not supplement] "Pro-Life High Strength Chaga Mushroom" | product_type: "General Health"
[2026-04-29T22:24:50.591Z]   [SKIPPED - not supplement] "Lifestream Astazan Antioxidant - 60 Capsules" | product_type: "General Health"
[2026-04-29T22:24:50.592Z]   [SKIPPED - not supplement] "Lifestream Calcium Natural - 120 Capsules" | product_type: "General Health"
[2026-04-29T22:24:51.104Z]   Page 9...
[2026-04-29T22:24:52.017Z]   [SKIPPED - not supplement] "Clinicians Kids Tooth Protect Chews" | product_type: "General Health"
[2026-04-29T22:24:52.018Z]   [SKIPPED - not supplement] "Nothing Naughty Fruit Bar - Single" | product_type: "Energy & Endurance"
[2026-04-29T22:24:52.021Z]   [SKIPPED - not supplement] "Sting Armaplus Boxing Glove" | product_type: "Accessories"
[2026-04-29T22:24:52.022Z]   [SKIPPED - not supplement] "SKLZ Mini Bands 10 Pack" | product_type: "Accessories"
[2026-04-29T22:24:52.023Z]   [SKIPPED - not supplement] "GO Healthy Flaxseed Oil 1,000mg Organic 220 Caps" | product_type: "Fish Oil & Healthy Fats"
[2026-04-29T22:24:52.023Z]   [SKIPPED - not supplement] "Before You Speak Immunity Coffee" | product_type: "Immunity"
[2026-04-29T22:24:52.024Z]   [SKIPPED - not supplement] "Before You Speak Adrenal Decaf Coffee 7 Pack" | product_type: "Recovery"
[2026-04-29T22:24:52.025Z]   [SKIPPED - not supplement] "Devil's Breath Liquid Chalk" | product_type: "Accessories"
[2026-04-29T22:24:52.026Z]   [SKIPPED - not supplement] "Good4Me Sleep & Stress Support Ashwagandha Gummies" | product_type: "Sleep Aids"
[2026-04-29T22:24:52.026Z]   [SKIPPED - not supplement] "Good4Me Iron Boost Gummies" | product_type: "General Health"
[2026-04-29T22:24:52.027Z]   [SKIPPED - not supplement] "Good4Me Hair Skin Nails Gummies" | product_type: "General Health"
[2026-04-29T22:24:52.027Z]   [SKIPPED - not supplement] "Good4Me Apple Cider Vinegar Gummies" | product_type: "General Health"
[2026-04-29T22:24:52.027Z]   [SKIPPED - not supplement] "Natures Sunshine SugarReg" | product_type: "General Health"
[2026-04-29T22:24:52.027Z]   [SKIPPED - not supplement] "Nature's Sunshine Kava Kava Caps" | product_type: "Sleep Aids"
[2026-04-29T22:24:52.029Z]   [SKIPPED - not supplement] "Pro-Life NAC Caps" | product_type: "Immunity"
[2026-04-29T22:24:52.029Z]   [SKIPPED - not supplement] "BePure Immune Essentials Kit (Limited Edition)" | product_type: "Immunity"
[2026-04-29T22:24:52.031Z]   [SKIPPED - not supplement] "SIS Immune Tablets" | product_type: "Immunity"
[2026-04-29T22:24:52.032Z]   [SKIPPED - not supplement] "Redcon1 Cluster Bomb" | product_type: "Post-Workout"
[2026-04-29T22:24:52.032Z]   [SKIPPED - not supplement] "Switch Nutrition Essentials Quercetin" | product_type: "Immunity"
[2026-04-29T22:24:52.033Z]   [SKIPPED - not supplement] "Thermal Labs Vaporize Herbal Diuretic" | product_type: "General Health"
[2026-04-29T22:24:52.034Z]   [SKIPPED - not supplement] "Maurten Drink Mix 320" | product_type: "Energy & Endurance"
[2026-04-29T22:24:52.034Z]   [SKIPPED - not supplement] "Maurten Gel Caf 100" | product_type: "Energy & Endurance"
[2026-04-29T22:24:52.034Z]   [SKIPPED - not supplement] "Maurten Gel 100" | product_type: "Energy & Endurance"
[2026-04-29T22:24:52.035Z]   [SKIPPED - not supplement] "Switch Nutrition N-Acetyl L-Cysteine (NAC) Powder" | product_type: "General Health"
[2026-04-29T22:24:52.035Z]   [SKIPPED - not supplement] "X50 Organic Herbal Matcha Tea" | product_type: "General Health"
[2026-04-29T22:24:52.037Z]   [SKIPPED - not supplement] "Nutrex Lipo-6 Chromium Caps" | product_type: "General Health"
[2026-04-29T22:24:52.038Z]   [SKIPPED - not supplement] "höm Sleep" | product_type: "Sleep Aids"
[2026-04-29T22:24:52.040Z]   [SKIPPED - not supplement] "Harker Herbals Kidney Tonic" | product_type: "General Health"
[2026-04-29T22:24:52.040Z]   [SKIPPED - not supplement] "Healtheries Iron & Vit C Tablets" | product_type: "Immunity"
[2026-04-29T22:24:52.549Z]   Page 10...
[2026-04-29T22:24:53.602Z]   [SKIPPED - not supplement] "Pack Nutrition Arginine Caps" | product_type: "Recovery"
[2026-04-29T22:24:53.603Z]   [SKIPPED - not supplement] "Harker Herbals Immune Boost" | product_type: "Immunity"
[2026-04-29T22:24:53.604Z]   [SKIPPED - not supplement] "Harker Herbals Deep Lung Support" | product_type: "General Health"
[2026-04-29T22:24:53.604Z]   [SKIPPED - not supplement] "Harker Herbals Children's Vira Guard" | product_type: "Immunity"
[2026-04-29T22:24:53.604Z]   [SKIPPED - not supplement] "Harker Herbals Vira Guard" | product_type: "Immunity"
[2026-04-29T22:24:53.604Z]   [SKIPPED - not supplement] "Harker Herbals Sniffle Juice" | product_type: "General Health"
[2026-04-29T22:24:53.605Z]   [SKIPPED - not supplement] "Harker Herbals Sleep Support" | product_type: "General Health"
[2026-04-29T22:24:53.605Z]   [SKIPPED - not supplement] "Harker Herbals Recovery Tonic" | product_type: "Recovery"
[2026-04-29T22:24:53.605Z]   [SKIPPED - not supplement] "Harker Herbals Liver Tonic" | product_type: "General Health"
[2026-04-29T22:24:53.606Z]   [SKIPPED - not supplement] "Harker Herbals Iron Boost" | product_type: "General Health"
[2026-04-29T22:24:53.606Z]   [SKIPPED - not supplement] "Harker Herbals Immune Tonic" | product_type: "Immunity"
[2026-04-29T22:24:53.607Z]   [SKIPPED - not supplement] "Harker Herbal Heart Health" | product_type: "General Health"
[2026-04-29T22:24:53.607Z]   [SKIPPED - not supplement] "Harker Herbals General Tonic" | product_type: "General Health"
[2026-04-29T22:24:53.607Z]   [SKIPPED - not supplement] "Harker Herbals Ear, Nose & Throat Tonic" | product_type: "General Health"
[2026-04-29T22:24:53.607Z]   [SKIPPED - not supplement] "Harker Herbals Detox Support" | product_type: "General Health"
[2026-04-29T22:24:53.608Z]   [SKIPPED - not supplement] "Harker Herbals Children's Deep Lung Support" | product_type: "General Health"
[2026-04-29T22:24:53.608Z]   [SKIPPED - not supplement] "Harker Herbals Children's Immune Build" | product_type: "General Health"
[2026-04-29T22:24:53.608Z]   [SKIPPED - not supplement] "Harker Herbals Children's Ear, Nose & Throat" | product_type: "General Health"
[2026-04-29T22:24:53.609Z]   [SKIPPED - not supplement] "Harker Herbals Chest Clear" | product_type: "General Health"
[2026-04-29T22:24:53.609Z]   [SKIPPED - not supplement] "Harker Herbals Childrens Calm & Sleep" | product_type: "Sleep Aids"
[2026-04-29T22:24:53.609Z]   [SKIPPED - not supplement] "Harker Herbal Bladder Support" | product_type: "General Health"
[2026-04-29T22:24:53.610Z]   [SKIPPED - not supplement] "USN Turmeric Curcumin+" | product_type: "General Health"
[2026-04-29T22:24:53.610Z]   [SKIPPED - not supplement] "USN Nutrition Feels Mood & Mind Enhancers" | product_type: "General Health"
[2026-04-29T22:24:53.610Z]   [SKIPPED - not supplement] "Universal Carb Max" | product_type: "Post-Workout"
[2026-04-29T22:24:53.611Z]   [SKIPPED - not supplement] "Switch Nutrition Adrenal Switch Capsules" | product_type: "Recovery"
[2026-04-29T22:24:53.611Z]   [SKIPPED - not supplement] "Tropeaka Relax Into Sleep" | product_type: "Sleep Aids"
[2026-04-29T22:24:53.612Z]   [SKIPPED - not supplement] "Tropeaka Body & Liver Cleanse" | product_type: "General Health"
[2026-04-29T22:24:53.612Z]   [SKIPPED - not supplement] "Tropeaka Organic Wheatgrass" | product_type: "General Health"
[2026-04-29T22:24:53.613Z]   [SKIPPED - not supplement] "Tropeaka Ultra Cleanse Repair + Renew Powder" | product_type: "General Health"
[2026-04-29T22:24:53.613Z]   [SKIPPED - not supplement] "Tropeaka Organic Turmeric Latte Powder" | product_type: "General Health"
[2026-04-29T22:24:53.614Z]   [SKIPPED - not supplement] "Tropeaka Sleep Herbal Infusion" | product_type: "General Health"
[2026-04-29T22:24:53.614Z]   [SKIPPED - not supplement] "Tropeaka Protect Herbal Infusion" | product_type: "General Health"
[2026-04-29T22:24:53.614Z]   [SKIPPED - not supplement] "Tropeaka MCT Oil Powder" | product_type: "General Health"
[2026-04-29T22:24:53.615Z]   [SKIPPED - not supplement] "Tropeaka Hair Complex" | product_type: "General Health"
[2026-04-29T22:24:53.616Z]   [SKIPPED - not supplement] "X50 Herbal Tea Uplift" | product_type: "General Health"
[2026-04-29T22:24:53.617Z]   [SKIPPED - not supplement] "X50 Herbal Tea Sleepy" | product_type: "General Health"
[2026-04-29T22:24:53.617Z]   [SKIPPED - not supplement] "X50 Herbal Tea Immunity" | product_type: "Immunity"
[2026-04-29T22:24:53.617Z]   [SKIPPED - not supplement] "X50 Herbal Tea Cleanse Night" | product_type: "Sleep Aids"
[2026-04-29T22:24:53.618Z]   [SKIPPED - not supplement] "X50 Herbal Tea Cleanse Day" | product_type: "General Health"
[2026-04-29T22:24:53.618Z]   [SKIPPED - not supplement] "X50 Herbal Tea Antiflam" | product_type: "General Health"
[2026-04-29T22:24:53.618Z]   [SKIPPED - not supplement] "Clif Bloks Energy Chews" | product_type: "Energy & Endurance"
[2026-04-29T22:24:53.619Z]   [SKIPPED - not supplement] "Nothing Naughty Grounded Blanched Almonds" | product_type: "General Health"
[2026-04-29T22:24:53.619Z]   [SKIPPED - not supplement] "Nothing Naughty Inulin" | product_type: "General Health"
[2026-04-29T22:24:53.619Z]   [SKIPPED - not supplement] "Nothing Naughty Hemp Hearts 300g" | product_type: "General Health"
[2026-04-29T22:24:53.620Z]   [SKIPPED - not supplement] "Nothing Naughty Cocoa Butter" | product_type: "General Health"
[2026-04-29T22:24:53.620Z]   [SKIPPED - not supplement] "Nothing Naughty Cacao Nibs" | product_type: "General Health"
[2026-04-29T22:24:53.622Z]   [SKIPPED - not supplement] "Volo Wellbeing Natural Quease Travel Remedy" | product_type: "General Health"
[2026-04-29T22:24:53.623Z]   [SKIPPED - not supplement] "VPX 8KETO Pure C8 MCT Oil" | product_type: "Fish Oil & Healthy Fats"
[2026-04-29T22:24:53.624Z]   [SKIPPED - not supplement] "VPX Synthesize Post Workout" | product_type: "Post-Workout"
[2026-04-29T22:24:53.625Z]   [SKIPPED - not supplement] "Athletic Sport Flush H20 Diuretic" | product_type: "General Health"
[2026-04-29T22:24:53.626Z]   [SKIPPED - not supplement] "Athletic Sport Estro-X" | product_type: "General Health"
[2026-04-29T22:24:53.626Z]   [SKIPPED - not supplement] "Athletic Sport Digezyme" | product_type: "General Health"
[2026-04-29T22:24:53.627Z]   [SKIPPED - not supplement] "Athletic Sport Adrenal Cort" | product_type: "General Health"
[2026-04-29T22:24:53.627Z]   [SKIPPED - not supplement] "Olimp ZMA 120 Caps" | product_type: "General Health"
[2026-04-29T22:24:53.629Z]   [SKIPPED - not supplement] "Healthspan Elite HMB 1g" | product_type: "General Health"
[2026-04-29T22:24:53.629Z]   [SKIPPED - not supplement] "Healthspan Elite Calcium Complex" | product_type: "General Health"
[2026-04-29T22:24:53.630Z]   [SKIPPED - not supplement] "Healthspan Elite Activ Immunity +" | product_type: "General Health"
[2026-04-29T22:24:53.631Z]   [SKIPPED - not supplement] "Daily Good Immunity Shots Mixed" | product_type: "General Health"
[2026-04-29T22:24:53.631Z]   [SKIPPED - not supplement] "Daily Good Organic Blackcurrant Immunity Shots" | product_type: "General Health"
[2026-04-29T22:24:53.632Z]   [SKIPPED - not supplement] "Daily Good Organic Fiji Ginger Immunity Shots" | product_type: "General Health"
[2026-04-29T22:24:53.632Z]   [SKIPPED - not supplement] "Daily Good Organic Fiji Turmeric Immunity Shots" | product_type: "General Health"
[2026-04-29T22:24:53.632Z]   [SKIPPED - not supplement] "Tropeaka Immunity" | product_type: "General Health"
[2026-04-29T22:24:53.633Z]   [SKIPPED - not supplement] "Tropeaka Dragon Fruit Powder" | product_type: "General Health"
[2026-04-29T22:24:53.633Z]   [SKIPPED - not supplement] "Tropeaka Coconut Water Powder" | product_type: "General Health"
[2026-04-29T22:24:53.633Z]   [SKIPPED - not supplement] "Tropeaka Organic Cacao Powder" | product_type: "General Health"
[2026-04-29T22:24:53.634Z]   [SKIPPED - not supplement] "Tropeaka Barley Grass" | product_type: "General Health"
[2026-04-29T22:24:53.634Z]   [SKIPPED - not supplement] "Vitargo Carbohydrate Powder" | product_type: "Energy & Endurance"
[2026-04-29T22:24:54.148Z]   Page 11...
[2026-04-29T22:24:55.023Z]   [SKIPPED - not supplement] "Pro-Life Super Shroom Caps" | product_type: "Immunity"
[2026-04-29T22:24:55.024Z]   [SKIPPED - not supplement] "Pro-Life Reishi Mushroom Caps" | product_type: "Immunity"
[2026-04-29T22:24:55.024Z]   [SKIPPED - not supplement] "Pro-Life Mullein Caps 30 Caps" | product_type: "Immunity"
[2026-04-29T22:24:55.025Z]   [SKIPPED - not supplement] "Before You Speak Adrenal Decaf Coffee" | product_type: "Recovery"
[2026-04-29T22:24:55.026Z]   [SKIPPED - not supplement] "Healtheries Iron Fizz" | product_type: "General Health"
[2026-04-29T22:24:55.026Z]   [SKIPPED - not supplement] "Muscletech Platinum Premium Fish Oil" | product_type: "Fish Oil & Healthy Fats"
[2026-04-29T22:24:55.027Z]   [SKIPPED - not supplement] "Leppin Sport Traverse Drink System" | product_type: "Accessories"
[2026-04-29T22:24:55.027Z]   [SKIPPED - not supplement] "Leppin Sport Summit Drink System" | product_type: "Accessories"
[2026-04-29T22:24:55.027Z]   [SKIPPED - not supplement] "Leppin Sport SlipSteam Drink System" | product_type: "Accessories"
[2026-04-29T22:24:55.028Z]   [SKIPPED - not supplement] "White Wolf Nutrition Zen" | product_type: "Sleep Aids"
[2026-04-29T22:24:55.028Z]   [SKIPPED - not supplement] "Martin & Pleasance - Rest&Quiet Sleep Formula" | product_type: "Sleep Aids"
[2026-04-29T22:24:55.031Z]   [SKIPPED - not supplement] "Viktual+ Kava Night" | product_type: "Sleep Aids"
[2026-04-29T22:24:55.032Z]   [SKIPPED - not supplement] "Morlife Berry Active Immune" | product_type: "Immunity"
[2026-04-29T22:24:55.033Z]   [SKIPPED - not supplement] "Pro-Life Flaxseed Oil Caps" | product_type: "Fish Oil & Healthy Fats"
[2026-04-29T22:24:55.034Z]   [SKIPPED - not supplement] "Pro-Life Evening Primrose Oil Caps" | product_type: "Fish Oil & Healthy Fats"
[2026-04-29T22:24:55.034Z]   [SKIPPED - not supplement] "Pro-Life Anti-Bite Tablets" | product_type: "Immunity"
[2026-04-29T22:24:55.035Z]   [SKIPPED - not supplement] "Knowrish Well Self Defence Immunity" | product_type: "Immunity"
[2026-04-29T22:24:55.038Z]   [SKIPPED - not supplement] "Axe & Sledge Demo Day" | product_type: "Energy & Endurance"
[2026-04-29T22:24:55.039Z]   [SKIPPED - not supplement] "Natures Sunshine Elderberry D3fence" | product_type: "Immunity"
[2026-04-29T22:24:55.039Z]   [SKIPPED - not supplement] "Natures Sunshine Saw Palmetto" | product_type: "Immunity"
[2026-04-29T22:24:55.040Z]   [SKIPPED - not supplement] "Healtheries Fish Oil 1000mg 200 Caps" | product_type: "Fish Oil & Healthy Fats"
[2026-04-29T22:24:55.041Z]   [SKIPPED - not supplement] "Nutralife Evening Primrose Oil 1000mg" | product_type: "Fish Oil & Healthy Fats"
[2026-04-29T22:24:55.041Z]   [SKIPPED - not supplement] "Switch Nutrition Essentials Carbs" | product_type: "Post-Workout"
[2026-04-29T22:24:55.041Z]   [SKIPPED - not supplement] "Switch Nutrition Essentials MCT Oil Powder" | product_type: "Fish Oil & Healthy Fats"
[2026-04-29T22:24:55.042Z]   [SKIPPED - not supplement] "BePure Immune Action" | product_type: "Immunity"
[2026-04-29T22:24:55.043Z]   [SKIPPED - not supplement] "Redcon1 RPG - Glucose Disposal" | product_type: "Intra-Workout"
[2026-04-29T22:24:55.044Z]   [SKIPPED - not supplement] "Lifestream Viro Strike" | product_type: "Immunity"
[2026-04-29T22:24:55.551Z]   Page 12...
[2026-04-29T22:24:56.400Z]   [SKIPPED - not supplement] "Outbreak Nutrition Refuge Recovery Sleep" | product_type: "Sleep Aids"
[2026-04-29T22:24:56.401Z]   [SKIPPED - not supplement] "Elite Merch Pack" | product_type: "Accessories"
[2026-04-29T22:24:56.402Z]   [SKIPPED - not supplement] "Harbinger 14" Bar Pad Black" | product_type: "Workout Equipment"
[2026-04-29T22:24:56.403Z]   [SKIPPED - not supplement] "ATP Aurum Oil" | product_type: "Fish Oil & Healthy Fats"
[2026-04-29T22:24:56.409Z]   [SKIPPED - not supplement] "Musashi Alpha Jug 2.4L" | product_type: "Water Bottles"
[2026-04-29T22:24:56.411Z]   [SKIPPED - not supplement] "NutraLife Immune-24" | product_type: "Immunity"
[2026-04-29T22:24:56.413Z]   [SKIPPED - not supplement] "Clinicians Kids Peaceful Dreams" | product_type: "Sleep Aids"
[2026-04-29T22:24:56.413Z]   [SKIPPED - not supplement] "Clinicians REM Sleep Caps" | product_type: "Sleep Aids"
[2026-04-29T22:24:56.414Z]   [SKIPPED - not supplement] "Clinicians Sleep Science 30 Caps" | product_type: "Sleep Aids"
[2026-04-29T22:24:56.415Z]   [SKIPPED - not supplement] "PURE Exercise Recovery 740g" | product_type: "Post-Workout"
[2026-04-29T22:24:56.415Z]   [SKIPPED - not supplement] "PURE Endurance Formula 500g" | product_type: "Energy & Endurance"
[2026-04-29T22:24:56.417Z]   [SKIPPED - not supplement] "Rocktape BD Plain 32mtr Practitioner Roll" | product_type: "Accessories"
[2026-04-29T22:24:56.418Z]   [SKIPPED - not supplement] "SKLZ Quick Ladder" | product_type: "Accessories"
[2026-04-29T22:24:56.418Z]   [SKIPPED - not supplement] "SKLZ 6 x Hurdles" | product_type: "Accessories"
[2026-04-29T22:24:56.419Z]   [SKIPPED - not supplement] "SKLZ Speed Rope" | product_type: "Accessories"
[2026-04-29T22:24:56.419Z]   [SKIPPED - not supplement] "SKLZ Mini Bands (set of 3)" | product_type: "Accessories"
[2026-04-29T22:24:56.419Z]   [SKIPPED - not supplement] "Harbinger Chalk Ball Single Pack" | product_type: "Accessories"
[2026-04-29T22:24:56.421Z]   [SKIPPED - not supplement] "Olimp Dextrex Juice 1kg" | product_type: "Post-Workout"
[2026-04-29T22:24:56.422Z]   [SKIPPED - not supplement] "Olimp Carbonox - Carbohydrate Formula 1kg" | product_type: "Intra-Workout"
[2026-04-29T22:24:56.931Z]   Page 13...
[2026-04-29T22:24:57.754Z]   [SKIPPED - not supplement] "Gaspari Elderberry Gummies 30 serve" | product_type: "Immunity"
[2026-04-29T22:24:57.756Z]   [SKIPPED - not supplement] "GO Healthy 5-HTP 120mg (60 Vegecaps)" | product_type: "Sleep Aids"
[2026-04-29T22:24:57.757Z]   [SKIPPED - not supplement] "Universal ZMA Pro" | product_type: "Post-Workout"
[2026-04-29T22:24:57.763Z]   [SKIPPED - not supplement] "GO Healthy Krill Oil 1,500mg 1-A-Day Super Strength" | product_type: "Fish Oil & Healthy Fats"
[2026-04-29T22:24:57.764Z]   [SKIPPED - not supplement] "BSN Shred Stack" | product_type: "Stacks"
[2026-04-29T22:24:57.764Z]   [SKIPPED - not supplement] "BePure Deep Sleep" | product_type: "Sleep Aids"
[2026-04-29T22:24:57.765Z]   [SKIPPED - not supplement] "Zen Liniment Sports Spray 125mL" | product_type: "Recovery"
[2026-04-29T22:24:57.766Z]   [SKIPPED - not supplement] "PEAKFUEL Hydration 500g" | product_type: "Intra-Workout"
[2026-04-29T22:24:57.766Z]   [SKIPPED - not supplement] "PEAKFUEL Energy Gels 35g" | product_type: "Energy & Endurance"
[2026-04-29T22:24:57.767Z]   [SKIPPED - not supplement] "Tailwind Endurance Fuel" | product_type: "Energy & Endurance"
[2026-04-29T22:24:57.767Z]   [SKIPPED - not supplement] "Nutrex HMB 1000 120 Caps" | product_type: "Post-Workout"
[2026-04-29T22:24:57.768Z]   [SKIPPED - not supplement] "GO Healthy Vir-Defence Extra Strength Rapid 30 Caps" | product_type: "Immunity"
[2026-04-29T22:24:57.769Z]   [SKIPPED - not supplement] "Muscletech SX-7 Black Onyx Creabuild 30 Serve" | product_type: "Post-Workout"
[2026-04-29T22:24:57.770Z]   [SKIPPED - not supplement] "Killer Labz Laxobulk" | product_type: "Post-Workout"
[2026-04-29T22:24:57.770Z]   [SKIPPED - not supplement] "Sting M1 Mens Magnum Training Gloves" | product_type: "Accessories"
[2026-04-29T22:24:57.771Z]   [SKIPPED - not supplement] "5% Nutrition Post gear PCT Support" | product_type: "Post-Workout"
[2026-04-29T22:24:58.287Z]   Page 14...
[2026-04-29T22:24:59.173Z]   [SKIPPED - not supplement] "Purely Inspired MCT Oil 950ml" | product_type: "Fish Oil & Healthy Fats"
[2026-04-29T22:24:59.174Z]   [SKIPPED - not supplement] "PURE Fluid Energy Gels" | product_type: "Energy & Endurance"
[2026-04-29T22:24:59.175Z]   [SKIPPED - not supplement] "GO Healthy Colostrum Milk 550mg (120 ChewTabs)" | product_type: "Immunity"
[2026-04-29T22:24:59.176Z]   [SKIPPED - not supplement] "PVL Total Reload" | product_type: "Intra-Workout"
[2026-04-29T22:24:59.177Z]   [SKIPPED - not supplement] "Pro Supps Crash 30 Serve" | product_type: "Post-Workout"
[2026-04-29T22:24:59.177Z]   [SKIPPED - not supplement] "HIIT Interval Timer" | product_type: "Accessories"
[2026-04-29T22:24:59.178Z]   [SKIPPED - not supplement] "IF Mag" | product_type: "Accessories"
[2026-04-29T22:24:59.179Z]   [SKIPPED - not supplement] "Elite Speed Rope with Bag" | product_type: "Accessories"
[2026-04-29T22:24:59.179Z]   [SKIPPED - not supplement] "Gifted Athletics Roman XIII Tee White Large" | product_type: "Accessories"
[2026-04-29T22:24:59.180Z]   [SKIPPED - not supplement] "Olympic Fast Load Collars" | product_type: "Accessories"
[2026-04-29T22:24:59.181Z]   [SKIPPED - not supplement] "Ultra Plus Speed Rope Yellow" | product_type: "Accessories"
[2026-04-29T22:24:59.181Z]   [SKIPPED - not supplement] "Shockwave Aluminium Speed Rope" | product_type: "Accessories"
[2026-04-29T22:24:59.182Z]   [SKIPPED - not supplement] "GO Garlic 30s" | product_type: "Immunity"
[2026-04-29T22:24:59.183Z]   [SKIPPED - not supplement] "Gifted Athletics Crest Tee" | product_type: "Accessories"
[2026-04-29T22:24:59.184Z]   [SKIPPED - not supplement] "Mutant Red Mega Jug 2.6L" | product_type: "Workout Equipment"
[2026-04-29T22:24:59.184Z]   [SKIPPED - not supplement] "PURE Blackcurrant Recovery 200g" | product_type: "Post-Workout"
[2026-04-29T22:24:59.688Z]   Page 15...
[2026-04-29T22:25:00.517Z]   [SKIPPED - not supplement] "Outbreak Antidote Grape" | product_type: "Recovery"
[2026-04-29T22:25:00.518Z]   [SKIPPED - not supplement] "MusclePharm Fish Oil 90caps" | product_type: "Fish Oil & Healthy Fats"
[2026-04-29T22:25:00.519Z]   [SKIPPED - not supplement] "Go Fish Oil 1500mg Odourless" | product_type: "Fish Oil & Healthy Fats"
[2026-04-29T22:25:00.519Z]   [SKIPPED - not supplement] "Go Healthy Cherry Sleep 30caps" | product_type: "Sleep Aids"
[2026-04-29T22:25:00.520Z]   [SKIPPED - not supplement] "GO De Congest Triple Strength 60s" | product_type: "Immunity"
[2026-04-29T22:25:00.520Z]   [SKIPPED - not supplement] "Sting K1 Womens Training Gloves" | product_type: "Accessories"
[2026-04-29T22:25:00.521Z]   [SKIPPED - not supplement] "Gaspari HMB 90 caps" | product_type: "Intra-Workout"
[2026-04-29T22:25:00.522Z]   [SKIPPED - not supplement] "Outbreak Nutrition Adapt" | product_type: "Post-Workout"
[2026-04-29T22:25:00.523Z]   [SKIPPED - not supplement] "GO Healthy Manuka Honey UMF 23+ 250g" | product_type: "Immunity"
[2026-04-29T22:25:00.523Z]   [SKIPPED - not supplement] "GO Healthy Manuka Honey UMF 5+ 250g" | product_type: "Immunity"
[2026-04-29T22:25:00.524Z]   [SKIPPED - not supplement] "GO Healthy Manuka Honey UMF 8+ 250g" | product_type: "Immunity"
[2026-04-29T22:25:00.524Z]   [SKIPPED - not supplement] "GO Healthy Manuka Honey UMF 12+ 250g" | product_type: "Immunity"
[2026-04-29T22:25:00.524Z]   [SKIPPED - not supplement] "GO Healthy Manuka Honey UMF 16+ 250g" | product_type: "Immunity"
[2026-04-29T22:25:00.525Z]   [SKIPPED - not supplement] "GO Healthy Manuka Honey UMF 20+ 250g" | product_type: "Immunity"
[2026-04-29T22:25:00.527Z]   [SKIPPED - not supplement] "Nothing Naughty Fruit Bars" | product_type: "Energy & Endurance"
[2026-04-29T22:25:00.528Z]   [SKIPPED - not supplement] "Switch Nutrition Adrenal Switch 60 Serve" | product_type: "Post-Workout"
[2026-04-29T22:25:00.529Z]   [SKIPPED - not supplement] "Switch Nutrition Adrenal Switch 30 Serve" | product_type: "Post-Workout"
[2026-04-29T22:25:00.531Z]   [SKIPPED - not supplement] "Optimum Nutrition Camelbak Drink Bottle" | product_type: "Water Bottles"
[2026-04-29T22:25:00.532Z]   [SKIPPED - not supplement] "GU Liquid Energy Gel" | product_type: "Energy & Endurance"
[2026-04-29T22:25:00.534Z]   [SKIPPED - not supplement] "GU Energy Waffle" | product_type: "Energy & Endurance"
[2026-04-29T22:25:00.534Z]   [SKIPPED - not supplement] "GU Chews" | product_type: "Energy & Endurance"
[2026-04-29T22:25:00.535Z]   [SKIPPED - not supplement] "GU Energy Gel" | product_type: "Energy & Endurance"
[2026-04-29T22:25:00.536Z]   [SKIPPED - not supplement] "SiS Go Isotonic Energy Gel" | product_type: "Energy & Endurance"
[2026-04-29T22:25:00.536Z]   [SKIPPED - not supplement] "SiS Beta Fuel" | product_type: "Energy & Endurance"
[2026-04-29T22:25:01.044Z]   Page 16...
[2026-04-29T22:25:01.983Z]   [SKIPPED - not supplement] "Massage Ball" | product_type: "Workout Equipment"
[2026-04-29T22:25:01.984Z]   [SKIPPED - not supplement] "Fitique Nutrition Booty bands" | product_type: "Accessories"
[2026-04-29T22:25:01.985Z]   [SKIPPED - not supplement] "GO Fish Oil 1000mg 90s" | product_type: "Fish Oil & Healthy Fats"
[2026-04-29T22:25:01.985Z]   [SKIPPED - not supplement] "Sportsfuel Tie Bag" | product_type: "Accessories"
[2026-04-29T22:25:01.985Z]   [SKIPPED - not supplement] "Dr Keto Ketones" | product_type: "Post-Workout"
[2026-04-29T22:25:01.987Z]   [SKIPPED - not supplement] "Sting Elasticised Lifting Knee Wraps 80inch" | product_type: "Accessories"
[2026-04-29T22:25:01.988Z]   [SKIPPED - not supplement] "Natures Nurse Rapid Recovery Herbal Sports Rub 480ml" | product_type: "Accessories"
[2026-04-29T22:25:01.988Z]   [SKIPPED - not supplement] "Natures Nurse Rapid Recovery Herbal Sports Rub 80g" | product_type: "Accessories"
[2026-04-29T22:25:01.989Z]   [SKIPPED - not supplement] "Go Healthy Sleep Support 60caps" | product_type: "Sleep Aids"
[2026-04-29T22:25:01.989Z]   [SKIPPED - not supplement] "GAT Arginine 180 Caps" | product_type: "Post-Workout"
[2026-04-29T22:25:01.990Z]   [SKIPPED - not supplement] "Sting Neo Dip Belt 7 Inch" | product_type: "Workout Equipment"
[2026-04-29T22:25:01.991Z]   [SKIPPED - not supplement] "Gaspari Glycofuse" | product_type: "Energy & Endurance"
[2026-04-29T22:25:01.994Z]   [SKIPPED - not supplement] "Rocktape Kinesiology Tape (5m x 5cm)" | product_type: "Accessories"
[2026-04-29T22:25:01.995Z]   [SKIPPED - not supplement] "Palm Protector Grips" | product_type: "Accessories"
[2026-04-29T22:25:02.500Z]   Page 17...
[2026-04-29T22:25:03.345Z]   [SKIPPED - not supplement] "Horleys Replace Gels - 5x38g" | product_type: "Energy & Endurance"
[2026-04-29T22:25:03.346Z]   [SKIPPED - not supplement] "Leppin Squeezy 10 pack" | product_type: "Energy & Endurance"
[2026-04-29T22:25:03.347Z]   [SKIPPED - not supplement] "Sting Armalite SAS Focus Mitts Pair" | product_type: "Accessories"
[2026-04-29T22:25:03.349Z]   [SKIPPED - not supplement] "Sportsfuel Drink Bottle 750ml" | product_type: "Accessories"
[2026-04-29T22:25:03.353Z]   [SKIPPED - not supplement] "ATP ZMAG" | product_type: "Sleep Aids"
[2026-04-29T22:25:03.354Z]   [SKIPPED - not supplement] "Go Healthy Cherry Sleep 60 caps" | product_type: "Sleep Aids"
[2026-04-29T22:25:03.354Z]   [SKIPPED - not supplement] "Go Krill Oil 750mg" | product_type: "Fish Oil & Healthy Fats"
[2026-04-29T22:25:03.355Z]   [SKIPPED - not supplement] "Go Healthy Antibiotic Support 14 Caps" | product_type: "Immunity"
[2026-04-29T22:25:03.355Z]   [SKIPPED - not supplement] "GO Healthy Cholesterol Shield (100 SoftGel Caps)" | product_type: "General Health"
[2026-04-29T22:25:03.356Z]   [SKIPPED - not supplement] "GO Healthy Cholesterol Shield (60 SoftGel Capsules)" | product_type: "General Health"
[2026-04-29T22:25:03.357Z]   [SKIPPED - not supplement] "Go Healthy Vir Defence" | product_type: "Immunity"
[2026-04-29T22:25:03.357Z]   [SKIPPED - not supplement] "GO Immune Protect 60s" | product_type: "Immunity"
[2026-04-29T22:25:03.357Z]   [SKIPPED - not supplement] "GO Immune Protect 30s" | product_type: "Immunity"
[2026-04-29T22:25:03.866Z]   Page 18...
[2026-04-29T22:25:04.307Z]   [SKIPPED - not supplement] "Optimum HMB" | product_type: "Post-Workout"
[2026-04-29T22:25:04.309Z]   [SKIPPED - not supplement] "Optimum Fish Oil" | product_type: "Fish Oil & Healthy Fats"
[2026-04-29T22:25:04.309Z]   [SKIPPED - not supplement] "Pro Tan Bikini Bronze 206.5ml" | product_type: "Accessories"
[2026-04-29T22:25:04.309Z]   [SKIPPED - not supplement] "Pro Tan Muscle Juice 118.5ml" | product_type: "Accessories"
[2026-04-29T22:25:04.309Z]   [SKIPPED - not supplement] "Pro Tan Get Buffed 237ml" | product_type: "Accessories"
[2026-04-29T22:25:04.310Z]   [SKIPPED - not supplement] "Pro Tan Show Shine 118.5ml" | product_type: "Accessories"
[2026-04-29T22:25:04.310Z]   [SKIPPED - not supplement] "Pro Tan Two Minute Tan 237ml" | product_type: "Accessories"
[2026-04-29T22:25:04.310Z]   [SKIPPED - not supplement] "Trigger Point Muscle Massage Stick" | product_type: "Accessories"
[2026-04-29T22:25:04.311Z]   [SKIPPED - not supplement] "Weightlifting Palm Guard" | product_type: "Accessories"
[2026-04-29T22:25:04.311Z]   Found 3199 supplement products from Sportsfuel (18 pages fetched)
[2026-04-29T22:25:05.824Z] Scraping Scorpion Supplements...
[2026-04-29T22:25:05.824Z]   Page 1...
[2026-04-29T22:25:06.614Z]   [SKIPPED - no category] "SCORPION AMINO PRO 2 JAR" | product_type: "Product" | tags: 
[2026-04-29T22:25:06.616Z]   [SKIPPED - no category] "SCORPION AMINO PRO 500g" | product_type: "Product" | tags: 
[2026-04-29T22:25:06.617Z]   [SKIPPED - not supplement] "SCORPION WATER JUG 2.5 LITRE" | product_type: "Accessories"
[2026-04-29T22:25:06.618Z]   [SKIPPED - not supplement] "SCORPION FIGURE 8 TRAINING STRAPS" | product_type: "Accessories"
[2026-04-29T22:25:06.618Z]   [SKIPPED - not supplement] "Stainless Steel Drink Bottle" | product_type: "Accessories"
[2026-04-29T22:25:06.618Z]   [SKIPPED - not supplement] "SCORPION DAD HAT" | product_type: "Accessories"
[2026-04-29T22:25:06.619Z]   [SKIPPED - not supplement] "SCORPION TRAINING LOG" | product_type: "Accessories"
[2026-04-29T22:25:06.619Z]   [SKIPPED - not supplement] "SCORPION BEANIE" | product_type: "Accessories"
[2026-04-29T22:25:06.619Z]   [SKIPPED - not supplement] "SCORPION CREW SOCKS WHITE" | product_type: "Accessories"
[2026-04-29T22:25:06.620Z]   [SKIPPED - not supplement] "SCORPION SHRED EXTREME CAPSULES" | product_type: "Product"
[2026-04-29T22:25:06.622Z]   [SKIPPED - no category] "SCORPION BIG MASS 3KG" | product_type: "Product" | tags: 
[2026-04-29T22:25:06.622Z]   [SKIPPED - no category] "SCORPION MASS ATTACK 3KG" | product_type: "Product" | tags: 
[2026-04-29T22:25:06.622Z]   [SKIPPED - no category] "SCORPION MASS ATTACK STACK" | product_type: "Product" | tags: 
[2026-04-29T22:25:06.623Z]   [SKIPPED - not supplement] "SCORPION SHRED VENOM - 2 JAR COMBO" | product_type: "(blank)"
[2026-04-29T22:25:06.623Z]   [SKIPPED - not supplement] "SCORPION SHRED VENOM 360g" | product_type: "(blank)"
[2026-04-29T22:25:06.624Z]   Found 63 supplement products from Scorpion Supplements (1 page fetched)
[2026-04-29T22:25:08.135Z] Scraping ASN Online...
[2026-04-29T22:25:08.136Z]   Page 1...
[2026-04-29T22:25:09.444Z]   [SKIPPED - not supplement] "AMF Shred Stack" | product_type: "(blank)"
[2026-04-29T22:25:09.446Z]   [SKIPPED - not supplement] "GAT Sport Cyclic Dextrin" | product_type: "(blank)"
[2026-04-29T22:25:09.446Z]   [SKIPPED - not supplement] "FUELR Caffeinated Energy Gels" | product_type: "(blank)"
[2026-04-29T22:25:09.446Z]   [SKIPPED - not supplement] "FUELR Isotonic Energy Gels" | product_type: "(blank)"
[2026-04-29T22:25:09.447Z]   [SKIPPED - not supplement] "HiveEnergy Sports Fuel with Himalayan Salt" | product_type: "(blank)"
[2026-04-29T22:25:09.447Z]   [SKIPPED - not supplement] "HiveEnergy Sports Fuel" | product_type: "(blank)"
[2026-04-29T22:25:09.449Z]   [SKIPPED - not supplement] "Swoleys Testie Chews Test Booster Gummies" | product_type: "(blank)"
[2026-04-29T22:25:09.456Z]   [SKIPPED - not supplement] "Pharmafreak Test Freak Gold Edition Test Booster" | product_type: "(blank)"
[2026-04-29T22:25:09.457Z]   [SKIPPED - not supplement] "ASN Logo Tank" | product_type: "(blank)"
[2026-04-29T22:25:09.457Z]   [SKIPPED - not supplement] "ASN Logo Tee" | product_type: "(blank)"
[2026-04-29T22:25:09.966Z]   Page 2...
[2026-04-29T22:25:10.484Z]   [SKIPPED - not supplement] "Pharmafreak Test Freak Test Booster" | product_type: "(blank)"
[2026-04-29T22:25:10.485Z]   Found 273 supplement products from ASN Online (2 pages fetched)
[2026-04-29T22:25:11.985Z] Scraping Supplement Solutions...
[2026-04-29T22:25:11.985Z]   Page 1...
[2026-04-29T22:25:12.729Z]   [SKIPPED - not supplement] "Zombie Labs Blackoutz" | product_type: "Sleep Aid"
[2026-04-29T22:25:12.731Z]   [SKIPPED - not supplement] "Inception Labs Aceso" | product_type: "General Health"
[2026-04-29T22:25:12.732Z]   [SKIPPED - not supplement] "Inception Labs Somnus" | product_type: "Sleep Aid"
[2026-04-29T22:25:12.732Z]   [SKIPPED - not supplement] "Inception Labs Reprieve" | product_type: "General Health"
[2026-04-29T22:25:12.732Z]   [SKIPPED - not supplement] "Inception Labs PhytoBiome" | product_type: "General Health"
[2026-04-29T22:25:12.735Z]   [SKIPPED - not supplement] "Supplement Solutions Liquid Chalk 50ml" | product_type: "Accessories"
[2026-04-29T22:25:12.735Z]   [SKIPPED - not supplement] "Supplement Solutions Camo Knee Wraps 180cm" | product_type: "Accessories"
[2026-04-29T22:25:12.736Z]   Found 102 supplement products from Supplement Solutions (1 page fetched)
[2026-04-29T22:25:14.239Z] Scraping Raisey's...
[2026-04-29T22:25:14.239Z]   Page 1...
[2026-04-29T22:25:14.748Z]   Found 36 supplement products from Raisey's (1 page fetched)
[2026-04-29T22:25:16.255Z] Scraping BodyStrong...
[2026-04-29T22:25:16.255Z]   Page 1...
[2026-04-29T22:25:17.661Z]   [SKIPPED - not supplement] "GASPARI Tribulus | 90 Capsules" | product_type: "Capsules"
[2026-04-29T22:25:17.664Z]   [SKIPPED - not supplement] "MUSASHI Tribulus+ - 60 Capsules" | product_type: "Capsules"
[2026-04-29T22:25:17.667Z]   Found 128 supplement products from BodyStrong (1 page fetched)
[2026-04-29T22:25:19.175Z] Scraping Bargain Chemist...
[2026-04-29T22:25:19.176Z]   Page 1...
[2026-04-29T22:25:19.685Z]   [SKIPPED - not supplement] "ADIDAS Fizzy Energy  EDT 50ml" | product_type: "Beauty Accessories"
[2026-04-29T22:25:19.685Z]   [SKIPPED - not supplement] "VS ANGEL GOLD EDP SPRAY 100ml" | product_type: "Beauty Accessories"
[2026-04-29T22:25:19.685Z]   [SKIPPED - not supplement] "BURBERRY BRIT SPLASH EDT 50ML" | product_type: "Beauty Accessories"
[2026-04-29T22:25:19.686Z]   [SKIPPED - not supplement] "Lip Smacker Frozen Lipgloss & Pouch Set" | product_type: "Beauty Accessories"
[2026-04-29T22:25:19.686Z]   [SKIPPED - not supplement] "Victoria’s Secret Angel Gold EDP Spray 50ml" | product_type: "Beauty Accessories"
[2026-04-29T22:25:19.692Z]   [SKIPPED - not supplement] "Trilogy Polyglutamic+ Booster Serum 15ml" | product_type: "Beauty Accessories"
[2026-04-29T22:25:19.693Z]   [SKIPPED - not supplement] "Calvin Klein Obsession for Women Eau de Parfum 100 ML" | product_type: "Beauty Accessories"
[2026-04-29T22:25:19.700Z]   [SKIPPED - not supplement] "Elizabeth Arden G/Tea Summer EDT Spray 100ml" | product_type: "Beauty Accessories"
[2026-04-29T22:25:19.700Z]   [SKIPPED - not supplement] "ADIDAS 75ML EDT SPRAY WOMEN FRUIT RHYTHM" | product_type: "Beauty Accessories"
[2026-04-29T22:25:19.701Z]   [SKIPPED - not supplement] "VERA WANG EMBRACE 240ML B/MIST IRIS" | product_type: "Beauty Accessories"
[2026-04-29T22:25:19.701Z]   [SKIPPED - not supplement] "ADIDAS 50ML EDT SPRAY PURE LIGHTNESS" | product_type: "Beauty Accessories"
[2026-04-29T22:25:19.701Z]   [SKIPPED - not supplement] "ADIDAS GET READY 50ML EDT SPRAY WOMEN" | product_type: "Beauty Accessories"
[2026-04-29T22:25:19.702Z]   [SKIPPED - not supplement] "CHARLIE SILVER 100ML EDT" | product_type: "Beauty Accessories"
[2026-04-29T22:25:19.702Z]   [SKIPPED - not supplement] "ARIANA GRANDE CLOUD 2.0 INTENSE 100ML EDP" | product_type: "Beauty Accessories"
[2026-04-29T22:25:19.702Z]   [SKIPPED - not supplement] "VERA WANG ROCK PRINCESS 250ML BODY MIST" | product_type: "Beauty Accessories"
[2026-04-29T22:25:19.703Z]   [SKIPPED - not supplement] "ADIDAS 50ML EDT SPRAY WOMEN NAT VITALITY" | product_type: "Beauty Accessories"
[2026-04-29T22:25:19.703Z]   [SKIPPED - not supplement] "VERA WANG PRINCESS 30ML EDT SPRAY" | product_type: "Beauty Accessories"
[2026-04-29T22:25:19.704Z]   [SKIPPED - not supplement] "Chloe By Chloe Women's Eau De Perfume 50ml" | product_type: "Beauty Accessories"
[2026-04-29T22:25:19.704Z]   [SKIPPED - not supplement] "Guess Seductive Noir EDT 75ml for Women" | product_type: "Beauty Accessories"
[2026-04-29T22:25:19.704Z]   [SKIPPED - not supplement] "DOLCE & GABBANA LIGHT BLUE EAU INTENSE (W) EDP 50 ml IT" | product_type: "Beauty Accessories"
[2026-04-29T22:25:19.705Z]   [SKIPPED - not supplement] "VERSACE BLUE JEANS MAN (M) EDT 75 ml IT" | product_type: "Beauty Accessories"
[2026-04-29T22:25:19.705Z]   [SKIPPED - not supplement] "TH Tommy Girl EDT 100ml" | product_type: "Beauty Accessories"
[2026-04-29T22:25:19.705Z]   [SKIPPED - not supplement] "MARCJ Honey EDP Spray 100ml" | product_type: "Beauty Accessories"
[2026-04-29T22:25:19.706Z]   [SKIPPED - not supplement] "EA G/Tea Lav. EDT Spray 100ml" | product_type: "Beauty Accessories"
[2026-04-29T22:25:19.706Z]   [SKIPPED - not supplement] "BURBERRY GODDESS (W) EDP 100 ml REFILLABLE ES" | product_type: "Beauty Accessories"
[2026-04-29T22:25:19.706Z]   [SKIPPED - not supplement] "CALVIN KLEIN CK EVERYONE (U) EDT 50 ml ES" | product_type: "Beauty Accessories"
[2026-04-29T22:25:19.707Z]   [SKIPPED - not supplement] "Britney Spears Jungle Fan. EDT 30ml" | product_type: "Beauty Accessories"
[2026-04-29T22:25:19.707Z]   [SKIPPED - not supplement] "JEAN PAUL GAULTIER SCANDAL ABSOLU (W) PARFUM CONCENTRE 80ml" | product_type: "Beauty Accessories"
[2026-04-29T22:25:19.707Z]   [SKIPPED - not supplement] "CALVIN KLEIN (ETERNITY+OBSESSION+CK ONE+ESCAPE) (U+W) SET EDP 3 x 15 ml + EDT 15 ml (SPLASH) FR" | product_type: "Beauty Accessories"
[2026-04-29T22:25:19.707Z]   [SKIPPED - not supplement] "EA G/Tea Mimosa EDT Spray 100ml" | product_type: "Beauty Accessories"
[2026-04-29T22:25:19.708Z]   [SKIPPED - not supplement] "ELIE SAAB GIRL OF NOW SHINE (W) EDP 90 ml IT" | product_type: "Beauty Accessories"
[2026-04-29T22:25:19.708Z]   [SKIPPED - not supplement] "ELIE SAAB GIRL OF NOW (W) EDP 90 ml IT" | product_type: "Beauty Accessories"
[2026-04-29T22:25:19.708Z]   [SKIPPED - not supplement] "EA G/Tea Lotus EDT 100ml" | product_type: "Beauty Accessories"
[2026-04-29T22:25:19.709Z]   [SKIPPED - not supplement] "Boss Green Men EDT New 200ml" | product_type: "Beauty Accessories"
[2026-04-29T22:25:19.709Z]   [SKIPPED - not supplement] "LATTAFA BADE'E AL OUD AMETHYST (W) EDP 100 ml AE" | product_type: "Beauty Accessories"
[2026-04-29T22:25:19.709Z]   [SKIPPED - not supplement] "Moschino TOY2 Pearl 30ml EDP 2pc Set" | product_type: "Beauty Accessories"
[2026-04-29T22:25:19.710Z]   [SKIPPED - not supplement] "Britney Spears PrerogRave EDP 100ml" | product_type: "Beauty Accessories"
[2026-04-29T22:25:20.217Z]   Page 2...
[2026-04-29T22:25:20.806Z]   [SKIPPED - not supplement] "BURBERRY HER (W) EDP 100 ml ES" | product_type: "Beauty Accessories"
[2026-04-29T22:25:20.807Z]   [SKIPPED - not supplement] "VIKTOR & ROLF SPICEBOMB EXTREME POUR HOMME (M) EDP 90 ml FR" | product_type: "Beauty Accessories"
[2026-04-29T22:25:20.807Z]   [SKIPPED - not supplement] "CHRISTIAN DIOR POISON (W) EDT 100 ml FR" | product_type: "Beauty Accessories"
[2026-04-29T22:25:20.808Z]   [SKIPPED - not supplement] "JIMMY CHOO BLOSSOM (W) EDP 100 ml FR" | product_type: "Beauty Accessories"
[2026-04-29T22:25:20.808Z]   [SKIPPED - not supplement] "Yacht Man Metal EDT 100ml" | product_type: "Beauty Accessories"
[2026-04-29T22:25:20.808Z]   [SKIPPED - not supplement] "GIORGIO ARMANI EMPORIO ARMANI DIAMONDS FOR MEN (M) EDT 75ml" | product_type: "Beauty Accessories"
[2026-04-29T22:25:20.809Z]   [SKIPPED - not supplement] "ROYALPRESTIGE Hand Warmers 2pk" | product_type: "Beauty Accessories"
[2026-04-29T22:25:20.809Z]   [SKIPPED - not supplement] "PRADA PARADOXE INTENSE (W) EDP 90 ml REFILLABLE FR" | product_type: "Beauty Accessories"
[2026-04-29T22:25:20.809Z]   [SKIPPED - not supplement] "CHARLIE EDT Gold 100ml" | product_type: "Beauty Accessories"
[2026-04-29T22:25:20.810Z]   [SKIPPED - not supplement] "ELIE SAAB GIRL OF NOW FOREVER (W) EDP 90 ml IT" | product_type: "Beauty Accessories"
[2026-04-29T22:25:20.810Z]   [SKIPPED - not supplement] "HUGO BOSS HUGO JUST DIFFERENT (M) EDT 75 ml FR" | product_type: "Beauty Accessories"
[2026-04-29T22:25:20.810Z]   [SKIPPED - not supplement] "DKNY Be Deli. Fresh Blossom 30ml" | product_type: "Beauty Accessories"
[2026-04-29T22:25:20.811Z]   [SKIPPED - not supplement] "YVES SAINT LAURENT Y (M) EDP INTENSE 100 ml FR" | product_type: "Beauty Accessories"
[2026-04-29T22:25:20.811Z]   [SKIPPED - not supplement] "DOLCE & GABBANA LIGHT BLUE (W) EDT 100 ml REFILLABLE IT" | product_type: "Beauty Accessories"
[2026-04-29T22:25:20.811Z]   [SKIPPED - not supplement] "NARCISO RODRIGUEZ PURE MUSC FOR HER (W) EDP 50 ml FR" | product_type: "Beauty Accessories"
[2026-04-29T22:25:20.811Z]   [SKIPPED - not supplement] "DOLCE & GABBANA LIGHT BLUE POUR HOMME (M) EDT 100 ml IT" | product_type: "Beauty Accessories"
[2026-04-29T22:25:20.813Z]   [SKIPPED - not supplement] "SugarBaby Get Glowing Glow Drops 40ml" | product_type: "Beauty Accessories"
[2026-04-29T22:25:20.815Z]   [SKIPPED - not supplement] "DB Fragrance Scent Two 100ml" | product_type: "Beauty Accessories"
[2026-04-29T22:25:20.816Z]   [SKIPPED - not supplement] "DB Fragrance Painted Lady 100ml" | product_type: "Beauty Accessories"
[2026-04-29T22:25:20.824Z]   [SKIPPED - not supplement] "MCo MCH355 Comb Eyelash Curler" | product_type: "Beauty Accessories"
[2026-04-29T22:25:20.825Z]   [SKIPPED - not supplement] "MCo MCH303 E/day Precision Tweezers" | product_type: "Beauty Accessories"
[2026-04-29T22:25:20.826Z]   [SKIPPED - not supplement] "Juicy Couture EDP Spray 50ml" | product_type: "Beauty Accessories"
[2026-04-29T22:25:21.332Z]   Page 3...
[2026-04-29T22:25:21.911Z]   [SKIPPED - not supplement] "Body Lux Gld 35ml EDT&Lot 2pc Set" | product_type: "Beauty Accessories"
[2026-04-29T22:25:21.912Z]   [SKIPPED - not supplement] "Body Lux LAA Rouge Frag Mist 250ml" | product_type: "Beauty Accessories"
[2026-04-29T22:25:21.912Z]   [SKIPPED - not supplement] "Body Lux RosyCld 35mlEDT&Lot 2pc Set" | product_type: "Beauty Accessories"
[2026-04-29T22:25:21.913Z]   [SKIPPED - not supplement] "Body Lux Good Girl Frag Mist 250ml" | product_type: "Beauty Accessories"
[2026-04-29T22:25:21.913Z]   [SKIPPED - not supplement] "D&G K Pour Homme EDT 100ml 2pc Set25" | product_type: "Beauty Accessories"
[2026-04-29T22:25:21.913Z]   [SKIPPED - not supplement] "CK Eternity EDP W 100ml 3pc Set X25" | product_type: "Beauty Accessories"
[2026-04-29T22:25:21.914Z]   [SKIPPED - not supplement] "CK One EDT Unisex 100ml 2pc Set X25" | product_type: "Beauty Accessories"
[2026-04-29T22:25:21.914Z]   [SKIPPED - not supplement] "D&G K by D&G EDT 100ml 3pc Set24" | product_type: "Beauty Accessories"
[2026-04-29T22:25:21.914Z]   [SKIPPED - not supplement] "D&G Lt Blue Wmns EDT 100ml 3pc Set25" | product_type: "Beauty Accessories"
[2026-04-29T22:25:21.915Z]   [SKIPPED - not supplement] "Body Lux LYM Frag Mist 2020 250ml" | product_type: "Beauty Accessories"
[2026-04-29T22:25:21.916Z]   [SKIPPED - not supplement] "Body Lux Frag Girl Night EDP 30ml" | product_type: "Beauty Accessories"
[2026-04-29T22:25:21.916Z]   [SKIPPED - not supplement] "Body Lux LYM Frag Mist 2022 250ml" | product_type: "Beauty Accessories"
[2026-04-29T22:25:21.916Z]   [SKIPPED - not supplement] "YSL Opium EDP Spray 50ml" | product_type: "Beauty Accessories"
[2026-04-29T22:25:21.916Z]   [SKIPPED - not supplement] "Narciso Rodriguez Her EDT 90ml" | product_type: "Beauty Accessories"
[2026-04-29T22:25:21.917Z]   [SKIPPED - not supplement] "AdM 41-2128 Allig Clips Bows Blk 2pc" | product_type: "Beauty Accessories"
[2026-04-29T22:25:21.917Z]   [SKIPPED - not supplement] "MbM 40-3128 One Tch Clp C/Shells 2pk" | product_type: "Beauty Accessories"
[2026-04-29T22:25:21.917Z]   [SKIPPED - not supplement] "MAE 40-2268 El/Twirl Ties Browns 4pk" | product_type: "Beauty Accessories"
[2026-04-29T22:25:21.918Z]   [SKIPPED - not supplement] "MAE 40-2016 Styling Clips Black 4pk" | product_type: "Beauty Accessories"
[2026-04-29T22:25:21.918Z]   [SKIPPED - not supplement] "AdM 41-2316 Headband Velvt Braid Blk" | product_type: "Beauty Accessories"
[2026-04-29T22:25:21.918Z]   [SKIPPED - not supplement] "AdM 41-2227 Elast Satin Flowers 2pk" | product_type: "Beauty Accessories"
[2026-04-29T22:25:21.919Z]   [SKIPPED - not supplement] "AdM 41-2223 Elast Bows Blk&Browns 4s" | product_type: "Beauty Accessories"
[2026-04-29T22:25:21.921Z]   [SKIPPED - not supplement] "Dear Body Glit. Stars Fragrance Mist 250ml" | product_type: "Beauty Accessories"
[2026-04-29T22:25:21.922Z]   [SKIPPED - not supplement] "Ruby Face Cosmetic Hair Brush" | product_type: "Beauty Accessories"
[2026-04-29T22:25:21.923Z]   [SKIPPED - not supplement] "CHLOE By Chloe EDP 75ml 3pc Set25" | product_type: "Beauty Accessories"
[2026-04-29T22:25:21.924Z]   [SKIPPED - not supplement] "BURBERRY Her EDP 100ml 2pc Set25" | product_type: "Beauty Accessories"
[2026-04-29T22:25:21.924Z]   [SKIPPED - not supplement] "Armani Code For Men Cologne Eau De Toilette 125ml" | product_type: "Beauty Accessories"
[2026-04-29T22:25:21.925Z]   [SKIPPED - not supplement] "Boss Bottled (Grey) EDT 50ml" | product_type: "Beauty Accessories"
[2026-04-29T22:25:21.925Z]   [SKIPPED - not supplement] "Rabanne Paco Fame EDP 30ml" | product_type: "Beauty Accessories"
[2026-04-29T22:25:21.926Z]   [SKIPPED - not supplement] "DEPEND PT Nail care Remover & Corrector pen" | product_type: "Cosmetics"
[2026-04-29T22:25:21.927Z]   [SKIPPED - not supplement] "MARC Jacobs Fragrance Mini Gift 4pc Set" | product_type: "Beauty Accessories"
[2026-04-29T22:25:21.928Z]   [SKIPPED - not supplement] "UMBRO Giftset For Men Power 2pc" | product_type: "Beauty Accessories"
[2026-04-29T22:25:21.928Z]   [SKIPPED - not supplement] "UMBRO Giftset For Men Ice 2pc" | product_type: "Beauty Accessories"
[2026-04-29T22:25:21.928Z]   [SKIPPED - not supplement] "Philips Avent Soother Ultra Air Night 18m+ 2pk" | product_type: "Children Babies & Mum"
[2026-04-29T22:25:21.929Z]   [SKIPPED - not supplement] "Philips Avent Natural Response Teat 6mths -  2pk" | product_type: "Children Babies & Mum"
[2026-04-29T22:25:21.929Z]   [SKIPPED - not supplement] "Truyu Nail Clipper Curved Celestial Limited Edition" | product_type: "Beauty Accessories"
[2026-04-29T22:25:21.930Z]   [SKIPPED - not supplement] "Agent Provocateur MISS AP EDP 100ml" | product_type: "Beauty Accessories"
[2026-04-29T22:25:21.930Z]   [SKIPPED - not supplement] "Swisspers Cotton Squares 150's" | product_type: "Beauty Accessories"
[2026-04-29T22:25:21.930Z]   [SKIPPED - not supplement] "MIU MIU TWIST EDP Spray 100ml" | product_type: "Beauty Accessories"
[2026-04-29T22:25:21.931Z]   [SKIPPED - not supplement] "DKNY MY NY EDP SPRAY 50ml" | product_type: "Beauty Accessories"
[2026-04-29T22:25:21.931Z]   [SKIPPED - not supplement] "CK Truth for Women EDP 100ml" | product_type: "Beauty Accessories"
[2026-04-29T22:25:21.931Z]   [SKIPPED - not supplement] "Victoria’s Secret Tease Heartbreaker EDP Spray 100ml" | product_type: "Beauty Accessories"
[2026-04-29T22:25:21.932Z]   [SKIPPED - not supplement] "Victoria’s Secret Rapture Cologne Spray 50ml" | product_type: "Beauty Accessories"
[2026-04-29T22:25:21.932Z]   [SKIPPED - not supplement] "Victoria’s Secret Love Me EDP Spray 50ml" | product_type: "Beauty Accessories"
[2026-04-29T22:25:21.932Z]   [SKIPPED - not supplement] "Calvin Klein Eternity Cologne for Him 100ml" | product_type: "Beauty Accessories"
[2026-04-29T22:25:21.933Z]   [SKIPPED - not supplement] "Victoria’s Secret Heavenly Summer EDP Spray 100ml" | product_type: "Beauty Accessories"
[2026-04-29T22:25:21.933Z]   [SKIPPED - not supplement] "TLC Hanging Travel Kit - Navy" | product_type: "Beauty Accessories"
[2026-04-29T22:25:21.934Z]   [SKIPPED - not supplement] "Wet n Wild Ghost Gloss Inky" | product_type: "Beauty Accessories"
[2026-04-29T22:25:21.934Z]   [SKIPPED - not supplement] "Britney Spears Curious EDP 100ml for Women" | product_type: "Beauty Accessories"
[2026-04-29T22:25:22.449Z]   Page 4...
[2026-04-29T22:25:23.002Z]   [SKIPPED - not supplement] "Britney Spears Believe EDP 100ml for Women" | product_type: "Beauty Accessories"
[2026-04-29T22:25:23.003Z]   [SKIPPED - not supplement] "Revlon Colorstay Satin Ink™ Lipcolor Citrine Queen" | product_type: "Beauty Accessories"
[2026-04-29T22:25:23.003Z]   [SKIPPED - not supplement] "TravaCalm Travel Band" | product_type: "Medicines & Professional Services"
[2026-04-29T22:25:23.004Z]   [SKIPPED - not supplement] "Dolce & Gabbana K EDP 150ml for Men" | product_type: "Beauty Accessories"
[2026-04-29T22:25:23.004Z]   [SKIPPED - not supplement] "CREED Aventus EDP 50ml for Men" | product_type: "Beauty Accessories"
[2026-04-29T22:25:23.004Z]   [SKIPPED - not supplement] "QVS Tan Remover and Preparation Mitten" | product_type: "Beauty Accessories"
[2026-04-29T22:25:23.005Z]   [SKIPPED - not supplement] "MAE Twirl Ties Mini Peach & Pink" | product_type: "Beauty Accessories"
[2026-04-29T22:25:23.005Z]   [SKIPPED - not supplement] "MAE Twirl Ties Mini Clear & Blue x4" | product_type: "Beauty Accessories"
[2026-04-29T22:25:23.005Z]   [SKIPPED - not supplement] "Missy Pixel Princess Eau De Parfum 22ml" | product_type: "Beauty Accessories"
[2026-04-29T22:25:23.006Z]   [SKIPPED - not supplement] "Jennifer Lopez Glow 100ml EDT" | product_type: "Beauty Accessories"
[2026-04-29T22:25:23.006Z]   [SKIPPED - not supplement] "BVLGARI Omnia Pink Sapphire EDT 65ml for Women" | product_type: "Beauty Accessories"
[2026-04-29T22:25:23.006Z]   [SKIPPED - not supplement] "Versace Dylan Blue Pour Femme Perfume EDP 100ml" | product_type: "Beauty Accessories"
[2026-04-29T22:25:23.007Z]   [SKIPPED - not supplement] "Avent Natural Feeding Bottle 0m+ 125mL x 2 Pack" | product_type: "Baby"
[2026-04-29T22:25:23.007Z]   [SKIPPED - not supplement] "Philips Avent Natural Bottle 330ml 2 Pack" | product_type: "Baby"
[2026-04-29T22:25:23.009Z]   [SKIPPED - not supplement] "ADIDAS Energy Drive EDP 100ml" | product_type: "Beauty Accessories"
[2026-04-29T22:25:23.010Z]   [SKIPPED - not supplement] "ADIDAS Full Recharge EDP 100ml" | product_type: "Beauty Accessories"
[2026-04-29T22:25:23.010Z]   [SKIPPED - no category] "Vital Proteins Collagen Peptides Chocolate 329g" | product_type: "Health & Wellbeing" | tags: april_promo,coll_PriceSmash,may-2026-promo,On Promotion
[2026-04-29T22:25:23.010Z]   [SKIPPED - not supplement] "Versace Eros EDT 30ml For Men" | product_type: "Beauty Accessories"
[2026-04-29T22:25:23.011Z]   [SKIPPED - not supplement] "EL White Linen EDP Spray 60ml" | product_type: "Beauty Accessories"
[2026-04-29T22:25:23.012Z]   [SKIPPED - no category] "Personal Massaging Vibrator Pink" | product_type: "Personal Care" | tags: coll_PriceSmash,may-2026-promo,On Promotion
[2026-04-29T22:25:23.012Z]   [SKIPPED - not supplement] "GUCCI Guilty PH EDP 90ml" | product_type: "Beauty Accessories"
[2026-04-29T22:25:23.013Z]   [SKIPPED - not supplement] "Narciso Musc Noir EDP 50ml" | product_type: "Beauty Accessories"
[2026-04-29T22:25:23.013Z]   [SKIPPED - not supplement] "Lee Stafford Hair Perfume Mist Original 82ml" | product_type: "Beauty Accessories"
[2026-04-29T22:25:23.013Z]   [SKIPPED - not supplement] "Lee Stafford Hair Perfume Mist Papaya Punch 80ml" | product_type: "Beauty Accessories"
[2026-04-29T22:25:23.014Z]   [SKIPPED - not supplement] "Lee Stafford Hair Perfume Mist Caramel Brulee 81ml" | product_type: "Beauty Accessories"
[2026-04-29T22:25:23.014Z]   [SKIPPED - not supplement] "Versace Eros Flame EDP 100ml" | product_type: "Beauty Accessories"
[2026-04-29T22:25:23.015Z]   [SKIPPED - not supplement] "Victoria’s Secret So In Love EDP Spray 50ml" | product_type: "Beauty Accessories"
[2026-04-29T22:25:23.015Z]   [SKIPPED - not supplement] "Victoria’s Secret Love EDP Spray 100ml" | product_type: "Beauty Accessories"
[2026-04-29T22:25:23.015Z]   [SKIPPED - not supplement] "BS Fantasy 100ml EDP 3pc Set25" | product_type: "Beauty Accessories"
[2026-04-29T22:25:23.016Z]   [SKIPPED - not supplement] "LATTAFA Khamrah Wmn EDP 100ml" | product_type: "Beauty Accessories"
[2026-04-29T22:25:23.016Z]   [SKIPPED - not supplement] "D&G The One Wmns EDP 75ml 3pc Set25" | product_type: "Beauty Accessories"
[2026-04-29T22:25:23.016Z]   [SKIPPED - not supplement] "Versace Eros PH EDT 200ml" | product_type: "Beauty Accessories"
[2026-04-29T22:25:23.017Z]   [SKIPPED - not supplement] "Sarah Jessica Parker Lovely Womans EDP 200ml" | product_type: "Beauty Accessories"
[2026-04-29T22:25:23.017Z]   [SKIPPED - not supplement] "RALPH Polo Red Mens EDP 200ml" | product_type: "Beauty Accessories"
[2026-04-29T22:25:23.017Z]   [SKIPPED - not supplement] "POLO Red EDP 125ml" | product_type: "Beauty Accessories"
[2026-04-29T22:25:23.018Z]   [SKIPPED - not supplement] "Rabanne Olympea EDP 80ml" | product_type: "Beauty Accessories"
[2026-04-29T22:25:23.018Z]   [SKIPPED - not supplement] "Rabanne 1Million Elx Parfum Int100ml" | product_type: "Beauty Accessories"
[2026-04-29T22:25:23.018Z]   [SKIPPED - not supplement] "Mugler Angel New Standing EDT 50ml" | product_type: "Beauty Accessories"
[2026-04-29T22:25:23.019Z]   [SKIPPED - not supplement] "Mugler Alien Goddess EDP Refill 60ml" | product_type: "Beauty Accessories"
[2026-04-29T22:25:23.019Z]   [SKIPPED - not supplement] "MAISON Margiela Replica Sunday Morning EDT (R)able 30ml" | product_type: "Beauty Accessories"
[2026-04-29T22:25:23.019Z]   [SKIPPED - not supplement] "MAISON Margiela Replica By the Fireplace EDT 30ml" | product_type: "Beauty Accessories"
[2026-04-29T22:25:23.020Z]   [SKIPPED - not supplement] "LATTAFA Yara Moi Wmn EDP 100ml" | product_type: "Beauty Accessories"
[2026-04-29T22:25:23.020Z]   [SKIPPED - not supplement] "LATTAFA Yara Candy Wmn EDP 100ml" | product_type: "Beauty Accessories"
[2026-04-29T22:25:23.020Z]   [SKIPPED - not supplement] "LATTAFA Najdia EDP 100ml" | product_type: "Beauty Accessories"
[2026-04-29T22:25:23.020Z]   [SKIPPED - not supplement] "LATTAFA Mayar Wmn EDP 100ml" | product_type: "Beauty Accessories"
[2026-04-29T22:25:23.021Z]   [SKIPPED - not supplement] "LATTAFA Hayaati Gld Elixir EDP 100ml" | product_type: "Beauty Accessories"
[2026-04-29T22:25:23.021Z]   [SKIPPED - not supplement] "LATTAFA Asad Zanzibar Men 100ml" | product_type: "Beauty Accessories"
[2026-04-29T22:25:23.021Z]   [SKIPPED - not supplement] "Kenzo FBK Poppy Bq EDP 100ml 3pc S25" | product_type: "Beauty Accessories"
[2026-04-29T22:25:23.022Z]   [SKIPPED - not supplement] "Kenzo FBK EDP 75ml 3pc Set25" | product_type: "Beauty Accessories"
[2026-04-29T22:25:23.022Z]   [SKIPPED - not supplement] "Kenzo FBK EDP 50ml 3pc Set25" | product_type: "Beauty Accessories"
[2026-04-29T22:25:23.022Z]   [SKIPPED - not supplement] "Kenzo FBK EDT Coral 100ml" | product_type: "Beauty Accessories"
[2026-04-29T22:25:23.023Z]   [SKIPPED - not supplement] "Kenzo FBK EDP 30ml" | product_type: "Beauty Accessories"
[2026-04-29T22:25:23.024Z]   [SKIPPED - not supplement] "J HAS A GUN NA Perf EDP100ml 2pc S25" | product_type: "Beauty Accessories"
[2026-04-29T22:25:23.024Z]   [SKIPPED - not supplement] "Jo Malone Cologne Wood Sage Sea Salt 30ml" | product_type: "Beauty Accessories"
[2026-04-29T22:25:23.024Z]   [SKIPPED - not supplement] "Jo Malone London English Pear & Freesia 100ml" | product_type: "Beauty Accessories"
[2026-04-29T22:25:23.025Z]   [SKIPPED - not supplement] "JPG Le Male EDT 125ml 2pc Set25" | product_type: "Beauty Accessories"
[2026-04-29T22:25:23.025Z]   [SKIPPED - not supplement] "ISSEY LE DIssey PH EDT 125ml 3pc S25" | product_type: "Beauty Accessories"
[2026-04-29T22:25:23.025Z]   [SKIPPED - not supplement] "CH Good Girl Blush Elixir 80ml" | product_type: "Beauty Accessories"
[2026-04-29T22:25:23.026Z]   [SKIPPED - not supplement] "CH Good Girl EDP 80ml 2pc Set25" | product_type: "Beauty Accessories"
[2026-04-29T22:25:23.026Z]   [SKIPPED - not supplement] "CH Good Girl Legere EDP 30ml" | product_type: "Beauty Accessories"
[2026-04-29T22:25:23.026Z]   [SKIPPED - not supplement] "CH Bad Boy EDT 100ml 2pc Set25" | product_type: "Beauty Accessories"
[2026-04-29T22:25:23.026Z]   [SKIPPED - not supplement] "Jimmy Choo I/W/Choo Le Parfum 100ml" | product_type: "Beauty Accessories"
[2026-04-29T22:25:23.027Z]   [SKIPPED - not supplement] "Paco Rabanne LADY MILLION EDP Spray 30ml" | product_type: "Beauty Accessories"
[2026-04-29T22:25:23.027Z]   [SKIPPED - not supplement] "M.KORS Gorgeous EDP 100ml 4pc Set25" | product_type: "Beauty Accessories"
[2026-04-29T22:25:23.028Z]   [SKIPPED - not supplement] "TLC T-169WWW Wild West DZU" | product_type: "Beauty Accessories"
[2026-04-29T22:25:23.028Z]   [SKIPPED - not supplement] "AL Pink SC Magic EDT 50ml 2pc Set25" | product_type: "Beauty Accessories"
[2026-04-29T22:25:23.028Z]   [SKIPPED - not supplement] "Versace Eros PH EDT 100ml 3 pc S25" | product_type: "Beauty Accessories"
[2026-04-29T22:25:23.029Z]   [SKIPPED - not supplement] "TLC T-140BLOAT Black&Oat Mirr. Purse" | product_type: "Beauty Accessories"
[2026-04-29T22:25:23.029Z]   [SKIPPED - not supplement] "TLC T-107POO3 Pink Bow 3pc Set" | product_type: "Beauty Accessories"
[2026-04-29T22:25:23.029Z]   [SKIPPED - not supplement] "Britney Spears Naked Fantasy 100ml EDT" | product_type: "Beauty Accessories"
[2026-04-29T22:25:23.030Z]   [SKIPPED - not supplement] "Versace Dy/Blue PH EDT 50ml 3pc S25" | product_type: "Beauty Accessories"
[2026-04-29T22:25:23.030Z]   [SKIPPED - no category] "Vital Proteins Lemon Collagen Peptides 313g" | product_type: "Health & Wellbeing" | tags: april_promo,coll_PriceSmash,may-2026-promo,On Promotion
[2026-04-29T22:25:23.031Z]   [SKIPPED - not supplement] "D&G The Only One EDP 50ml" | product_type: "Beauty Accessories"
[2026-04-29T22:25:23.031Z]   [SKIPPED - not supplement] "BYREDO Black Saff Uni EDP 100ml" | product_type: "Beauty Accessories"
[2026-04-29T22:25:23.032Z]   [SKIPPED - not supplement] "D&G The Only One EDP 30ml" | product_type: "Beauty Accessories"
[2026-04-29T22:25:23.032Z]   [SKIPPED - not supplement] "EA Red Door Revealed 100ml" | product_type: "Beauty Accessories"
[2026-04-29T22:25:23.032Z]   [SKIPPED - not supplement] "E.Taylor Wht Dmnd En Rouge EDT 100ml" | product_type: "Beauty Accessories"
[2026-04-29T22:25:23.033Z]   [SKIPPED - not supplement] "BYREDO Gyspy Water Uni EDP 100ml" | product_type: "Beauty Accessories"
[2026-04-29T22:25:23.033Z]   [SKIPPED - not supplement] "D&G The One Pour Homme EDT 50ml" | product_type: "Beauty Accessories"
[2026-04-29T22:25:23.033Z]   [SKIPPED - not supplement] "TLC T-107WWW Wild West Holdall" | product_type: "Beauty Accessories"
[2026-04-29T22:25:23.034Z]   [SKIPPED - not supplement] "TLC T-160WWW Wild West Hang WB" | product_type: "Beauty Accessories"
[2026-04-29T22:25:23.034Z]   [SKIPPED - not supplement] "TLC T-124POAT Pink Bow Oat Zipover" | product_type: "Beauty Accessories"
[2026-04-29T22:25:23.548Z]   Page 5...
[2026-04-29T22:25:24.095Z]   [SKIPPED - not supplement] "BePure Three Fish Oil 30s" | product_type: "Health & Wellbeing"
[2026-04-29T22:25:24.096Z]   [SKIPPED - not supplement] "BePure Three Fish Oil 60 Caps" | product_type: "Health & Wellbeing"
[2026-04-29T22:25:24.104Z]   [SKIPPED - not supplement] "BVLGARI Aqva Divina EDT 40ml for Women" | product_type: "Beauty Accessories"
[2026-04-29T22:25:24.106Z]   [SKIPPED - not supplement] "Versace Eros PH EDP 100ml" | product_type: "Beauty Accessories"
[2026-04-29T22:25:24.107Z]   [SKIPPED - not supplement] "L'Oréal Paris Revitalift Laser X3 Night Mask-Cream 50ml" | product_type: "Beauty Accessories"
[2026-04-29T22:25:24.107Z]   [SKIPPED - not supplement] "Calvin Klein Sheer Beauty EDT 100ml" | product_type: "Beauty Accessories"
[2026-04-29T22:25:24.108Z]   [SKIPPED - not supplement] "Lancome La Vie Est Belle Soleil Crystal EDP 100ml LE" | product_type: "Beauty Accessories"
[2026-04-29T22:25:24.108Z]   [SKIPPED - not supplement] "DB Fragrance Chaos EDP 100ml" | product_type: "Beauty Accessories"
[2026-04-29T22:25:24.108Z]   [SKIPPED - not supplement] "Jimmy Choo Illicit EDP 100ml" | product_type: "Beauty Accessories"
[2026-04-29T22:25:24.109Z]   [SKIPPED - not supplement] "Boss Hugo Just Different M EDT 75ml" | product_type: "Beauty Accessories"
[2026-04-29T22:25:24.109Z]   [SKIPPED - not supplement] "Gucci Rush EDT Spray 50ml" | product_type: "Beauty Accessories"
[2026-04-29T22:25:24.109Z]   [SKIPPED - not supplement] "Marc Jacobs Daisy EDT 30ml LE" | product_type: "Beauty Accessories"
[2026-04-29T22:25:24.110Z]   [SKIPPED - not supplement] "DB Fragrance Fluidite 100ml" | product_type: "Beauty Accessories"
[2026-04-29T22:25:24.110Z]   [SKIPPED - not supplement] "BioGaia Gastrus Pure Capsules 30pk" | product_type: "Beauty Accessories"
[2026-04-29T22:25:24.110Z]   [SKIPPED - not supplement] "Paco Rabanne 1 Million Elixir Parfum 200ml" | product_type: "Beauty Accessories"
[2026-04-29T22:25:24.111Z]   [SKIPPED - not supplement] "DB Fragrance Burning Love 100ml" | product_type: "Beauty Accessories"
[2026-04-29T22:25:24.111Z]   [SKIPPED - not supplement] "Narciso Rodriguez For Her EDP Spray 100ml" | product_type: "Beauty Accessories"
[2026-04-29T22:25:24.111Z]   [SKIPPED - not supplement] "NICORETTE Gum Fresh Fruit 4mg 150s" | product_type: "Beauty Accessories"
[2026-04-29T22:25:24.112Z]   [SKIPPED - not supplement] "BioGaia Gastrus Pure Capsules 60pk" | product_type: "Beauty Accessories"
[2026-04-29T22:25:24.112Z]   [SKIPPED - not supplement] "DB Fragrance Fancy 100ml" | product_type: "Beauty Accessories"
[2026-04-29T22:25:24.113Z]   [SKIPPED - not supplement] "Adidas Aftershave Ice Drive 100ml" | product_type: "Beauty Accessories"
[2026-04-29T22:25:24.113Z]   [SKIPPED - not supplement] "Adidas Ice Dive EDP 50ml" | product_type: "Beauty Accessories"
[2026-04-29T22:25:24.114Z]   [SKIPPED - not supplement] "Calvin Klein Obession Women EDP 100ml" | product_type: "Beauty Accessories"
[2026-04-29T22:25:24.114Z]   [SKIPPED - not supplement] "Marc Jacobs Perfect Elixir 100ml" | product_type: "Beauty Accessories"
[2026-04-29T22:25:24.115Z]   [SKIPPED - not supplement] "Issey Miyake Pour Homme EDT Spray 125ml" | product_type: "Beauty Accessories"
[2026-04-29T22:25:24.115Z]   [SKIPPED - not supplement] "Versace Eros Pour Homme EDP 50ml" | product_type: "Beauty Accessories"
[2026-04-29T22:25:24.116Z]   [SKIPPED - not supplement] "Gucci Gorgeous Gardenia EDP 30ml" | product_type: "Beauty Accessories"
[2026-04-29T22:25:24.116Z]   [SKIPPED - not supplement] "YSL Black Opium EDP 50ml" | product_type: "Beauty Accessories"
[2026-04-29T22:25:24.116Z]   [SKIPPED - not supplement] "Beckham Intimately Deo Spray 150ml" | product_type: "Beauty Accessories"
[2026-04-29T22:25:24.117Z]   [SKIPPED - not supplement] "Elizabeth Arden 5th Avenue EDP Spray 30ml" | product_type: "Beauty Accessories"
[2026-04-29T22:25:24.117Z]   [SKIPPED - not supplement] "Elizabeth Arden 5th Avenue 30ml EDP 2 piece Set 25" | product_type: "Beauty Accessories"
[2026-04-29T22:25:24.118Z]   [SKIPPED - not supplement] "Elizabeth Arden 5th Avenue After 5 EDP Spray 125ml" | product_type: "Beauty Accessories"
[2026-04-29T22:25:24.118Z]   [SKIPPED - not supplement] "Yves Saint Laurent Elle EDP Spray 90ml" | product_type: "Beauty Accessories"
[2026-04-29T22:25:24.118Z]   [SKIPPED - not supplement] "Joop Wow Fresh For Men EDT 40ml" | product_type: "Beauty Accessories"
[2026-04-29T22:25:24.119Z]   [SKIPPED - not supplement] "Creed Love in Black EDP 75ml" | product_type: "Beauty Accessories"
[2026-04-29T22:25:24.119Z]   [SKIPPED - not supplement] "Elizabeth Arden Red Door 100ml 3 Piece Gift Set" | product_type: "Beauty Accessories"
[2026-04-29T22:25:24.120Z]   [SKIPPED - not supplement] "Marc Jacobs Daisy EDT 50ml 2 piece Set" | product_type: "Beauty Accessories"
[2026-04-29T22:25:24.120Z]   [SKIPPED - not supplement] "Calvin Klein One EDT 100mI" | product_type: "Beauty Accessories"
[2026-04-29T22:25:24.120Z]   [SKIPPED - not supplement] "YSL La Nuit de L'Homme EDT 60ml" | product_type: "Beauty Accessories"
[2026-04-29T22:25:24.121Z]   [SKIPPED - not supplement] "Dolce & Gabbana Light Blue Eau Intense EDP 100ml" | product_type: "Beauty Accessories"
[2026-04-29T22:25:24.121Z]   [SKIPPED - not supplement] "Vera Wang Lovestruck EDP 100ml" | product_type: "Beauty Accessories"
[2026-04-29T22:25:24.122Z]   [SKIPPED - not supplement] "YSL Yvresse EDT Spray 80ml" | product_type: "Beauty Accessories"
[2026-04-29T22:25:24.122Z]   [SKIPPED - not supplement] "Marc Jacobs Perfect EDP 150ml" | product_type: "Beauty Accessories"
[2026-04-29T22:25:24.123Z]   [SKIPPED - not supplement] "Gucci Rush EDT 75ml" | product_type: "Beauty Accessories"
[2026-04-29T22:25:24.123Z]   [SKIPPED - not supplement] "Joop FEMME EDT Spray 100ml" | product_type: "Beauty Accessories"
[2026-04-29T22:25:24.123Z]   [SKIPPED - not supplement] "Beckham Instinct Deo Spray 150ml" | product_type: "Beauty Accessories"
[2026-04-29T22:25:24.124Z]   [SKIPPED - not supplement] "Versace Dylan Blue EDT 200ml" | product_type: "Beauty Accessories"
[2026-04-29T22:25:24.124Z]   [SKIPPED - not supplement] "Slava Zaitsev Maroussia EDT Spray 100ml" | product_type: "Beauty Accessories"
[2026-04-29T22:25:24.124Z]   [SKIPPED - not supplement] "Dolce & Gabbana Light Blue EDT 100ml" | product_type: "Beauty Accessories"
[2026-04-29T22:25:24.124Z]   [SKIPPED - not supplement] "Yves Saint Laurent Libre Florale EDP 50ml" | product_type: "Beauty Accessories"
[2026-04-29T22:25:24.125Z]   [SKIPPED - not supplement] "Boss Unlimited EDT 100ml" | product_type: "Beauty Accessories"
[2026-04-29T22:25:24.125Z]   [SKIPPED - not supplement] "MUGLER ANGEL (W) EDP 25 ml REFILLABLE FR" | product_type: "Beauty Accessories"
[2026-04-29T22:25:24.125Z]   [SKIPPED - not supplement] "Yara Tous Lattafa Women EDP 100ml" | product_type: "Beauty Accessories"
[2026-04-29T22:25:24.126Z]   [SKIPPED - not supplement] "YSL La Nuit de L'Homme EDT 100ml" | product_type: "Beauty Accessories"
[2026-04-29T22:25:24.126Z]   [SKIPPED - not supplement] "Boss Femme EDP 75ml" | product_type: "Beauty Accessories"
[2026-04-29T22:25:24.127Z]   [SKIPPED - not supplement] "Burberry For Men EDT 100ml" | product_type: "Beauty Accessories"
[2026-04-29T22:25:24.127Z]   [SKIPPED - not supplement] "Adidas Get Comfy EDP 100ml" | product_type: "Beauty Accessories"
[2026-04-29T22:25:24.128Z]   [SKIPPED - not supplement] "Britney Spears Fantasy Intense EDP 100ml" | product_type: "Beauty Accessories"
[2026-04-29T22:25:24.129Z]   [SKIPPED - not supplement] "Yves Saint Laurent Paris EDT Spray 125ml" | product_type: "Beauty Accessories"
[2026-04-29T22:25:24.129Z]   [SKIPPED - not supplement] "Beckham Beyond EDT 90ml" | product_type: "Beauty Accessories"
[2026-04-29T22:25:24.130Z]   [SKIPPED - not supplement] "Elizabeth Arden White Tea EDT Spray 100ml" | product_type: "Beauty Accessories"
[2026-04-29T22:25:24.130Z]   [SKIPPED - not supplement] "Joop Homme Wild 125ml" | product_type: "Beauty Accessories"
[2026-04-29T22:25:24.131Z]   [SKIPPED - not supplement] "Tom Ford Rose D'Amalfi EDP 50ml" | product_type: "Beauty Accessories"
[2026-04-29T22:25:24.131Z]   [SKIPPED - not supplement] "Paco Rabanne 1M EDT 100ml 3pc Set" | product_type: "Beauty Accessories"
[2026-04-29T22:25:24.131Z]   [SKIPPED - not supplement] "Gucci Bloom EDP 30ml" | product_type: "Beauty Accessories"
[2026-04-29T22:25:24.132Z]   [SKIPPED - not supplement] "YSL La Nuit de L'Homme EDP 100ml" | product_type: "Beauty Accessories"
[2026-04-29T22:25:24.132Z]   [SKIPPED - not supplement] "Lattafa Fakhar Black Mens 100ml" | product_type: "Beauty Accessories"
[2026-04-29T22:25:24.132Z]   [SKIPPED - not supplement] "Marc Jacobs Perfect Elixir 50ml" | product_type: "Beauty Accessories"
[2026-04-29T22:25:24.133Z]   [SKIPPED - not supplement] "YSL L'Homme EDT Spray 100ml" | product_type: "Beauty Accessories"
[2026-04-29T22:25:24.133Z]   [SKIPPED - not supplement] "Hugo Boss Dark Blue EDT Spray 75ml" | product_type: "Beauty Accessories"
[2026-04-29T22:25:24.134Z]   [SKIPPED - not supplement] "Dior Sauvage EDT 60ml" | product_type: "Beauty Accessories"
[2026-04-29T22:25:24.134Z]   [SKIPPED - not supplement] "Rabanne Lady Million EDP Spray 80ml" | product_type: "Beauty Accessories"
[2026-04-29T22:25:24.135Z]   [SKIPPED - not supplement] "Gucci Guilty Man EDT 50ml" | product_type: "Beauty Accessories"
[2026-04-29T22:25:24.135Z]   [SKIPPED - not supplement] "Versace Eros EDT 30ml" | product_type: "Beauty Accessories"
[2026-04-29T22:25:24.135Z]   [SKIPPED - not supplement] "YSL Mon Paris EDP 50ml" | product_type: "Beauty Accessories"
[2026-04-29T22:25:24.136Z]   [SKIPPED - not supplement] "Issey Miyake Pour Homme EDT Natural Spray 75ml" | product_type: "Beauty Accessories"
[2026-04-29T22:25:24.136Z]   [SKIPPED - not supplement] "Britney Spears Fantasy EDT 30ml" | product_type: "Beauty Accessories"
[2026-04-29T22:25:24.648Z]   Page 6...
[2026-04-29T22:25:25.258Z]   [SKIPPED - not supplement] "DB Cherry Bomb Collection Discovery Set" | product_type: "Beauty Accessories"
[2026-04-29T22:25:25.259Z]   [SKIPPED - not supplement] "DB Cherry Haze Special Edition EDP 100ml" | product_type: "Beauty Accessories"
[2026-04-29T22:25:25.259Z]   [SKIPPED - not supplement] "DB Cherry Spark Special Edition EDP 100ml" | product_type: "Beauty Accessories"
[2026-04-29T22:25:25.260Z]   [SKIPPED - not supplement] "DB Cherry Ripe Special Edition EDP 100ml" | product_type: "Beauty Accessories"
[2026-04-29T22:25:25.261Z]   [SKIPPED - not supplement] "Christian Dior Sauvage Elixir 100ml" | product_type: "Beauty Accessories"
[2026-04-29T22:25:25.262Z]   [SKIPPED - not supplement] "Hugo Boss Grey EDP 100ml" | product_type: "Beauty Accessories"
[2026-04-29T22:25:25.262Z]   [SKIPPED - not supplement] "Creed Carmina EDP 30ml" | product_type: "Beauty Accessories"
[2026-04-29T22:25:25.263Z]   [SKIPPED - not supplement] "Gucci Guilty Revolution Pour Femme EDP 50ml" | product_type: "Beauty Accessories"
[2026-04-29T22:25:25.263Z]   [SKIPPED - not supplement] "Mont Blanc Explorer EDP 100ml" | product_type: "Beauty Accessories"
[2026-04-29T22:25:25.264Z]   [SKIPPED - not supplement] "Narciso Rodriguez All of Me EDP 90ml" | product_type: "Beauty Accessories"
[2026-04-29T22:25:25.264Z]   [SKIPPED - not supplement] "Creed Spring Flower For Woman EDP 75ml" | product_type: "Beauty Accessories"
[2026-04-29T22:25:25.264Z]   [SKIPPED - not supplement] "Narciso Rodriguez All of Me EDP 50ml" | product_type: "Beauty Accessories"
[2026-04-29T22:25:25.265Z]   [SKIPPED - not supplement] "Gucci Flora Gorgeous Jasmine EDP 100ml" | product_type: "Beauty Accessories"
[2026-04-29T22:25:25.266Z]   [SKIPPED - not supplement] "Creed Carmina EDP 75ml" | product_type: "Beauty Accessories"
[2026-04-29T22:25:25.266Z]   [SKIPPED - not supplement] "Gucci Bamboo EDP 75ml" | product_type: "Beauty Accessories"
[2026-04-29T22:25:25.267Z]   [SKIPPED - not supplement] "Jimmy Choo EDT 100ml" | product_type: "Beauty Accessories"
[2026-04-29T22:25:25.268Z]   [SKIPPED - not supplement] "Calvin Klein Be Cologne 100mI Eau De Toilette" | product_type: "Beauty Accessories"
[2026-04-29T22:25:25.269Z]   [SKIPPED - not supplement] "Giorgio Armani Acqua Di Gio Profondo Parfum 100ml" | product_type: "Beauty Accessories"
[2026-04-29T22:25:25.270Z]   [SKIPPED - not supplement] "Mont Blanc Legend Night Eau de Parfum 100ml" | product_type: "Beauty Accessories"
[2026-04-29T22:25:25.270Z]   [SKIPPED - not supplement] "Mont Blanc Legend Blue Eau de Parfum 30ml" | product_type: "Beauty Accessories"
[2026-04-29T22:25:25.271Z]   [SKIPPED - not supplement] "Lancôme Poeme Eau De Parfum Vapo 100ml" | product_type: "Beauty Accessories"
[2026-04-29T22:25:25.271Z]   [SKIPPED - not supplement] "Versace Crystal Noir Eau De Toilette 50ml" | product_type: "Beauty Accessories"
[2026-04-29T22:25:25.272Z]   [SKIPPED - not supplement] "Calvin Klein Obsession For Men Eau De Toilette 125ml" | product_type: "Beauty Accessories"
[2026-04-29T22:25:25.273Z]   [SKIPPED - not supplement] "Joop! Go EDT 100ml for Men" | product_type: "Beauty Accessories"
[2026-04-29T22:25:25.275Z]   [SKIPPED - not supplement] "Billie Eilish No. 2 Eau De Parfum 100ml" | product_type: "Beauty Accessories"
[2026-04-29T22:25:25.275Z]   [SKIPPED - not supplement] "Lanvin Arpege EDP 100ml" | product_type: "Beauty Accessories"
[2026-04-29T22:25:25.276Z]   [SKIPPED - not supplement] "Bargain Chemist Hair Tie Scrunchie Black 5pk" | product_type: "Beauty Accessories"
[2026-04-29T22:25:25.276Z]   [SKIPPED - not supplement] "Hair Tie Animal Scrunchie 5pk" | product_type: "Beauty Accessories"
[2026-04-29T22:25:25.276Z]   [SKIPPED - not supplement] "Bargain Chemist Velvet Scrunchie Assorted" | product_type: "Beauty Accessories"
[2026-04-29T22:25:25.276Z]   [SKIPPED - not supplement] "Bargain Chemist  Hair Tie Polka Dot Scrunchie 5pk" | product_type: "Beauty Accessories"
[2026-04-29T22:25:25.278Z]   [SKIPPED - no category] "Oil Garden Love & Friendship Massage Blend 100ml" | product_type: "Health & Wellbeing" | tags: BRAND=Oil Garden,CAT=Comfort & wellness,CAT=Essential Oils,MCAT=Lifestyle & Wellness,On Promotion
[2026-04-29T22:25:25.785Z]   Page 7...
[2026-04-29T22:25:26.324Z]   [SKIPPED - not supplement] "Umbrella Childs Dome Flowers" | product_type: "Baby"
[2026-04-29T22:25:26.324Z]   [SKIPPED - not supplement] "Umbrella Childs Dome Vehicles" | product_type: "Baby"
[2026-04-29T22:25:26.325Z]   [SKIPPED - not supplement] "Head Band Statement Diamante Asstorted" | product_type: "Cosmetics"
[2026-04-29T22:25:26.325Z]   [SKIPPED - not supplement] "HB&Co Large Mini Check Make Up Bag" | product_type: "Cosmetics"
[2026-04-29T22:25:26.325Z]   [SKIPPED - not supplement] "Headband Jewelled Assorted" | product_type: "Cosmetics"
[2026-04-29T22:25:26.326Z]   [SKIPPED - not supplement] "HB&Co Compact Mirror Rhinestone Rectangle Assorted" | product_type: "Cosmetics"
[2026-04-29T22:25:26.326Z]   [SKIPPED - no category] "Massage Curved Hammer Black" | product_type: "Lifestyle & Wellness" | tags: Bargains Best Price,CAT=Sports & Recreation,enable-bis,may-2026-promo,MCAT=Lifestyle & Wellness
[2026-04-29T22:25:26.328Z]   [SKIPPED - not supplement] "HB&Co Compact Mirror Rhinestone Heart Assorted" | product_type: "Cosmetics"
[2026-04-29T22:25:26.328Z]   [SKIPPED - not supplement] "HB&Co Cosmetic Bag Heart Black" | product_type: "Cosmetics"
[2026-04-29T22:25:26.329Z]   [SKIPPED - not supplement] "HB&Co Compact Mirror rectangle Pastel Assorted" | product_type: "Cosmetics"
[2026-04-29T22:25:26.330Z]   [SKIPPED - not supplement] "HB&Co LED Mirror Compact Double Sided White" | product_type: "Cosmetics"
[2026-04-29T22:25:26.330Z]   [SKIPPED - not supplement] "HB&Co Cosmetic Make Up Bag Large Spots White" | product_type: "Cosmetics"
[2026-04-29T22:25:26.331Z]   [SKIPPED - not supplement] "HB&Co Cosmetic Make Up Bag Large Spots Black" | product_type: "Cosmetics"
[2026-04-29T22:25:26.332Z]   [SKIPPED - not supplement] "HB&Co Pet Grooming Brush" | product_type: "Household"
[2026-04-29T22:25:26.332Z]   [SKIPPED - not supplement] "Bargain Chemist Head Band Padded Assorted" | product_type: "Cosmetics"
[2026-04-29T22:25:26.332Z]   [SKIPPED - not supplement] "Bargain Chemist Hair Tie Soft Satin Scrunchie 5pk" | product_type: "Cosmetics"
[2026-04-29T22:25:26.333Z]   [SKIPPED - not supplement] "HB&Co LED Mirror White Travel Size" | product_type: "Cosmetics"
[2026-04-29T22:25:26.333Z]   [SKIPPED - not supplement] "Umbrella Childs Dome Fruit Print" | product_type: "Baby"
[2026-04-29T22:25:26.333Z]   [SKIPPED - not supplement] "HB&Co Cosmetic Make Up Bag Large Sheer Flower" | product_type: "Cosmetics"
[2026-04-29T22:25:26.334Z]   [SKIPPED - not supplement] "Bargain Chemist Head Band Slim Diamante Assorted" | product_type: "Cosmetics"
[2026-04-29T22:25:26.334Z]   [SKIPPED - not supplement] "HB&Co Cosmetic Make Up Bag Sheer Flower" | product_type: "Cosmetics"
[2026-04-29T22:25:26.335Z]   [SKIPPED - not supplement] "HB&Co Cosmetic Make Up Bag Sheer Small Black" | product_type: "Cosmetics"
[2026-04-29T22:25:26.336Z]   [SKIPPED - not supplement] "HB&Co Candy Stripe Makeup Bag" | product_type: "Cosmetics"
[2026-04-29T22:25:26.337Z]   [SKIPPED - not supplement] "HB&Co Cosmetic Make Up Bag Sheer Medium" | product_type: "Cosmetics"
[2026-04-29T22:25:26.337Z]   [SKIPPED - not supplement] "HB&Co Pet Collar Light" | product_type: "Household"
[2026-04-29T22:25:26.337Z]   [SKIPPED - not supplement] "Bargain Chemist Soft Satin Hair Tie Scrunchie 5 Pack" | product_type: "Cosmetics"
[2026-04-29T22:25:26.338Z]   [SKIPPED - not supplement] "HB&Co Cosmetic Bag Heart Green" | product_type: "Cosmetics"
[2026-04-29T22:25:26.338Z]   [SKIPPED - not supplement] "HB&Co Cosmetic Bag Heart Pink" | product_type: "Cosmetics"
[2026-04-29T22:25:26.339Z]   [SKIPPED - not supplement] "John Frieda Blonde+ Repair Bond Building Conditioner 250ml" | product_type: "Beauty Accessories"
[2026-04-29T22:25:26.340Z]   [SKIPPED - not supplement] "John Frieda Blonde+ Repair Bond Building Shampoo 250ml" | product_type: "Beauty Accessories"
[2026-04-29T22:25:26.342Z]   [SKIPPED - not supplement] "Dr. Brown's 250ml Narrow Neck Feeding Bottle Level 1 Teat 1pk" | product_type: "Baby"
[2026-04-29T22:25:26.342Z]   [SKIPPED - not supplement] "Dr. Brown's 250ml Narrow Neck Feeding Bottle Level 1 Teat 3pk" | product_type: "Baby"
[2026-04-29T22:25:26.342Z]   [SKIPPED - not supplement] "Dr. Brown's Narrow Neck Newborn Starter Set" | product_type: "Baby"
[2026-04-29T22:25:26.343Z]   [SKIPPED - not supplement] "Dr. Brown's Vent Cleaning Brushes" | product_type: "Baby"
[2026-04-29T22:25:26.343Z]   [SKIPPED - not supplement] "Dr. Brown's Narrow Neck Teats Y-Cut 2pk" | product_type: "Baby"
[2026-04-29T22:25:26.343Z]   [SKIPPED - not supplement] "Dr. Brown's Narrow Neck Level 2 Teats 2 Pack" | product_type: "Baby"
[2026-04-29T22:25:26.343Z]   [SKIPPED - not supplement] "Dr. Brown's Bottle Cleaning Brush Blue" | product_type: "Baby"
[2026-04-29T22:25:26.856Z]   Page 8...
[2026-04-29T22:25:27.402Z]   [SKIPPED - not supplement] "Dr. Brown's Narrow Neck Level 4 Teats 2pk" | product_type: "Baby"
[2026-04-29T22:25:27.402Z]   [SKIPPED - not supplement] "Dr. Brown's 120ml Narrow Neck Feeding Bottle Level 1 Teat 3pk" | product_type: "Baby"
[2026-04-29T22:25:27.403Z]   [SKIPPED - not supplement] "Dr. Brown's 120ml Narrow Neck Feeding Bottle Level 1 Teat 1pk" | product_type: "Baby"
[2026-04-29T22:25:27.403Z]   [SKIPPED - not supplement] "Dr. Brown's Narrow Neck Level 1 Teats 2pk" | product_type: "Baby"
[2026-04-29T22:25:27.403Z]   [SKIPPED - not supplement] "Dr. Brown's Narrow Neck Level 3 Teats 2pk" | product_type: "Baby"
[2026-04-29T22:25:27.403Z]   [SKIPPED - not supplement] "Fresh Baby Bumper Size 5 Unisex Nappies 13-18kg 15 Pack" | product_type: "Baby"
[2026-04-29T22:25:27.404Z]   [SKIPPED - not supplement] "Fresh Baby Bumper Size 3 Unisex Nappies 6-11kg 21 Pack" | product_type: "Baby"
[2026-04-29T22:25:27.404Z]   [SKIPPED - not supplement] "Fresh Baby Bumper Size 3 Unisex Nappy Pants 6-11kg 22 Pack" | product_type: "Baby"
[2026-04-29T22:25:27.405Z]   [SKIPPED - not supplement] "Fresh Baby Bumper Size 2 Unisex Nappies 4-8kg 25 Pack" | product_type: "Baby"
[2026-04-29T22:25:27.405Z]   [SKIPPED - not supplement] "Fresh Baby Bumper Size 6 Unisex Nappy Pants 16kg+ 18 Pack" | product_type: "Baby"
[2026-04-29T22:25:27.405Z]   [SKIPPED - not supplement] "Fresh Baby Bumper Size 4 Unisex Nappy Pants 10-15kg 19 Pack" | product_type: "Baby"
[2026-04-29T22:25:27.405Z]   [SKIPPED - not supplement] "Fresh Baby Bumper Size 5 Unisex Nappy Pants 13-18kg 20 Pack" | product_type: "Baby"
[2026-04-29T22:25:27.406Z]   [SKIPPED - not supplement] "Fresh Baby Bumper Size 4 Unisex Nappies 10-15kg 19 Pack" | product_type: "Baby"
[2026-04-29T22:25:27.406Z]   [SKIPPED - not supplement] "Kiss Super Stick Individual Lash Glue Black" | product_type: "Beauty Accessories"
[2026-04-29T22:25:27.407Z]   [SKIPPED - not supplement] "Kiss Super Stick Individual Lash Glue Clear" | product_type: "Beauty Accessories"
[2026-04-29T22:25:27.407Z]   [SKIPPED - not supplement] "HB&Co USB Electric Heated Warm Scarf" | product_type: "Lifestyle & Wellness"
[2026-04-29T22:25:27.408Z]   [SKIPPED - not supplement] "HB&Co USB Electric Heated Socks" | product_type: "Lifestyle & Wellness"
[2026-04-29T22:25:27.408Z]   [SKIPPED - not supplement] "B.box Disney Sippy Cup Bambi" | product_type: "Baby"
[2026-04-29T22:25:27.412Z]   [SKIPPED - not supplement] "Clinique Happy EDP 50ml for Women" | product_type: "Beauty Accessories"
[2026-04-29T22:25:27.413Z]   [SKIPPED - not supplement] "Clinique Aromatics Elixir (W) Parfum Spray 100ml" | product_type: "Beauty Accessories"
[2026-04-29T22:25:27.413Z]   [SKIPPED - not supplement] "Burberry Touch EDP 100ml for Women" | product_type: "Beauty Accessories"
[2026-04-29T22:25:27.413Z]   [SKIPPED - not supplement] "Comfort Fabric Conditioner Sunshiny Days 990ml" | product_type: "Personal Care"
[2026-04-29T22:25:27.414Z]   [SKIPPED - not supplement] "B.box Sippy Cup Latte" | product_type: "Baby"
[2026-04-29T22:25:27.414Z]   [SKIPPED - not supplement] "B.box Sippy Cup Disney Replacement Straw Buzz" | product_type: "Baby"
[2026-04-29T22:25:27.415Z]   [SKIPPED - not supplement] "Pigeon Soft Touch Bottle PPSU 240ml" | product_type: "Baby"
[2026-04-29T22:25:27.415Z]   [SKIPPED - not supplement] "Tangle Teezer Thick & Curly Dusky Pink" | product_type: "Beauty Accessories"
[2026-04-29T22:25:27.415Z]   [SKIPPED - not supplement] "Pigeon Soft Touch Bottle PP Twin Pack 240ml" | product_type: "Baby"
[2026-04-29T22:25:27.416Z]   [SKIPPED - not supplement] "Pigeon Soft Touch Bottle PP 160ml" | product_type: "Baby"
[2026-04-29T22:25:27.416Z]   [SKIPPED - not supplement] "NICORETTE Gum Fresh Fruit 2mg 150s" | product_type: "Beauty Accessories"
[2026-04-29T22:25:27.417Z]   [SKIPPED - not supplement] "B.box Sippy Cup Ocean" | product_type: "Baby"
[2026-04-29T22:25:27.418Z]   [SKIPPED - not supplement] "Pigeon Soft Touch Bottle PP Twin Pack 160ml" | product_type: "Baby"
[2026-04-29T22:25:27.418Z]   [SKIPPED - not supplement] "Pigeon Soft Touch Bottle PP 240ml" | product_type: "Baby"
[2026-04-29T22:25:27.418Z]   [SKIPPED - not supplement] "Pigeon Soft Touch Teat S 2pk" | product_type: "Baby"
[2026-04-29T22:25:27.419Z]   [SKIPPED - not supplement] "Pigeon Soft Touch Bottle PPSU 160ml" | product_type: "Baby"
[2026-04-29T22:25:27.420Z]   [SKIPPED - not supplement] "B.box Sil Fresh Food Feeder Blush" | product_type: "Baby"
[2026-04-29T22:25:27.420Z]   [SKIPPED - not supplement] "Tangle Teezer Large Ultimate Detangler Fine & Fragile Seafoam Blue" | product_type: "Beauty Accessories"
[2026-04-29T22:25:27.421Z]   [SKIPPED - not supplement] "B.box Connect-a-Cup Blue" | product_type: "Baby"
[2026-04-29T22:25:27.421Z]   [SKIPPED - not supplement] "Pigeon Soft Touch Bottle T-Ester 160ml" | product_type: "Baby"
[2026-04-29T22:25:27.422Z]   [SKIPPED - not supplement] "Tangle Teezer Ultimate Detangler Electric Raspberry" | product_type: "Beauty Accessories"
[2026-04-29T22:25:27.422Z]   [SKIPPED - not supplement] "B.box Sil Fresh Food Feeder Lullaby" | product_type: "Baby"
[2026-04-29T22:25:27.424Z]   [SKIPPED - not supplement] "B.box Sippy Cup Disney Replacement Straw Princess" | product_type: "Baby"
[2026-04-29T22:25:27.424Z]   [SKIPPED - not supplement] "B.box Sippy Cup V2 Blush" | product_type: "Baby"
[2026-04-29T22:25:27.928Z]   Page 9...
[2026-04-29T22:25:28.593Z]   [SKIPPED - not supplement] "B.box Transition Value Pack Ocean" | product_type: "Baby"
[2026-04-29T22:25:28.593Z]   [SKIPPED - not supplement] "Pigeon Soft Touch Bottle T-Ester 240ml" | product_type: "Baby"
[2026-04-29T22:25:28.594Z]   [SKIPPED - not supplement] "Pigeon Soft Touch Bottle Glass 240ml" | product_type: "Baby"
[2026-04-29T22:25:28.596Z]   [SKIPPED - not supplement] "Pigeon Soft Touch Teat SS 1pk" | product_type: "Baby"
[2026-04-29T22:25:28.596Z]   [SKIPPED - not supplement] "B.Box Connect-A-Cup Blush" | product_type: "Baby"
[2026-04-29T22:25:28.597Z]   [SKIPPED - not supplement] "Pigeon Soft Touch Teat M 2pk" | product_type: "Baby"
[2026-04-29T22:25:28.599Z]   [SKIPPED - not supplement] "Lee Stafford Beach Blondes Purple Toning Mousse 200ml" | product_type: "Beauty Accessories"
[2026-04-29T22:25:28.600Z]   [SKIPPED - not supplement] "Lee Stafford For The Love Of Curls Serum Lotion 100ml" | product_type: "Beauty Accessories"
[2026-04-29T22:25:28.601Z]   [SKIPPED - not supplement] "Lee Stafford Argan Oil Nourish Conditioner 250ml" | product_type: "Beauty Accessories"
[2026-04-29T22:25:28.601Z]   [SKIPPED - not supplement] "The Crème Shop Foot Mask Refresh Peppermint + Tea 1pr" | product_type: "Beauty Accessories"
[2026-04-29T22:25:28.601Z]   [SKIPPED - not supplement] "Lee Stafford For The Love Of Curls Frizz Taming Oil 50ml" | product_type: "Beauty Accessories"
[2026-04-29T22:25:28.602Z]   [SKIPPED - not supplement] "B.Box Transition Value Pack Blush" | product_type: "Baby"
[2026-04-29T22:25:28.602Z]   [SKIPPED - not supplement] "The Creme Shop Moisture Foot Mask with Almond Oil and Shea Butter 1 Pair" | product_type: "Beauty Accessories"
[2026-04-29T22:25:28.603Z]   [SKIPPED - not supplement] "Dear Body Malibu Lemon Blossom Fragrance Mist 250ml" | product_type: "Beauty Accessories"
[2026-04-29T22:25:28.603Z]   [SKIPPED - not supplement] "Dear Body Wild At Kiss Fragrance Mist 250ml" | product_type: "Beauty Accessories"
[2026-04-29T22:25:28.604Z]   [SKIPPED - not supplement] "Dear Body Sparkling Pink Fragrance Mist 250ml" | product_type: "Beauty Accessories"
[2026-04-29T22:25:28.604Z]   [SKIPPED - not supplement] "Dear Body Rocking Fantasy Fragrance Mist 250ml" | product_type: "Beauty Accessories"
[2026-04-29T22:25:28.604Z]   [SKIPPED - not supplement] "Dear Body Kissing Mizzle Body Mist 250ml" | product_type: "Beauty Accessories"
[2026-04-29T22:25:28.604Z]   [SKIPPED - not supplement] "Dear Body Summer Fairy Fragrance Mist 250ml" | product_type: "Beauty Accessories"
[2026-04-29T22:25:28.605Z]   [SKIPPED - not supplement] "Dear Body Black Sport EDP 90ml" | product_type: "Beauty Accessories"
[2026-04-29T22:25:28.605Z]   [SKIPPED - not supplement] "Dear Body Man In Blue EDP 90ml" | product_type: "Beauty Accessories"
[2026-04-29T22:25:28.607Z]   [SKIPPED - no category] "GAIA Baby Massage Oil 125ml" | product_type: "Baby" | tags: Bargains Best Price,BRAND=GAIA,christmas-gifting,MCAT=Children Babies & Mum,On Promotion
[2026-04-29T22:25:28.608Z]   [SKIPPED - not supplement] "Tender Love + Carry The Large Go Go - Black" | product_type: "Beauty Accessories"
[2026-04-29T22:25:29.112Z]   Page 10...
[2026-04-29T22:25:30.000Z]   [SKIPPED - not supplement] "B.Box Insulated Sport Spout Replacement Tops" | product_type: "Baby"
[2026-04-29T22:25:30.001Z]   [SKIPPED - not supplement] "Sarah Jessica Parker Lovely Body Mist 3pc Gift Set" | product_type: "Beauty Accessories"
[2026-04-29T22:25:30.001Z]   [SKIPPED - not supplement] "Elizabeth Arden 5th Avenue EDP 125ml 2pc Set" | product_type: "Beauty Accessories"
[2026-04-29T22:25:30.002Z]   [SKIPPED - not supplement] "Ariana Grande Mod Vanilla EDP 100ml" | product_type: "Beauty Accessories"
[2026-04-29T22:25:30.002Z]   [SKIPPED - not supplement] "GUCCI Bloom Ambrosia EDP 50ml Set" | product_type: "Beauty Accessories"
[2026-04-29T22:25:30.002Z]   [SKIPPED - not supplement] "Ariana Grande Sweet Like Candy EDP 30ml 3pc Set" | product_type: "Beauty Accessories"
[2026-04-29T22:25:30.003Z]   [SKIPPED - not supplement] "Sarah Jessica Parker NYC 100ml EDP 2pc Set" | product_type: "Beauty Accessories"
[2026-04-29T22:25:30.003Z]   [SKIPPED - not supplement] "Ariana Grande Mod Blush EDP 30ml" | product_type: "Beauty Accessories"
[2026-04-29T22:25:30.003Z]   [SKIPPED - not supplement] "Ariana Grande Mod Blush EDP 100ml" | product_type: "Beauty Accessories"
[2026-04-29T22:25:30.003Z]   [SKIPPED - not supplement] "Ariana Grande Mod Vanilla EDP 30ml" | product_type: "Beauty Accessories"
[2026-04-29T22:25:30.004Z]   [SKIPPED - not supplement] "Versace Miniature Collection 5 Piece Set 5ml" | product_type: "Beauty Accessories"
[2026-04-29T22:25:30.004Z]   [SKIPPED - not supplement] "Ariana Grande Ari EDP 30ml 3pc Set" | product_type: "Beauty Accessories"
[2026-04-29T22:25:30.004Z]   [SKIPPED - not supplement] "Moschino Mini EDP 5ml 5pc Set" | product_type: "Beauty Accessories"
[2026-04-29T22:25:30.004Z]   [SKIPPED - not supplement] "Ariana Grande Mod Vanilla Eau de Parfum 100 mL 3 Piece Set" | product_type: "Beauty Accessories"
[2026-04-29T22:25:30.005Z]   [SKIPPED - not supplement] "Ariana Grande Thank U Next EDP 100ml 3pc Set" | product_type: "Beauty Accessories"
[2026-04-29T22:25:30.005Z]   [SKIPPED - not supplement] "Tender Love + Carry Ticket Print - Hanging Washbag" | product_type: "Beauty Accessories"
[2026-04-29T22:25:30.006Z]   [SKIPPED - not supplement] "DAISE Peachy Daise Fragrance Body Mist in Berry & Mandarin, 3.3 fl oz/100 mL" | product_type: "Beauty Accessories"
[2026-04-29T22:25:30.006Z]   [SKIPPED - not supplement] "DAISE Lowkey Daise Fragrance Body Mist in Rose & Sandalwood, 3.3 fl oz/100 mL" | product_type: "Beauty Accessories"
[2026-04-29T22:25:30.007Z]   [SKIPPED - not supplement] "DAISE Hello Daise Fragrance Body Mist in Raspberry & Mint, 3.3 fl oz/100 mL" | product_type: "Beauty Accessories"
[2026-04-29T22:25:30.007Z]   [SKIPPED - not supplement] "DAISE Sunny Daise Fragrance Body Mist in Vanilla & Coconut, 3.3 fl oz/100 mL" | product_type: "Beauty Accessories"
[2026-04-29T22:25:30.009Z]   [SKIPPED - not supplement] "Ruby Face Silicone Hair Brush" | product_type: "Beauty Accessories"
[2026-04-29T22:25:30.011Z]   [SKIPPED - not supplement] "CALVIN KLEIN FRAGRANCES Eternity for Women Eau de Parfum 100 ML" | product_type: "Beauty Accessories"
[2026-04-29T22:25:30.011Z]   [SKIPPED - not supplement] "Katy Perry Meow EDP 100ml for Women" | product_type: "Beauty Accessories"
[2026-04-29T22:25:30.011Z]   [SKIPPED - not supplement] "Calvin Klein Euphoria Eau de Toilette for him 50ml" | product_type: "Beauty Accessories"
[2026-04-29T22:25:30.012Z]   [SKIPPED - not supplement] "Swisspers Large Cosmetic Oval Pads 40 pack" | product_type: "Beauty Accessories"
[2026-04-29T22:25:30.012Z]   [SKIPPED - not supplement] "Swisspers Cotton Balls 60s" | product_type: "Beauty Accessories"
[2026-04-29T22:25:30.012Z]   [SKIPPED - not supplement] "EarSense 3 Bar Crystal Huggie Gold" | product_type: "Beauty Accessories"
[2026-04-29T22:25:30.013Z]   [SKIPPED - not supplement] "EarSense Gold/Opal Trio" | product_type: "Beauty Accessories"
[2026-04-29T22:25:30.013Z]   [SKIPPED - not supplement] "EarSense Interlock Hoop Gold/Silver" | product_type: "Beauty Accessories"
[2026-04-29T22:25:30.013Z]   [SKIPPED - not supplement] "EarSense Thick J Hoop Gold Trio" | product_type: "Beauty Accessories"
[2026-04-29T22:25:30.013Z]   [SKIPPED - not supplement] "EarSense Gold Pearl CZ Stud Trio" | product_type: "Beauty Accessories"
[2026-04-29T22:25:30.014Z]   [SKIPPED - not supplement] "EarSense Hoop With Pearl Drop Silver 1pr" | product_type: "Beauty Accessories"
[2026-04-29T22:25:30.014Z]   [SKIPPED - not supplement] "EarSense Thick 3/4 Hoop Silver" | product_type: "Beauty Accessories"
[2026-04-29T22:25:30.014Z]   [SKIPPED - not supplement] "EarSense Lace Circle Drop Gold 1pr" | product_type: "Beauty Accessories"
[2026-04-29T22:25:30.015Z]   [SKIPPED - not supplement] "EarSense Gold Plated Sleeper 16mm" | product_type: "Beauty Accessories"
[2026-04-29T22:25:30.015Z]   [SKIPPED - not supplement] "EarSense Trio Silver Thick J Hoop" | product_type: "Beauty Accessories"
[2026-04-29T22:25:30.015Z]   [SKIPPED - not supplement] "EarSense Lace Circle Drop Silver 1pr" | product_type: "Beauty Accessories"
[2026-04-29T22:25:30.016Z]   [SKIPPED - not supplement] "EarSense 3 Bar Crystal Huggie" | product_type: "Beauty Accessories"
[2026-04-29T22:25:30.016Z]   [SKIPPED - not supplement] "TouchBeauty Multi Therapy Device" | product_type: "Beauty Accessories"
[2026-04-29T22:25:30.017Z]   [SKIPPED - not supplement] "TouchBeauty Digital Heated Eyelash Curler" | product_type: "Beauty Accessories"
[2026-04-29T22:25:30.017Z]   [SKIPPED - not supplement] "TouchBeauty High Speed Hair Dryer" | product_type: "Beauty Accessories"
[2026-04-29T22:25:30.017Z]   [SKIPPED - not supplement] "TouchBeauty 5in1 Electric Manicure/Pedicure Set" | product_type: "Beauty Accessories"
[2026-04-29T22:25:30.018Z]   [SKIPPED - not supplement] "TouchBeauty 3in1 Electric Face Cleansing Brush Set" | product_type: "Beauty Accessories"
[2026-04-29T22:25:30.018Z]   [SKIPPED - not supplement] "TouchBeauty Face & Body IPL Hair Removal Device" | product_type: "Beauty Accessories"
[2026-04-29T22:25:30.018Z]   [SKIPPED - not supplement] "DETTOL Washing Machine Clean 250ml" | product_type: "Household"
[2026-04-29T22:25:30.019Z]   [SKIPPED - not supplement] "SUP Shred Gummies 35s" | product_type: "Health & Wellbeing"
[2026-04-29T22:25:30.019Z]   [SKIPPED - not supplement] "Designer Brands Hi-Brow Wand Sculpting Wax & Styler" | product_type: "Beauty Accessories"
[2026-04-29T22:25:30.019Z]   [SKIPPED - not supplement] "SUP Shred Shots 25ml" | product_type: "Health & Wellbeing"
[2026-04-29T22:25:30.022Z]   [SKIPPED - not supplement] "Ruby Face Face Brush & Head Band Set" | product_type: "Beauty Accessories"
[2026-04-29T22:25:30.022Z]   [SKIPPED - not supplement] "TITS UP Mini Kit" | product_type: "Beauty Accessories"
[2026-04-29T22:25:30.536Z]   Page 11...
[2026-04-29T22:25:31.082Z]   [SKIPPED - not supplement] "Simply Essential 20-1600 Perfume Atomiser 5ml" | product_type: "Beauty Accessories"
[2026-04-29T22:25:31.082Z]   [SKIPPED - not supplement] "BAMBINO MIO Solo Wild Cat" | product_type: "Other Pharmacy & Clothing"
[2026-04-29T22:25:31.083Z]   [SKIPPED - not supplement] "Earsense F388 Gold & Silver Triangle Drop French Hook" | product_type: "Beauty Accessories"
[2026-04-29T22:25:31.083Z]   [SKIPPED - not supplement] "SIMPLY ESS 20-2102 Cuticle Stk 10pk" | product_type: "Beauty Accessories"
[2026-04-29T22:25:31.083Z]   [SKIPPED - not supplement] "SIMPLY ESSENTIAL Trio Premier Padded Files 3s" | product_type: "Beauty Accessories"
[2026-04-29T22:25:31.084Z]   [SKIPPED - not supplement] "EarSense CH139 Crystal Open Star Stud" | product_type: "Beauty Accessories"
[2026-04-29T22:25:31.084Z]   [SKIPPED - not supplement] "EarSense F3-309 Gold Tear Drop on French Hook" | product_type: "Beauty Accessories"
[2026-04-29T22:25:31.085Z]   [SKIPPED - not supplement] "MAE 40-2259BG Elast. XL Blue/Grey 4" | product_type: "Beauty Accessories"
[2026-04-29T22:25:31.085Z]   [SKIPPED - not supplement] "EarSense FC298 Silver Ball Stud & Hoop" | product_type: "Beauty Accessories"
[2026-04-29T22:25:31.086Z]   [SKIPPED - not supplement] "BAMBINO MIO Solo Zebra Dazzel" | product_type: "Other Pharmacy & Clothing"
[2026-04-29T22:25:31.086Z]   [SKIPPED - not supplement] "Real Tech. Life Force Shadow Brush" | product_type: "Beauty Accessories"
[2026-04-29T22:25:31.086Z]   [SKIPPED - not supplement] "EarSense CZ-13S 3mm Silver Zirconia" | product_type: "Beauty Accessories"
[2026-04-29T22:25:31.087Z]   [SKIPPED - not supplement] "MAE 40-4408 MBM Brush Shampoo & Scalp" | product_type: "Beauty Accessories"
[2026-04-29T22:25:31.087Z]   [SKIPPED - not supplement] "Simply Essential Nail Brush 20-1404" | product_type: "Beauty Accessories"
[2026-04-29T22:25:31.088Z]   [SKIPPED - not supplement] "EarSense FA624S Silver Cubic Zirconia Trio - 2mm, 3mm & 4mm" | product_type: "Beauty Accessories"
[2026-04-29T22:25:31.088Z]   [SKIPPED - not supplement] "Earsense F366 20mm Silver Swarovski Blue Multi Crystal Teardrops" | product_type: "Beauty Accessories"
[2026-04-29T22:25:31.088Z]   [SKIPPED - not supplement] "EarSense F381 Gold with Glitter tapered Huggie Stud" | product_type: "Beauty Accessories"
[2026-04-29T22:25:31.089Z]   [SKIPPED - not supplement] "EarSense CH215-1 8mm Crystal Ball" | product_type: "Beauty Accessories"
[2026-04-29T22:25:31.089Z]   [SKIPPED - not supplement] "TWEEXY TXY-OB N/P Holder Ombre" | product_type: "Beauty Accessories"
[2026-04-29T22:25:31.089Z]   [SKIPPED - not supplement] "Simply Essential 20-1500 close up Mirror 5x" | product_type: "Beauty Accessories"
[2026-04-29T22:25:31.090Z]   [SKIPPED - not supplement] "REAL Tech. Brush&Sponge C/Gel 118ml" | product_type: "Beauty Accessories"
[2026-04-29T22:25:31.090Z]   [SKIPPED - not supplement] "EarSense F291 Gold Crossover Drop French Hook" | product_type: "Beauty Accessories"
[2026-04-29T22:25:31.091Z]   [SKIPPED - not supplement] "MAE 40-4011BK Comb / Tint Brush Black" | product_type: "Beauty Accessories"
[2026-04-29T22:25:31.091Z]   [SKIPPED - not supplement] "EarSense FA624 Cubic Zirconia Trio" | product_type: "Beauty Accessories"
[2026-04-29T22:25:31.092Z]   [SKIPPED - not supplement] "SIMPLY ESS 20-2501 Nrs Scissors S/S" | product_type: "Beauty Accessories"
[2026-04-29T22:25:31.092Z]   [SKIPPED - not supplement] "Simply Essential 21-1004 Everyday Spa Gel Socks" | product_type: "Beauty Accessories"
[2026-04-29T22:25:31.093Z]   [SKIPPED - not supplement] "Real Techniques Artists Essential Brush Set" | product_type: "Beauty Accessories"
[2026-04-29T22:25:31.093Z]   [SKIPPED - not supplement] "Real Tech. Life Force Blusher Brush" | product_type: "Beauty Accessories"
[2026-04-29T22:25:31.093Z]   [SKIPPED - not supplement] "BAMBINO MIO Solo Zebra Corossing" | product_type: "Other Pharmacy & Clothing"
[2026-04-29T22:25:31.094Z]   [SKIPPED - not supplement] "EarSense F413 Gold Flat Crescent Hoop" | product_type: "Beauty Accessories"
[2026-04-29T22:25:31.094Z]   [SKIPPED - not supplement] "BAMBINO MIO S/Nappy Rad. Ray 6-12m" | product_type: "Other Pharmacy & Clothing"
[2026-04-29T22:25:31.094Z]   [SKIPPED - not supplement] "EarSense F495-2 25mm Silver Hoop" | product_type: "Beauty Accessories"
[2026-04-29T22:25:31.095Z]   [SKIPPED - not supplement] "BAMBINO MIO Solo Butterfly Bloom" | product_type: "Other Pharmacy & Clothing"
[2026-04-29T22:25:31.095Z]   [SKIPPED - not supplement] "Simply Essential 20-1502 Hand Held Mirror" | product_type: "Beauty Accessories"
[2026-04-29T22:25:31.095Z]   [SKIPPED - not supplement] "SIMPLY ESS 20-2201 Blending Sponge" | product_type: "Beauty Accessories"
[2026-04-29T22:25:31.096Z]   [SKIPPED - not supplement] "SIMPLY ESSENTIAL CUSH. PRO NAIL SHAPER" | product_type: "Beauty Accessories"
[2026-04-29T22:25:31.096Z]   [SKIPPED - not supplement] "EarSense F412 Silver Flat Crescent Hoop" | product_type: "Beauty Accessories"
[2026-04-29T22:25:31.096Z]   [SKIPPED - not supplement] "Earsense F387 Gold Sun & Moon Mismatch Studs" | product_type: "Beauty Accessories"
[2026-04-29T22:25:31.097Z]   [SKIPPED - not supplement] "Simply Essential 20-2104 ProNail Shaper Half Moon course" | product_type: "Beauty Accessories"
[2026-04-29T22:25:31.097Z]   [SKIPPED - not supplement] "EarSense F3-326 Silver Click Hoop" | product_type: "Beauty Accessories"
[2026-04-29T22:25:31.098Z]   [SKIPPED - not supplement] "EarSense FJ234-2 Multicolour Butterfly" | product_type: "Beauty Accessories"
[2026-04-29T22:25:31.098Z]   [SKIPPED - not supplement] "REAL Tech. Miracle Comp Sponge+Case" | product_type: "Beauty Accessories"
[2026-04-29T22:25:31.098Z]   [SKIPPED - not supplement] "DKNY Energizing W EDT 100ml Ltd Ed" | product_type: "Beauty Accessories"
[2026-04-29T22:25:31.101Z]   [SKIPPED - not supplement] "Givenchy Amarige EDT 100ml for Women" | product_type: "Beauty Accessories"
[2026-04-29T22:25:31.101Z]   [SKIPPED - not supplement] "Truyu Cuticle Scissor Ultra Fine" | product_type: "Beauty Accessories"
[2026-04-29T22:25:31.101Z]   [SKIPPED - not supplement] "Truyu Curved Nail Scissor" | product_type: "Beauty Accessories"
[2026-04-29T22:25:31.102Z]   [SKIPPED - not supplement] "Truyu Eyeshadow Applicator with Storage Pouch" | product_type: "Beauty Accessories"
[2026-04-29T22:25:31.102Z]   [SKIPPED - not supplement] "Truyu Toe Nail Clippers with Straight Blades" | product_type: "Beauty Accessories"
[2026-04-29T22:25:31.102Z]   [SKIPPED - not supplement] "Truyu 3-Way Nail Buffer" | product_type: "Beauty Accessories"
[2026-04-29T22:25:31.103Z]   [SKIPPED - not supplement] "Truyu Facial Cleansing Sponges" | product_type: "Beauty Accessories"
[2026-04-29T22:25:31.103Z]   [SKIPPED - not supplement] "Truyu Cuticle & Nail Duo" | product_type: "Beauty Accessories"
[2026-04-29T22:25:31.103Z]   [SKIPPED - not supplement] "Truyu Slant Tip Tweezers" | product_type: "Beauty Accessories"
[2026-04-29T22:25:31.104Z]   [SKIPPED - not supplement] "Versace Bright Crystal EDT 30ml" | product_type: "Beauty Accessories"
[2026-04-29T22:25:31.104Z]   [SKIPPED - not supplement] "Tender Love + Carry Assorted Red Bow  - Twin Set" | product_type: "Beauty Accessories"
[2026-04-29T22:25:31.105Z]   [SKIPPED - not supplement] "Truyu Powder Puffs 2 Pack" | product_type: "Beauty Accessories"
[2026-04-29T22:25:31.106Z]   [SKIPPED - not supplement] "Truyu Straight Nail Scissor" | product_type: "Beauty Accessories"
[2026-04-29T22:25:31.106Z]   [SKIPPED - not supplement] "Truyu Nail Clippers" | product_type: "Beauty Accessories"
[2026-04-29T22:25:31.106Z]   [SKIPPED - not supplement] "Truyu Eyebrow & Lash Brush" | product_type: "Beauty Accessories"
[2026-04-29T22:25:31.106Z]   [SKIPPED - not supplement] "Truyu Foundation Brush" | product_type: "Beauty Accessories"
[2026-04-29T22:25:31.107Z]   [SKIPPED - not supplement] "Truyu Corn & Callus Shaver 5 Blades" | product_type: "Beauty Accessories"
[2026-04-29T22:25:31.107Z]   [SKIPPED - not supplement] "Truyu Luxe Foundation Sponge Oval" | product_type: "Beauty Accessories"
[2026-04-29T22:25:31.108Z]   [SKIPPED - not supplement] "Truyu Pedicure File - Metal" | product_type: "Beauty Accessories"
[2026-04-29T22:25:31.108Z]   [SKIPPED - not supplement] "Truyu Toe Nail Clippers Curved Blades" | product_type: "Beauty Accessories"
[2026-04-29T22:25:31.108Z]   [SKIPPED - not supplement] "Truyu Easy View Tweezers Gold Curve Tip" | product_type: "Beauty Accessories"
[2026-04-29T22:25:31.108Z]   [SKIPPED - not supplement] "Truyu Square Tip Tweezers Black" | product_type: "Beauty Accessories"
[2026-04-29T22:25:31.109Z]   [SKIPPED - not supplement] "Truyu Emery Boards 145mm 10 Pack" | product_type: "Beauty Accessories"
[2026-04-29T22:25:31.109Z]   [SKIPPED - not supplement] "Truyu Brow Brush Dual Ended" | product_type: "Beauty Accessories"
[2026-04-29T22:25:31.109Z]   [SKIPPED - not supplement] "Truyu Toe Nail Clippers Straight Blades + Easy-hold Catcher" | product_type: "Beauty Accessories"
[2026-04-29T22:25:31.109Z]   [SKIPPED - not supplement] "Truyu Nail Clippers - Curved" | product_type: "Beauty Accessories"
[2026-04-29T22:25:31.110Z]   [SKIPPED - not supplement] "Truyu Compact Sapphire Nail File" | product_type: "Beauty Accessories"
[2026-04-29T22:25:31.110Z]   [SKIPPED - not supplement] "Truyu Scissor Tweezers Slant Tip" | product_type: "Beauty Accessories"
[2026-04-29T22:25:31.110Z]   [SKIPPED - not supplement] "Truyu Pro Nail Files 2 Pack" | product_type: "Beauty Accessories"
[2026-04-29T22:25:31.110Z]   [SKIPPED - not supplement] "Truyu Buffing Block" | product_type: "Beauty Accessories"
[2026-04-29T22:25:31.111Z]   [SKIPPED - not supplement] "Truyu Makeup Wedges 20" | product_type: "Beauty Accessories"
[2026-04-29T22:25:31.111Z]   [SKIPPED - not supplement] "Truyu Point Tip Tweezers Black" | product_type: "Beauty Accessories"
[2026-04-29T22:25:31.111Z]   [SKIPPED - not supplement] "Simply Essential 20-2106 Nail Shaper Patterned" | product_type: "Beauty Accessories"
[2026-04-29T22:25:31.623Z]   Page 12...
[2026-04-29T22:25:32.369Z]   [SKIPPED - not supplement] "Guess Seductive Blue EDT Men 100ml" | product_type: "Beauty Accessories"
[2026-04-29T22:25:32.369Z]   [SKIPPED - not supplement] "Philips Avent Natural Response Baby Bottle 125ml" | product_type: "Baby"
[2026-04-29T22:25:32.371Z]   [SKIPPED - not supplement] "Tender Love + Carry Top Jewellery Case - Black Clear" | product_type: "Beauty Accessories"
[2026-04-29T22:25:32.371Z]   [SKIPPED - not supplement] "Tender Love + Carry Top Jewellery Case - White Clear" | product_type: "Beauty Accessories"
[2026-04-29T22:25:32.371Z]   [SKIPPED - not supplement] "Tender Love + Carry Top Jewellery Case - Green Clear" | product_type: "Beauty Accessories"
[2026-04-29T22:25:32.371Z]   [SKIPPED - not supplement] "Tender Love + Carry Jewellery Case - Flower" | product_type: "Beauty Accessories"
[2026-04-29T22:25:32.372Z]   [SKIPPED - not supplement] "Tender Love + Carry Top Jewellery Case - Blush Clear" | product_type: "Beauty Accessories"
[2026-04-29T22:25:32.372Z]   [SKIPPED - not supplement] "SIMPLY ESSENTIALS Face Cleansing Pad" | product_type: "Beauty Accessories"
[2026-04-29T22:25:32.372Z]   [SKIPPED - not supplement] "EarSense Gold Plated Sleeper 13mm" | product_type: "Beauty Accessories"
[2026-04-29T22:25:32.373Z]   [SKIPPED - not supplement] "MONTBLANC Explorer Ultra Blue EDP 100ml" | product_type: "Beauty Accessories"
[2026-04-29T22:25:32.374Z]   [SKIPPED - not supplement] "SIMPLY ESSENTIALS Toenail Scissors" | product_type: "Beauty Accessories"
[2026-04-29T22:25:32.374Z]   [SKIPPED - not supplement] "Marc Jacobs Fragrance Mini Gift 4pc Set" | product_type: "Beauty Accessories"
[2026-04-29T22:25:32.375Z]   [SKIPPED - not supplement] "Depend White nail pen" | product_type: "Cosmetics"
[2026-04-29T22:25:32.375Z]   [SKIPPED - not supplement] "Mugler Alien EDP 60ml" | product_type: "Beauty Accessories"
[2026-04-29T22:25:32.376Z]   [SKIPPED - not supplement] "Hawaiian Tropic Pink Retreat Body Mist 250ml" | product_type: "Beauty Accessories"
[2026-04-29T22:25:32.376Z]   [SKIPPED - not supplement] "DKNY Be 100% Delicious Women EDP 100ml" | product_type: "Beauty Accessories"
[2026-04-29T22:25:32.376Z]   [SKIPPED - not supplement] "UMBRO Giftset For Women Defiant 2pc" | product_type: "Beauty Accessories"
[2026-04-29T22:25:32.377Z]   [SKIPPED - not supplement] "Hawaiian Tropic Tropical Temptation Body Mist 250ml" | product_type: "Beauty Accessories"
[2026-04-29T22:25:32.377Z]   [SKIPPED - not supplement] "CLINIQUE Aromatics Natural Spray 45ml" | product_type: "Beauty Accessories"
[2026-04-29T22:25:32.378Z]   [SKIPPED - not supplement] "Hawaiian Tropic Island Bliss Body Mist 250ml" | product_type: "Beauty Accessories"
[2026-04-29T22:25:32.378Z]   [SKIPPED - not supplement] "Ruby Face Makeup Brush Set 9pc" | product_type: "Beauty Accessories"
[2026-04-29T22:25:32.378Z]   [SKIPPED - not supplement] "Hawaiian Tropic Sunkissed Dreams Body Mist 250ml" | product_type: "Beauty Accessories"
[2026-04-29T22:25:32.379Z]   [SKIPPED - not supplement] "KISS Artifical Nail Cutter" | product_type: "Beauty Accessories"
[2026-04-29T22:25:32.379Z]   [SKIPPED - not supplement] "Hawaiian Tropic Tropical Oasis Body Mist 250ml" | product_type: "Beauty Accessories"
[2026-04-29T22:25:32.380Z]   [SKIPPED - not supplement] "DEPEND Myrrh & Avocado Oil" | product_type: "Cosmetics"
[2026-04-29T22:25:32.380Z]   [SKIPPED - not supplement] "DEPEND PT Nail Care Fast Dry & Gel Top Coat" | product_type: "Cosmetics"
[2026-04-29T22:25:32.381Z]   [SKIPPED - not supplement] "Hawaiian Tropic Golden Paradise Body Mist 250 mL" | product_type: "Beauty Accessories"
[2026-04-29T22:25:32.381Z]   [SKIPPED - not supplement] "Hawaiian Tropic Sunset Escape Body Mist 250ml" | product_type: "Beauty Accessories"
[2026-04-29T22:25:32.382Z]   [SKIPPED - not supplement] "DEPEND Nail Art Decoration Tools" | product_type: "Cosmetics"
[2026-04-29T22:25:32.382Z]   [SKIPPED - not supplement] "DEPEND PT Nail Care Myrrh nail oil" | product_type: "Cosmetics"
[2026-04-29T22:25:32.383Z]   [SKIPPED - not supplement] "DEPEND PT Nail Care Aloe Vera Quick Fix" | product_type: "Cosmetics"
[2026-04-29T22:25:32.383Z]   [SKIPPED - not supplement] "Depend French Manicure Templates" | product_type: "Cosmetics"
[2026-04-29T22:25:32.384Z]   [SKIPPED - not supplement] "UMBRO Action EDT 100ml" | product_type: "Beauty Accessories"
[2026-04-29T22:25:32.385Z]   [SKIPPED - not supplement] "Dear Body Always Yours Body Mist 30ml" | product_type: "Beauty Accessories"
[2026-04-29T22:25:32.385Z]   [SKIPPED - not supplement] "UMBRO Giftset For Women Tempo 2pc" | product_type: "Beauty Accessories"
[2026-04-29T22:25:32.385Z]   [SKIPPED - not supplement] "UMBRO Giftset For Men Action 2pc" | product_type: "Beauty Accessories"
[2026-04-29T22:25:32.386Z]   [SKIPPED - not supplement] "UMBRO EDT For Men Energy 100ml" | product_type: "Beauty Accessories"
[2026-04-29T22:25:32.386Z]   [SKIPPED - not supplement] "UMBRO EDT For Men Power 100ml" | product_type: "Beauty Accessories"
[2026-04-29T22:25:32.386Z]   [SKIPPED - not supplement] "UMBRO Ice EDT Spray 100ml" | product_type: "Beauty Accessories"
[2026-04-29T22:25:32.387Z]   [SKIPPED - not supplement] "Real Techniques Mini Miracle Powder Puff Trio" | product_type: "Beauty Accessories"
[2026-04-29T22:25:32.387Z]   [SKIPPED - not supplement] "Philips Avent Natural Response 260ml Bottle 1pk" | product_type: "Baby"
[2026-04-29T22:25:32.388Z]   [SKIPPED - not supplement] "Ariana Grande Moonlight Body Mist 236ml" | product_type: "Beauty Accessories"
[2026-04-29T22:25:32.388Z]   [SKIPPED - not supplement] "Ariana Grande Ari Body Mist 236ml" | product_type: "Beauty Accessories"
[2026-04-29T22:25:32.900Z]   Page 13...
[2026-04-29T22:25:33.710Z]   [SKIPPED - not supplement] "Impulse Peach Sorbet + Golden Sunsets Body Mist 150ml" | product_type: "Beauty Accessories"
[2026-04-29T22:25:33.711Z]   [SKIPPED - not supplement] "Impulse Purple Petals + Smokey Sky Body Mist 150ml" | product_type: "Beauty Accessories"
[2026-04-29T22:25:33.711Z]   [SKIPPED - not supplement] "Impulse Body Mist Crystal Waterfalls + Lotus Lilies 150ml" | product_type: "Beauty Accessories"
[2026-04-29T22:25:33.711Z]   [SKIPPED - not supplement] "Impulse Raspberry Ripple + Pink Peppercorn Body Mist" | product_type: "Beauty Accessories"
[2026-04-29T22:25:33.713Z]   [SKIPPED - not supplement] "Rosanna Earrings V Gold" | product_type: "Beauty Accessories"
[2026-04-29T22:25:33.713Z]   [SKIPPED - not supplement] "Rosanna Earrings Diamond Rectangle Gold" | product_type: "Beauty Accessories"
[2026-04-29T22:25:33.714Z]   [SKIPPED - not supplement] "Hair Clip 5pack Flowers" | product_type: "Beauty Accessories"
[2026-04-29T22:25:33.714Z]   [SKIPPED - not supplement] "Rosanna Earrings Diamante Fashion Drop Gold" | product_type: "Beauty Accessories"
[2026-04-29T22:25:33.714Z]   [SKIPPED - not supplement] "Rosanna Earrings Gold Hoop" | product_type: "Beauty Accessories"
[2026-04-29T22:25:33.714Z]   [SKIPPED - not supplement] "Rosanna Earrings Drop Hearts Gold" | product_type: "Beauty Accessories"
[2026-04-29T22:25:33.715Z]   [SKIPPED - not supplement] "Rosanna Earrings Drop Sphere Silver" | product_type: "Beauty Accessories"
[2026-04-29T22:25:33.715Z]   [SKIPPED - not supplement] "HB&Co Hairbrush Scalp Massage" | product_type: "Beauty Accessories"
[2026-04-29T22:25:33.715Z]   [SKIPPED - not supplement] "HB&Co Hairbrush Scalp Bristle" | product_type: "Beauty Accessories"
[2026-04-29T22:25:33.716Z]   [SKIPPED - not supplement] "Rosanna Earrings Fashion Drop Diamante Gold" | product_type: "Beauty Accessories"
[2026-04-29T22:25:33.716Z]   [SKIPPED - not supplement] "Rosanna Earrings Diamond Rectangle Silver" | product_type: "Beauty Accessories"
[2026-04-29T22:25:33.716Z]   [SKIPPED - not supplement] "Rosanna Earrings Diamond Club Silver" | product_type: "Beauty Accessories"
[2026-04-29T22:25:33.716Z]   [SKIPPED - not supplement] "Hair Clips 4PacK 3D Fun" | product_type: "Beauty Accessories"
[2026-04-29T22:25:33.717Z]   [SKIPPED - not supplement] "Rosanna Earrings Diamond Circle Silver" | product_type: "Beauty Accessories"
[2026-04-29T22:25:33.717Z]   [SKIPPED - not supplement] "Rosanna Earrings Diamonds V Gold" | product_type: "Beauty Accessories"
[2026-04-29T22:25:33.717Z]   [SKIPPED - not supplement] "Rosanna Earrings Silver Heart Stud" | product_type: "Beauty Accessories"
[2026-04-29T22:25:33.718Z]   [SKIPPED - not supplement] "Hair Clip 3 Pack Stars and Hearts" | product_type: "Beauty Accessories"
[2026-04-29T22:25:33.718Z]   [SKIPPED - not supplement] "Rosanna Earrings Fashion Drop Silver" | product_type: "Beauty Accessories"
[2026-04-29T22:25:33.718Z]   [SKIPPED - not supplement] "Rosanna Earrings Small Diamond Stud Gold" | product_type: "Beauty Accessories"
[2026-04-29T22:25:33.719Z]   [SKIPPED - not supplement] "Rosanna Earrings Fashion Drop Tear Silver" | product_type: "Beauty Accessories"
[2026-04-29T22:25:33.719Z]   [SKIPPED - not supplement] "Rosanna Earrings Drop Star Burst Silver" | product_type: "Beauty Accessories"
[2026-04-29T22:25:33.719Z]   [SKIPPED - not supplement] "Hair Clips 4PacK Pink Hearts/Stars" | product_type: "Beauty Accessories"
[2026-04-29T22:25:33.720Z]   [SKIPPED - not supplement] "Rosanna Earrings Drop Cross Gold" | product_type: "Beauty Accessories"
[2026-04-29T22:25:33.720Z]   [SKIPPED - not supplement] "Rosanna Earrings Oval Diamond Stud Gold" | product_type: "Beauty Accessories"
[2026-04-29T22:25:33.720Z]   [SKIPPED - not supplement] "Rosanna Earrings Small Silver Hoop" | product_type: "Beauty Accessories"
[2026-04-29T22:25:33.720Z]   [SKIPPED - not supplement] "Rosanna Earrings Black Hoop Silver" | product_type: "Beauty Accessories"
[2026-04-29T22:25:33.721Z]   [SKIPPED - not supplement] "Rosanna Earrings Diamond Circle Gold" | product_type: "Beauty Accessories"
[2026-04-29T22:25:33.721Z]   [SKIPPED - not supplement] "Rosanna Earrings Diamante Butterfly Silver" | product_type: "Beauty Accessories"
[2026-04-29T22:25:33.721Z]   [SKIPPED - not supplement] "Rosanna Earrings Drop Diamond Cross Silver" | product_type: "Beauty Accessories"
[2026-04-29T22:25:33.722Z]   [SKIPPED - not supplement] "Rosanna Earrings Dimple Sphere Silver Stud" | product_type: "Beauty Accessories"
[2026-04-29T22:25:33.722Z]   [SKIPPED - not supplement] "Rosanna Earrings Double Circle Silver" | product_type: "Beauty Accessories"
[2026-04-29T22:25:33.722Z]   [SKIPPED - not supplement] "Rosanna Earrings Silver Hoop" | product_type: "Beauty Accessories"
[2026-04-29T22:25:33.723Z]   [SKIPPED - not supplement] "Rosanna Earrings Fashion Drop Gold" | product_type: "Beauty Accessories"
[2026-04-29T22:25:33.723Z]   [SKIPPED - not supplement] "Rosanna Earrings Black Hoop Gold" | product_type: "Beauty Accessories"
[2026-04-29T22:25:33.723Z]   [SKIPPED - not supplement] "Rosanna Earring Drop Diamond Studs Silver" | product_type: "Beauty Accessories"
[2026-04-29T22:25:33.724Z]   [SKIPPED - not supplement] "Rosanna Earrings Diamante Square Stud Gold" | product_type: "Beauty Accessories"
[2026-04-29T22:25:33.724Z]   [SKIPPED - not supplement] "Rosanna Earrings Diamante Small V" | product_type: "Beauty Accessories"
[2026-04-29T22:25:33.725Z]   [SKIPPED - not supplement] "Rosanna Earrings Drop Star Burst Gold" | product_type: "Beauty Accessories"
[2026-04-29T22:25:33.725Z]   [SKIPPED - not supplement] "Hair Clip 3Pack Hearts and Stars" | product_type: "Beauty Accessories"
[2026-04-29T22:25:33.725Z]   [SKIPPED - not supplement] "Hair Clips 4Pack Summer Flowers" | product_type: "Beauty Accessories"
[2026-04-29T22:25:33.726Z]   [SKIPPED - not supplement] "Rosanna Earrings Gold Heart Stud" | product_type: "Beauty Accessories"
[2026-04-29T22:25:33.726Z]   [SKIPPED - not supplement] "Rosanna Earrings Fashion Sphere Silver" | product_type: "Beauty Accessories"
[2026-04-29T22:25:33.726Z]   [SKIPPED - not supplement] "Rosanna Earrings Drop Diamond Stars Silver" | product_type: "Beauty Accessories"
[2026-04-29T22:25:33.727Z]   [SKIPPED - not supplement] "Rosanna Earrings Drop Diamante Silver" | product_type: "Beauty Accessories"
[2026-04-29T22:25:33.727Z]   [SKIPPED - not supplement] "Rosanna Earrings V Silver" | product_type: "Beauty Accessories"
[2026-04-29T22:25:33.727Z]   [SKIPPED - not supplement] "Rosanna Earrings Double Circle Gold" | product_type: "Beauty Accessories"
[2026-04-29T22:25:33.727Z]   [SKIPPED - not supplement] "Rosanna Earrings Gold Star Burst" | product_type: "Beauty Accessories"
[2026-04-29T22:25:33.728Z]   [SKIPPED - not supplement] "Rosanna Earrings Fashion Sphere Gold" | product_type: "Beauty Accessories"
[2026-04-29T22:25:33.728Z]   [SKIPPED - not supplement] "Rosanna Earrings Diamante Circle Silver" | product_type: "Beauty Accessories"
[2026-04-29T22:25:33.728Z]   [SKIPPED - not supplement] "Rosanna Drop Cross Earrings Silver" | product_type: "Beauty Accessories"
[2026-04-29T22:25:33.729Z]   [SKIPPED - not supplement] "Rosanna Earrings Small Gold Hoop" | product_type: "Beauty Accessories"
[2026-04-29T22:25:33.729Z]   [SKIPPED - not supplement] "Rosanna Earrings Fashion Drop Tear Gold" | product_type: "Beauty Accessories"
[2026-04-29T22:25:33.729Z]   [SKIPPED - not supplement] "HB&Co Hairbrush Flex Curved Vented 5 prong" | product_type: "Beauty Accessories"
[2026-04-29T22:25:33.729Z]   [SKIPPED - not supplement] "Rosanna Earrings Diamante Butterfly Gold" | product_type: "Beauty Accessories"
[2026-04-29T22:25:33.730Z]   [SKIPPED - not supplement] "Ruby Face Cosmetic Brushes 6 Pack" | product_type: "Beauty Accessories"
[2026-04-29T22:25:33.730Z]   [SKIPPED - not supplement] "Rosanna Earrings White Hoops Silver" | product_type: "Beauty Accessories"
[2026-04-29T22:25:33.731Z]   [SKIPPED - not supplement] "Rosanna Earrings Diamonds V Silver" | product_type: "Beauty Accessories"
[2026-04-29T22:25:33.732Z]   [SKIPPED - not supplement] "Rosanna Earring Drop Diamond Studs Gold" | product_type: "Beauty Accessories"
[2026-04-29T22:25:33.732Z]   [SKIPPED - not supplement] "Rosanna Earrings Drop Diamond Stars Gold" | product_type: "Beauty Accessories"
[2026-04-29T22:25:33.733Z]   [SKIPPED - not supplement] "Rosanna Earrings Drop Sphere Gold" | product_type: "Beauty Accessories"
[2026-04-29T22:25:33.733Z]   [SKIPPED - not supplement] "Rosanna Earrings Diamonds X Gold" | product_type: "Beauty Accessories"
[2026-04-29T22:25:33.733Z]   [SKIPPED - not supplement] "HB&Co Hairbrush Flex Curve Vented" | product_type: "Beauty Accessories"
[2026-04-29T22:25:33.734Z]   [SKIPPED - not supplement] "Rosanna Earrings Solid Metal Cross Gold" | product_type: "Beauty Accessories"
[2026-04-29T22:25:33.734Z]   [SKIPPED - not supplement] "Rosanna Earrings Pretty Pink Studs" | product_type: "Beauty Accessories"
[2026-04-29T22:25:33.734Z]   [SKIPPED - not supplement] "Rosanna Earrings Diamonds X Silver" | product_type: "Beauty Accessories"
[2026-04-29T22:25:33.734Z]   [SKIPPED - not supplement] "Rosanna Earrings Diamante Fashion Drop Silver" | product_type: "Beauty Accessories"
[2026-04-29T22:25:33.735Z]   [SKIPPED - not supplement] "Ariana Grande R.E.M. 30ml EDP" | product_type: "Beauty Accessories"
[2026-04-29T22:25:33.735Z]   [SKIPPED - not supplement] "Ariana Grande god is a woman 30ml EDP" | product_type: "Beauty Accessories"
[2026-04-29T22:25:33.735Z]   [SKIPPED - not supplement] "Ariana Grande god is a woman 100ml EDP" | product_type: "Beauty Accessories"
[2026-04-29T22:25:33.735Z]   [SKIPPED - not supplement] "Ariana Grande R.E.M. 100ml EDP" | product_type: "Beauty Accessories"
[2026-04-29T22:25:33.736Z]   [SKIPPED - not supplement] "Ariana Grande Thank U Next 100ml EDP" | product_type: "Beauty Accessories"
[2026-04-29T22:25:34.238Z]   Page 14...
[2026-04-29T22:25:34.926Z]   [SKIPPED - not supplement] "Truyu 10-1651 Eye Liner Duo" | product_type: "Beauty Accessories"
[2026-04-29T22:25:34.927Z]   [SKIPPED - not supplement] "Designer Brands Fragrance Night" | product_type: "Beauty Accessories"
[2026-04-29T22:25:34.927Z]   [SKIPPED - not supplement] "Designer Brands Fragrance Eternal Style" | product_type: "Beauty Accessories"
[2026-04-29T22:25:34.928Z]   [SKIPPED - not supplement] "HB&Co Make up Brushes in Black Pouch 1pk" | product_type: "Beauty Accessories"
[2026-04-29T22:25:34.929Z]   [SKIPPED - not supplement] "BC Travel Set Cosmetic Containers 5 pc" | product_type: "Other Pharmacy & Clothing"
[2026-04-29T22:25:34.929Z]   [SKIPPED - not supplement] "DB Fragrance La Lure 100ml" | product_type: "Beauty Accessories"
[2026-04-29T22:25:34.930Z]   [SKIPPED - not supplement] "UV Led USB Nail Lamp 1ea" | product_type: "Beauty Accessories"
[2026-04-29T22:25:34.930Z]   [SKIPPED - not supplement] "Bargain Chemist Travel Set 5 Piece" | product_type: "Other Pharmacy & Clothing"
[2026-04-29T22:25:34.931Z]   [SKIPPED - not supplement] "BC Travel Set Silicon Bottle 3pc" | product_type: "Other Pharmacy & Clothing"
[2026-04-29T22:25:34.931Z]   [SKIPPED - not supplement] "S.L.Q Finish Brush Flat Foundation Angled 1ea" | product_type: "Beauty Accessories"
[2026-04-29T22:25:34.931Z]   [SKIPPED - not supplement] "DB Fragrance Billionaire 100ml" | product_type: "Beauty Accessories"
[2026-04-29T22:25:34.932Z]   [SKIPPED - not supplement] "HB&Co Makeup Brushes in Pink Pouch 1pk" | product_type: "Beauty Accessories"
[2026-04-29T22:25:34.932Z]   [SKIPPED - not supplement] "Electric Eye Lash Heated Curler 1ea" | product_type: "Beauty Accessories"
[2026-04-29T22:25:34.933Z]   [SKIPPED - not supplement] "S.L.Q Round Medium Powder Brush 1ea" | product_type: "Beauty Accessories"
[2026-04-29T22:25:34.933Z]   [SKIPPED - not supplement] "S.L.Q. Flat Top Powder Brush 1ea" | product_type: "Beauty Accessories"
[2026-04-29T22:25:34.934Z]   [SKIPPED - not supplement] "S.L.Q Finish Foundation Brush Rounded 1ea" | product_type: "Beauty Accessories"
[2026-04-29T22:25:34.936Z]   [SKIPPED - not supplement] "BC Hair Clips Large Purple Hearts 3pk" | product_type: "Beauty Accessories"
[2026-04-29T22:25:34.936Z]   [SKIPPED - not supplement] "Hello! Hair Clips Mini Multi Hearts 10pk" | product_type: "Beauty Accessories"
[2026-04-29T22:25:34.937Z]   [SKIPPED - not supplement] "Fashion Jewelry Hair Clips Mini Stars 4pk" | product_type: "Beauty Accessories"
[2026-04-29T22:25:34.937Z]   [SKIPPED - not supplement] "Princess Hair Clips Mini Stars Asst 10pk" | product_type: "Beauty Accessories"
[2026-04-29T22:25:34.937Z]   [SKIPPED - not supplement] "Hello! Hair Clips Mini Bears Multi 10pk" | product_type: "Beauty Accessories"
[2026-04-29T22:25:34.938Z]   [SKIPPED - not supplement] "Fashion Jewelery Hair Clips Mini Asst Colour 4pk" | product_type: "Beauty Accessories"
[2026-04-29T22:25:34.938Z]   [SKIPPED - not supplement] "BC Hair Clips Large Pink 3pk" | product_type: "Beauty Accessories"
[2026-04-29T22:25:34.939Z]   [SKIPPED - not supplement] "Princess Hair Clips Mini Multi Flower 10pk" | product_type: "Beauty Accessories"
[2026-04-29T22:25:34.941Z]   [SKIPPED - not supplement] "RAWW Detangle Hair Brush" | product_type: "Beauty Accessories"
[2026-04-29T22:25:34.942Z]   [SKIPPED - not supplement] "Simply Essential Angled Blending Sponge" | product_type: "Beauty Accessories"
[2026-04-29T22:25:34.942Z]   [SKIPPED - not supplement] "Simply Essential Toe Separators (2)" | product_type: "Beauty Accessories"
[2026-04-29T22:25:34.943Z]   [SKIPPED - not supplement] "Simply Essential Precision Tweezer" | product_type: "Beauty Accessories"
[2026-04-29T22:25:34.943Z]   [SKIPPED - not supplement] "MAE Brush Natural Bristle Radial" | product_type: "Beauty Accessories"
[2026-04-29T22:25:34.943Z]   [SKIPPED - not supplement] "MAE Brush Natural Bristle Oval Pad" | product_type: "Beauty Accessories"
[2026-04-29T22:25:34.944Z]   [SKIPPED - not supplement] "Simply Essential Eyelash Curler with Comb" | product_type: "Beauty Accessories"
[2026-04-29T22:25:34.944Z]   [SKIPPED - not supplement] "Simply Essential Luxe Powder Puff" | product_type: "Beauty Accessories"
[2026-04-29T22:25:34.944Z]   [SKIPPED - not supplement] "Simply Essential Lash Applicator Tweezer" | product_type: "Beauty Accessories"
[2026-04-29T22:25:34.944Z]   [SKIPPED - not supplement] "MAE Brush Natural Bristle Paddle" | product_type: "Beauty Accessories"
[2026-04-29T22:25:34.945Z]   [SKIPPED - not supplement] "Simply Essential Pedicure File Glass" | product_type: "Beauty Accessories"
[2026-04-29T22:25:34.945Z]   [SKIPPED - not supplement] "Simply Essential Velvet Finish Blending Sponge" | product_type: "Beauty Accessories"
[2026-04-29T22:25:34.945Z]   [SKIPPED - not supplement] "MAE Brush Natural Bristle Oval Pad Boar" | product_type: "Beauty Accessories"
[2026-04-29T22:25:34.946Z]   [SKIPPED - not supplement] "Simply Essential Perfect Grip Tweezer" | product_type: "Beauty Accessories"
[2026-04-29T22:25:34.946Z]   [SKIPPED - not supplement] "Tender Love & Carry Travel Pouch With Bottles Oat" | product_type: "Beauty Accessories"
[2026-04-29T22:25:34.947Z]   [SKIPPED - not supplement] "Adorn by Mae Slides Sliver 4 pack" | product_type: "Beauty Accessories"
[2026-04-29T22:25:34.948Z]   [SKIPPED - not supplement] "Mini by Mae Elastic Woven Pastels 5 pack" | product_type: "Beauty Accessories"
[2026-04-29T22:25:34.948Z]   [SKIPPED - not supplement] "Simply Essential Quick Dry Hair Towel Pink" | product_type: "Beauty Accessories"
[2026-04-29T22:25:34.949Z]   [SKIPPED - not supplement] "Adorn by Mae One Touch Clips Diamante Sliver 2 pack" | product_type: "Beauty Accessories"
[2026-04-29T22:25:34.949Z]   [SKIPPED - not supplement] "Adorn by Mae Elastic Woven Beige & Black 4" | product_type: "Beauty Accessories"
[2026-04-29T22:25:34.949Z]   [SKIPPED - not supplement] "MAE 40 Headband Soft Brown" | product_type: "Beauty Accessories"
[2026-04-29T22:25:34.950Z]   [SKIPPED - not supplement] "Mini by Mae Combo Set Stay Kind 10 pack" | product_type: "Beauty Accessories"
[2026-04-29T22:25:34.950Z]   [SKIPPED - not supplement] "Tender Love & Carry Large Zebra Set 4pc Set" | product_type: "Beauty Accessories"
[2026-04-29T22:25:34.950Z]   [SKIPPED - not supplement] "Simply Essential Sleep Cap Satin Pink" | product_type: "Beauty Accessories"
[2026-04-29T22:25:34.950Z]   [SKIPPED - not supplement] "Adorn Elastic Velvet Bow Black" | product_type: "Beauty Accessories"
[2026-04-29T22:25:34.951Z]   [SKIPPED - not supplement] "Mini by Mae Alligator Clip Daisy Trio 2 pack" | product_type: "Beauty Accessories"
[2026-04-29T22:25:34.951Z]   [SKIPPED - not supplement] "Mini by Mae One Touch Clips Flower 6 pack" | product_type: "Beauty Accessories"
[2026-04-29T22:25:34.951Z]   [SKIPPED - not supplement] "MAE 40 Headband Soft White" | product_type: "Beauty Accessories"
[2026-04-29T22:25:34.952Z]   [SKIPPED - not supplement] "Mini by Mae Alligator Clip Large Bow Rust" | product_type: "Beauty Accessories"
[2026-04-29T22:25:34.952Z]   [SKIPPED - not supplement] "Adorn by Mae Hair Slides Metallic 12 pack" | product_type: "Beauty Accessories"
[2026-04-29T22:25:34.954Z]   [SKIPPED - not supplement] "Cosmetic Bag Tweed Rectangle Blue" | product_type: "Beauty Accessories"
[2026-04-29T22:25:34.956Z]   [SKIPPED - not supplement] "Cosmetic Bag Tweed Oval Blue" | product_type: "Beauty Accessories"
[2026-04-29T22:25:34.956Z]   [SKIPPED - not supplement] "HB&Co Medicine Detachable Pill Box" | product_type: "Health Equipment"
[2026-04-29T22:25:35.463Z]   Page 15...
[2026-04-29T22:25:36.295Z]   [SKIPPED - not supplement] "Floral Bucket Hat Baby Blue Large" | product_type: "Other Pharmacy & Clothing"
[2026-04-29T22:25:36.295Z]   [SKIPPED - not supplement] "Shark Bucket Hat Blue Medium" | product_type: "Other Pharmacy & Clothing"
[2026-04-29T22:25:36.296Z]   [SKIPPED - not supplement] "EarSense Trio Hoops Silver, Gold & Rose Gold" | product_type: "Beauty Accessories"
[2026-04-29T22:25:36.296Z]   [SKIPPED - not supplement] "Truyu 10-1896 Nail Shapers(2) Celestial Limited Edition" | product_type: "Beauty Accessories"
[2026-04-29T22:25:36.296Z]   [SKIPPED - not supplement] "Simply Essential 20-2016 Dual Pencil Sharpener" | product_type: "Beauty Accessories"
[2026-04-29T22:25:36.297Z]   [SKIPPED - not supplement] "Floral Bucket Hat Baby Blue Medium" | product_type: "Other Pharmacy & Clothing"
[2026-04-29T22:25:36.297Z]   [SKIPPED - not supplement] "Truyu 10-1908 Nail Scissors Celestial Limited Edition" | product_type: "Beauty Accessories"
[2026-04-29T22:25:36.297Z]   [SKIPPED - not supplement] "Gingham Bucket Hat Black & White Small" | product_type: "Other Pharmacy & Clothing"
[2026-04-29T22:25:36.298Z]   [SKIPPED - not supplement] "EarSense Hoop with Crystals Silver 12mm" | product_type: "Beauty Accessories"
[2026-04-29T22:25:36.298Z]   [SKIPPED - not supplement] "Ecotool Wrapped In Glow Brush Set 2022 7pcs" | product_type: "Beauty Accessories"
[2026-04-29T22:25:36.299Z]   [SKIPPED - not supplement] "EarSense Mini Crystal Heart Stud Silver" | product_type: "Beauty Accessories"
[2026-04-29T22:25:36.299Z]   [SKIPPED - not supplement] "Shark Bucket Hat Blue Small" | product_type: "Other Pharmacy & Clothing"
[2026-04-29T22:25:36.300Z]   [SKIPPED - not supplement] "Truyu 10-1898 Tweezer Trio Celestial Limited Edition" | product_type: "Beauty Accessories"
[2026-04-29T22:25:36.300Z]   [SKIPPED - not supplement] "Ditsy Floral Bucket Hat Pink Small" | product_type: "Other Pharmacy & Clothing"
[2026-04-29T22:25:36.301Z]   [SKIPPED - not supplement] "Lip Smacker Princess Lip and Face Tin" | product_type: "Other Pharmacy & Clothing"
[2026-04-29T22:25:36.302Z]   [SKIPPED - not supplement] "DB Mens Shower Pack" | product_type: "Personal Care"
[2026-04-29T22:25:36.302Z]   [SKIPPED - not supplement] "BYS Travel Makeup Case Medium" | product_type: "Other Pharmacy & Clothing"
[2026-04-29T22:25:36.303Z]   [SKIPPED - not supplement] "BYS Travel Makeup Case Large" | product_type: "Other Pharmacy & Clothing"
[2026-04-29T22:25:36.304Z]   [SKIPPED - not supplement] "TRUYU 10-1752 Manicure Kit" | product_type: "Beauty Accessories"
[2026-04-29T22:25:36.304Z]   [SKIPPED - not supplement] "Simply Essential 20-2115 Cushion Files Pattern" | product_type: "Beauty Accessories"
[2026-04-29T22:25:36.305Z]   [SKIPPED - not supplement] "Tits Up Breast Lift Tape 10cm Wide" | product_type: "Beauty Accessories"
[2026-04-29T22:25:36.305Z]   [SKIPPED - not supplement] "Wet n Wild Hourglass Makeup Sponge C" | product_type: "Beauty Accessories"
[2026-04-29T22:25:36.306Z]   [SKIPPED - not supplement] "MONT BLANC Emblem EDT Spray 100ml" | product_type: "Beauty Accessories"
[2026-04-29T22:25:36.307Z]   [SKIPPED - not supplement] "Less Stressed Mama Formula Thermo" | product_type: "Baby"
[2026-04-29T22:25:36.307Z]   [SKIPPED - not supplement] "Truyu 10-1656 Cuticle and Nail Set" | product_type: "Beauty Accessories"
[2026-04-29T22:25:36.308Z]   [SKIPPED - not supplement] "Dolce & Gabbana Women EDT 100ml" | product_type: "Beauty Accessories"
[2026-04-29T22:25:36.308Z]   [SKIPPED - not supplement] "Mae 40-2132 Barrette Circle White" | product_type: "Beauty Accessories"
[2026-04-29T22:25:36.311Z]   [SKIPPED - not supplement] "Versace Bright Crystal EDT 90ml" | product_type: "Beauty Accessories"
[2026-04-29T22:25:36.311Z]   [SKIPPED - not supplement] "Ted Baker WOMAN EDT SPRAY 100ml" | product_type: "Beauty Accessories"
[2026-04-29T22:25:36.312Z]   [SKIPPED - not supplement] "Elizabeth Arden 5th Ave NYC Red EDP 70ml" | product_type: "Beauty Accessories"
[2026-04-29T22:25:36.313Z]   [SKIPPED - not supplement] "Versace Yellow Diamond EDT Spray 90ml" | product_type: "Beauty Accessories"
[2026-04-29T22:25:36.817Z]   Page 16...
[2026-04-29T22:25:37.498Z]   [SKIPPED - not supplement] "Ralph BIG PONY EDT SPRAY 100ml" | product_type: "Beauty Accessories"
[2026-04-29T22:25:37.503Z]   [SKIPPED - not supplement] "BURBERRY London Women EDP 100ml" | product_type: "Beauty Accessories"
[2026-04-29T22:25:37.504Z]   [SKIPPED - not supplement] "OSCAR MEN EDT Spray 100ml" | product_type: "Beauty Accessories"
[2026-04-29T22:25:37.505Z]   [SKIPPED - not supplement] "ACQUA DI GIO EDT Vapo 100ml" | product_type: "Beauty Accessories"
[2026-04-29T22:25:37.505Z]   [SKIPPED - not supplement] "MAE  H/B Luxe Beaded Black" | product_type: "Beauty Accessories"
[2026-04-29T22:25:37.505Z]   [SKIPPED - not supplement] "MAE Elastic Scrunchie Tan" | product_type: "Beauty Accessories"
[2026-04-29T22:25:37.506Z]   [SKIPPED - not supplement] "MAE H/B Luxe Beaded Pearl" | product_type: "Beauty Accessories"
[2026-04-29T22:25:37.506Z]   [SKIPPED - not supplement] "Victoria’s Secret Eau So Sexy Fragrance Mist Spray 250ml" | product_type: "Beauty Accessories"
[2026-04-29T22:25:37.506Z]   [SKIPPED - not supplement] "Victoria’s Secret Love EDP Spray 50ml" | product_type: "Beauty Accessories"
[2026-04-29T22:25:37.506Z]   [SKIPPED - not supplement] "Victoria’s Secret Love Is Heavenly EDP Spray 50ml" | product_type: "Beauty Accessories"
[2026-04-29T22:25:37.507Z]   [SKIPPED - not supplement] "Victoria’s Secret Tease Heartbreaker EDP Spray 50ml" | product_type: "Beauty Accessories"
[2026-04-29T22:25:37.508Z]   [SKIPPED - not supplement] "Victoria’s Secret Bombshell Seduction EDP Spray 100ml" | product_type: "Beauty Accessories"
[2026-04-29T22:25:37.508Z]   [SKIPPED - not supplement] "Victoria’s Secret Mini Eau So Sexy EDP 7ml" | product_type: "Beauty Accessories"
[2026-04-29T22:25:37.509Z]   [SKIPPED - not supplement] "Victoria’s Secret Bombshell Paris EDP Spray 100ml" | product_type: "Beauty Accessories"
[2026-04-29T22:25:37.509Z]   [SKIPPED - not supplement] "Victoria’s Secret Bombshell Paradise EDP Spray 50ml" | product_type: "Beauty Accessories"
[2026-04-29T22:25:37.509Z]   [SKIPPED - not supplement] "Victoria’s Secret Tease Rebel EDP Spray 50ml" | product_type: "Beauty Accessories"
[2026-04-29T22:25:37.510Z]   [SKIPPED - not supplement] "Victoria’s Secret Tease Rebel EDP Spray 100ml" | product_type: "Beauty Accessories"
[2026-04-29T22:25:37.510Z]   [SKIPPED - not supplement] "Victoria's Secret Very Sexy Now 2016 EDP Spray 50ml" | product_type: "Beauty Accessories"
[2026-04-29T22:25:37.510Z]   [SKIPPED - not supplement] "Victoria’s Secret Just a Kiss Fragrance Spray" | product_type: "Beauty Accessories"
[2026-04-29T22:25:37.511Z]   [SKIPPED - not supplement] "Victoria’s Secret Mini Angel Gold EDP Rollerball 7ml" | product_type: "Beauty Accessories"
[2026-04-29T22:25:37.511Z]   [SKIPPED - not supplement] "Victoria’s Secret Bombshell In Bloom EDP Spray 50ml" | product_type: "Beauty Accessories"
[2026-04-29T22:25:37.511Z]   [SKIPPED - not supplement] "Victoria’s Secret Bombshell Tropical Paradise EDP Spray 50ml" | product_type: "Beauty Accessories"
[2026-04-29T22:25:37.511Z]   [SKIPPED - not supplement] "MAE 41-2310 Headband Jewelled Green" | product_type: "Beauty Accessories"
[2026-04-29T22:25:37.512Z]   [SKIPPED - not supplement] "MAE 41-2311 Headband Pearl&Diamante" | product_type: "Beauty Accessories"
[2026-04-29T22:25:37.512Z]   [SKIPPED - not supplement] "MAE 40-2241 Elast Scrunchie Pink" | product_type: "Beauty Accessories"
[2026-04-29T22:25:37.512Z]   [SKIPPED - not supplement] "MAE 41-2307 Elastic & Headband Set" | product_type: "Beauty Accessories"
[2026-04-29T22:25:37.513Z]   [SKIPPED - not supplement] "MAE 41-2309 Headband Diamante" | product_type: "Beauty Accessories"
[2026-04-29T22:25:37.513Z]   [SKIPPED - not supplement] "Davidoff Woman Eau Deodorant Spray 100ml" | product_type: "Beauty Accessories"
[2026-04-29T22:25:37.513Z]   [SKIPPED - not supplement] "TED BAKER LimitedE EDT Spray 100ml" | product_type: "Beauty Accessories"
[2026-04-29T22:25:37.513Z]   [SKIPPED - not supplement] "TED BAKER Mens EDT Spray 75ml" | product_type: "Beauty Accessories"
[2026-04-29T22:25:37.514Z]   [SKIPPED - not supplement] "REAL Tech. Miracle Complex. Sponge" | product_type: "Beauty Accessories"
[2026-04-29T22:25:37.515Z]   [SKIPPED - not supplement] "Revlon At Home Facial Set Xmas 2022" | product_type: "Beauty Accessories"
[2026-04-29T22:25:37.515Z]   [SKIPPED - not supplement] "Sence Bamboo Cotton Buds 200pk" | product_type: "Beauty Accessories"
[2026-04-29T22:25:37.516Z]   [SKIPPED - not supplement] "POLO Black EDT Spray 75ml" | product_type: "Beauty Accessories"
[2026-04-29T22:25:37.516Z]   [SKIPPED - not supplement] "Wet n Wild M/Up Brush Lrg E/Shadow" | product_type: "Beauty Accessories"
[2026-04-29T22:25:37.517Z]   [SKIPPED - not supplement] "EarSense F494-1 20mm Thin Gold Hoop" | product_type: "Beauty Accessories"
[2026-04-29T22:25:37.517Z]   [SKIPPED - not supplement] "EarSense F411 Gold Tube Tear Drop Hoop" | product_type: "Beauty Accessories"
[2026-04-29T22:25:37.518Z]   [SKIPPED - not supplement] "EarSense F407 Gold Open Circle with Crystal French Hook" | product_type: "Beauty Accessories"
[2026-04-29T22:25:37.518Z]   [SKIPPED - not supplement] "EarSense F398 Silver Filigree Teardrop French Hook" | product_type: "Beauty Accessories"
[2026-04-29T22:25:37.519Z]   [SKIPPED - not supplement] "Dear Body Fragrance Mist La Vanilla 75ml" | product_type: "Beauty Accessories"
[2026-04-29T22:25:38.029Z]   Page 17...
[2026-04-29T22:25:38.578Z]   [SKIPPED - not supplement] "David Champion EDT 90ml" | product_type: "Beauty Accessories"
[2026-04-29T22:25:38.578Z]   [SKIPPED - not supplement] "Lancome La vie est Belle 50ml 2pc Gift Set" | product_type: "Beauty Accessories"
[2026-04-29T22:25:38.579Z]   [SKIPPED - not supplement] "Maison Margiela Replica On A Date EDT 100ml" | product_type: "Beauty Accessories"
[2026-04-29T22:25:38.579Z]   [SKIPPED - not supplement] "Juicy Couture Peace Love & Juicy EDP 100ml" | product_type: "Beauty Accessories"
[2026-04-29T22:25:38.579Z]   [SKIPPED - not supplement] "VALENTINO VALENTINO UOMO (M) EDT 100 ml FR" | product_type: "Beauty Accessories"
[2026-04-29T22:25:38.580Z]   [SKIPPED - not supplement] "Rosanna Earrings Stunning Diamante Gold Stud" | product_type: "Beauty Accessories"
[2026-04-29T22:25:38.581Z]   [SKIPPED - not supplement] "Yves Saint Laurent Libre Le Parfum 50ml" | product_type: "Beauty Accessories"
[2026-04-29T22:25:38.581Z]   [SKIPPED - not supplement] "Paco Rabanne 1 Million (M) Parfum 200ml" | product_type: "Beauty Accessories"
[2026-04-29T22:25:38.581Z]   [SKIPPED - not supplement] "Paco Robanne 1 Million Men EDT Spray 200ml" | product_type: "Beauty Accessories"
[2026-04-29T22:25:38.582Z]   [SKIPPED - not supplement] "HUGGIES Ult N/Pants Size 5 Unisex 52" | product_type: "Baby"
[2026-04-29T22:25:38.583Z]   [SKIPPED - not supplement] "HUGGIES N/Pants U/Dry Sz5 Boy 30" | product_type: "Baby"
[2026-04-29T22:25:38.583Z]   [SKIPPED - not supplement] "KIWI Shine & Protect Brown Wax 75ml" | product_type: "Other Pharmacy & Clothing"
[2026-04-29T22:25:38.584Z]   [SKIPPED - not supplement] "MAE 40-2200SBL Elast. Thick Blond 8" | product_type: "Beauty Accessories"
[2026-04-29T22:25:38.586Z]   [SKIPPED - not supplement] "SIMPLY ESS 20-2009 Reuse MU Rem Cloth" | product_type: "Beauty Accessories"
[2026-04-29T22:25:38.586Z]   [SKIPPED - not supplement] "EarSense F492-3 15mm Gold Hoop" | product_type: "Beauty Accessories"
[2026-04-29T22:25:38.587Z]   [SKIPPED - not supplement] "MAE Brush Flexi Control Gem Tips" | product_type: "Beauty Accessories"
[2026-04-29T22:25:38.588Z]   [SKIPPED - not supplement] "EarSense F495-1 20mm Thin Silver Hoop" | product_type: "Beauty Accessories"
[2026-04-29T22:25:38.589Z]   [SKIPPED - not supplement] "REAL Tech. Miracle Contour Wedge 4pk" | product_type: "Beauty Accessories"
[2026-04-29T22:25:38.589Z]   [SKIPPED - not supplement] "EarSense F494-2 25mm Gold Hoop" | product_type: "Beauty Accessories"
[2026-04-29T22:25:38.590Z]   [SKIPPED - not supplement] "EarSense F402 Silver Thick Contoured Huggie" | product_type: "Beauty Accessories"
[2026-04-29T22:25:38.590Z]   [SKIPPED - not supplement] "EarSense F368 Swarovski Crystal Teardrop French Hook" | product_type: "Beauty Accessories"
[2026-04-29T22:25:38.590Z]   [SKIPPED - not supplement] "EarSense F365 Heart+Swarovski Crystals" | product_type: "Beauty Accessories"
[2026-04-29T22:25:38.591Z]   [SKIPPED - not supplement] "EarSense ES-C17 Rivoli Lilac studs" | product_type: "Beauty Accessories"
[2026-04-29T22:25:38.591Z]   [SKIPPED - not supplement] "Real Tech. Miracle Powder Sponge" | product_type: "Beauty Accessories"
[2026-04-29T22:25:38.592Z]   [SKIPPED - not supplement] "MAE 40-4504 Brush Detangler Oval Rose Gold" | product_type: "Beauty Accessories"
[2026-04-29T22:25:38.592Z]   [SKIPPED - not supplement] "EarSense F403 Gold Thick Contoured Huggie" | product_type: "Beauty Accessories"
[2026-04-29T22:25:38.592Z]   [SKIPPED - not supplement] "Earsense F386 Silver Sun & Moon Mismatch Studs" | product_type: "Beauty Accessories"
[2026-04-29T22:25:38.593Z]   [SKIPPED - not supplement] "Simply Essential 20-2502 Nurses Scissors" | product_type: "Beauty Accessories"
[2026-04-29T22:25:38.593Z]   [SKIPPED - not supplement] "MAE 40-2202SBL Elast. Flat Blond 12" | product_type: "Beauty Accessories"
[2026-04-29T22:25:38.594Z]   [SKIPPED - not supplement] "EarSense F3-1886 Gold 12mm Hoop" | product_type: "Beauty Accessories"
[2026-04-29T22:25:38.594Z]   [SKIPPED - not supplement] "EarSense F6-945 2 Tone Click Hoop" | product_type: "Beauty Accessories"
[2026-04-29T22:25:38.595Z]   [SKIPPED - not supplement] "EarSense F362 35mm Gold Flat Hoop" | product_type: "Beauty Accessories"
[2026-04-29T22:25:38.595Z]   [SKIPPED - not supplement] "BAMBINO MIO C/Mat Honeybee Hive" | product_type: "Other Pharmacy & Clothing"
[2026-04-29T22:25:38.595Z]   [SKIPPED - not supplement] "MISTA Mens Socks Soda" | product_type: "Other Pharmacy & Clothing"
[2026-04-29T22:25:38.596Z]   [SKIPPED - not supplement] "Philips Avent Natural Newborn Starter Set" | product_type: "Baby"
[2026-04-29T22:25:38.596Z]   [SKIPPED - not supplement] "Finishing Touch Flawless Electronic Pedicure Tool" | product_type: "Beauty Accessories"
[2026-04-29T22:25:38.597Z]   [SKIPPED - not supplement] "Avent Natural Feeding Bottle 1m+ 260mL" | product_type: "Baby"
[2026-04-29T22:25:38.597Z]   [SKIPPED - not supplement] "Calvin Klein Beauty EDP 100ml for Women" | product_type: "Beauty Accessories"
[2026-04-29T22:25:38.597Z]   [SKIPPED - not supplement] "Vera Wang Glam Princess 100ml" | product_type: "Beauty Accessories"
[2026-04-29T22:25:38.598Z]   [SKIPPED - not supplement] "Hugo Boss HUGO Deep Red EDP 90ml for Women" | product_type: "Beauty Accessories"
[2026-04-29T22:25:38.598Z]   [SKIPPED - not supplement] "Estee Lauder Knowing EDP 75ml for Women" | product_type: "Beauty Accessories"
[2026-04-29T22:25:38.598Z]   [SKIPPED - not supplement] "Philips Avent Natural Glass Bottle 120ml" | product_type: "Baby"
[2026-04-29T22:25:38.599Z]   [SKIPPED - not supplement] "Philips Avent Natural Bottle 0m+ 125mL" | product_type: "Baby"
[2026-04-29T22:25:38.599Z]   [SKIPPED - not supplement] "Philips Avent Natural Newborn Flow Teats 0m+ 2 Pack" | product_type: "Baby"
[2026-04-29T22:25:38.599Z]   [SKIPPED - not supplement] "Philips Avent Natural Glass Bottle 240ml" | product_type: "Baby"
[2026-04-29T22:25:38.602Z]   [SKIPPED - not supplement] "VILHELM Parfumerie Darling Nikki EDP 100ml" | product_type: "Beauty Accessories"
[2026-04-29T22:25:39.116Z]   Page 18...
[2026-04-29T22:25:39.846Z]   [SKIPPED - not supplement] "OPI Nail Lacquer - Beauty School Popout" | product_type: "Beauty Accessories"
[2026-04-29T22:25:39.847Z]   [SKIPPED - not supplement] "OPI Nail Lacquer - AppointMINT Confirmed" | product_type: "Beauty Accessories"
[2026-04-29T22:25:39.847Z]   [SKIPPED - not supplement] "OPI Nail Lacquer - Hands In The Clouds" | product_type: "Beauty Accessories"
[2026-04-29T22:25:39.847Z]   [SKIPPED - not supplement] "OPI Nail Lacquer - Reality Check Ya Out" | product_type: "Beauty Accessories"
[2026-04-29T22:25:39.848Z]   [SKIPPED - not supplement] "OPI Nail Lacquer - Happy Play-ce" | product_type: "Beauty Accessories"
[2026-04-29T22:25:39.848Z]   [SKIPPED - not supplement] "OPI Nail Lacquer - Grape Escape" | product_type: "Beauty Accessories"
[2026-04-29T22:25:39.848Z]   [SKIPPED - not supplement] "OPI Nail Lacquer - Case of Glamnesia" | product_type: "Beauty Accessories"
[2026-04-29T22:25:39.849Z]   [SKIPPED - not supplement] "OPI Nail Lacquer - Welcome to Your Whirl" | product_type: "Beauty Accessories"
[2026-04-29T22:25:39.851Z]   [SKIPPED - not supplement] "MCo MCH603 Fragrance Mist No.3 90ml" | product_type: "Beauty Accessories"
[2026-04-29T22:25:39.852Z]   [SKIPPED - not supplement] "MCo MCH601 Fragrance Mist No.1 90ml" | product_type: "Beauty Accessories"
[2026-04-29T22:25:39.852Z]   [SKIPPED - not supplement] "MCoBeauty Dermaplaning Facial Razor Duo Pack" | product_type: "Beauty Accessories"
[2026-04-29T22:25:39.853Z]   [SKIPPED - not supplement] "MCo MCH604 Fragrance Mist No.4 90ml" | product_type: "Beauty Accessories"
[2026-04-29T22:25:39.854Z]   [SKIPPED - not supplement] "Philips Avent Natural Response Teat 3month+ 2pk" | product_type: "Baby"
[2026-04-29T22:25:39.854Z]   [SKIPPED - not supplement] "Philips Avent Natural Response Teat 6 Months -  2pk" | product_type: "Baby"
[2026-04-29T22:25:39.855Z]   [SKIPPED - not supplement] "Tangle Teezer Pet De-Shedding Purple and Black large" | product_type: "Other Pharmacy & Clothing"
[2026-04-29T22:25:39.856Z]   [SKIPPED - not supplement] "Tangle Teezer Pet DeShedding Small Black and Light Blue" | product_type: "Other Pharmacy & Clothing"
[2026-04-29T22:25:39.856Z]   [SKIPPED - not supplement] "QVS 10-1230 Fun Buffer Short" | product_type: "Beauty Accessories"
[2026-04-29T22:25:39.856Z]   [SKIPPED - not supplement] "Tangle Teezer Cat Grooming Brush" | product_type: "Other Pharmacy & Clothing"
[2026-04-29T22:25:39.858Z]   [SKIPPED - not supplement] "Tender Love + Carry Assorted Red Bow  - Hanging Washbag" | product_type: "Beauty Accessories"
[2026-04-29T22:25:39.858Z]   [SKIPPED - not supplement] "Tender Love + Carry Black & Oat - Vanity" | product_type: "Beauty Accessories"
[2026-04-29T22:25:39.858Z]   [SKIPPED - not supplement] "Tender Love + Carry Blue Bow - Rollup" | product_type: "Beauty Accessories"
[2026-04-29T22:25:39.858Z]   [SKIPPED - not supplement] "Tender Love + Carry Assorted Red Bow  - Case" | product_type: "Beauty Accessories"
[2026-04-29T22:25:39.859Z]   [SKIPPED - not supplement] "BC Earrings Fashion Studs Assorted 3pk" | product_type: "Beauty Accessories"
[2026-04-29T22:25:39.859Z]   [SKIPPED - not supplement] "BC Earrings Pretty Studs Assorted 3pk" | product_type: "Beauty Accessories"
[2026-04-29T22:25:39.859Z]   [SKIPPED - not supplement] "BC Earrings Girls Studs Assorted 3pk" | product_type: "Beauty Accessories"
[2026-04-29T22:25:39.861Z]   [SKIPPED - not supplement] "SQN Hanging Roll Case Woven Blue" | product_type: "Beauty Accessories"
[2026-04-29T22:25:40.374Z]   Page 19...
[2026-04-29T22:25:40.999Z]   [SKIPPED - not supplement] "ATHOME Wash Fabric Softener Lovely Springtime 750ml" | product_type: "Household"
[2026-04-29T22:25:40.999Z]   [SKIPPED - not supplement] "PIGEON Baby Laundry Detergent 500ml" | product_type: "Baby"
[2026-04-29T22:25:41.001Z]   [SKIPPED - not supplement] "TANGLE Teezer Paddle Blow Full" | product_type: "Beauty Accessories"
[2026-04-29T22:25:41.005Z]   [SKIPPED - not supplement] "TANGLE Teezer Original Pink Vibes" | product_type: "Beauty Accessories"
[2026-04-29T22:25:41.008Z]   [SKIPPED - not supplement] "Led Beauty Face Cover" | product_type: "Beauty Accessories"
[2026-04-29T22:25:41.521Z]   Page 20...
[2026-04-29T22:25:42.121Z]   [SKIPPED - not supplement] "MCoBeauty Fragrance Mist No.2 90ml" | product_type: "Beauty Accessories"
[2026-04-29T22:25:42.122Z]   [SKIPPED - not supplement] "Jovan Musk CoIogne Concentrate 59mI for Women" | product_type: "Beauty Accessories"
[2026-04-29T22:25:42.122Z]   [SKIPPED - not supplement] "Jennifer Lopez Enduring Glow EDP 100ml for Women" | product_type: "Beauty Accessories"
[2026-04-29T22:25:42.123Z]   [SKIPPED - not supplement] "Tangle Teezer Pet DeTangle Pink and Yellow" | product_type: "Other Pharmacy & Clothing"
[2026-04-29T22:25:42.123Z]   [SKIPPED - not supplement] "HB&Co Cat Eye Mask Grey" | product_type: "Beauty Accessories"
[2026-04-29T22:25:42.123Z]   [SKIPPED - not supplement] "BC Everyday Baby Silicone Bib Light Blue" | product_type: "Baby"
[2026-04-29T22:25:42.124Z]   [SKIPPED - not supplement] "BC Everyday Baby Silicone Bib Dark Blue" | product_type: "Baby"
[2026-04-29T22:25:42.124Z]   [SKIPPED - not supplement] "MARC JACOBS FRAGRANCES Daisy Dream Eau de Toilette Spray 50 ML" | product_type: "Beauty Accessories"
[2026-04-29T22:25:42.124Z]   [SKIPPED - not supplement] "Sally Hansen Beauty Tools No More Ridges - Professional Salon Smoothing Block" | product_type: "Cosmetics"
[2026-04-29T22:25:42.125Z]   [SKIPPED - not supplement] "Sally Hansen Beauty Tools Hard As Nail Shaper Nail Boards" | product_type: "Cosmetics"
[2026-04-29T22:25:42.127Z]   [SKIPPED - not supplement] "TANGLE Teezer Round Blow Styling Large" | product_type: "Beauty Accessories"
[2026-04-29T22:25:42.127Z]   [SKIPPED - not supplement] "TANGLE Teezer Detangle Hairbrush Rb & Apricot" | product_type: "Beauty Accessories"
[2026-04-29T22:25:42.128Z]   [SKIPPED - not supplement] "TANGLE Teezer Wet Detangler Fine & Fragile Pink Dust" | product_type: "Beauty Accessories"
[2026-04-29T22:25:42.129Z]   [SKIPPED - not supplement] "MCoBeauty Pro Found & Buffing Brush" | product_type: "Beauty Accessories"
[2026-04-29T22:25:42.129Z]   [SKIPPED - not supplement] "Kenzo Flower By Kenzo EDP Refillable 100ml" | product_type: "Beauty Accessories"
[2026-04-29T22:25:42.130Z]   [SKIPPED - not supplement] "PIGEON Baby Laundry Detergent Refill 450ml" | product_type: "Baby"
[2026-04-29T22:25:42.130Z]   [SKIPPED - not supplement] "Jo Malone London Fig & Lotus Flower Cologne 100ml" | product_type: "Beauty Accessories"
[2026-04-29T22:25:42.130Z]   [SKIPPED - not supplement] "Jo Malone London Cologne Wood Sage & Sea Salt 100ml" | product_type: "Beauty Accessories"
[2026-04-29T22:25:42.131Z]   [SKIPPED - not supplement] "Jo Malone London Cologne Wild Bluebell 30ml" | product_type: "Beauty Accessories"
[2026-04-29T22:25:42.131Z]   [SKIPPED - not supplement] "Jo Malone London Cologne Peony & Blush Suede 100ml" | product_type: "Beauty Accessories"
[2026-04-29T22:25:42.131Z]   [SKIPPED - not supplement] "Jo Malone London Cologne Lime Basil & Mandarin 100ml" | product_type: "Beauty Accessories"
[2026-04-29T22:25:42.131Z]   [SKIPPED - not supplement] "Jo Malone London Cologne English Pear Freesia 100ml" | product_type: "Beauty Accessories"
[2026-04-29T22:25:42.132Z]   [SKIPPED - not supplement] "DB Fragrance London Romance 100ml" | product_type: "Beauty Accessories"
[2026-04-29T22:25:42.133Z]   [SKIPPED - not supplement] "Revlon Charlie Blue EDT 100ml for Women" | product_type: "Beauty Accessories"
[2026-04-29T22:25:42.133Z]   [SKIPPED - not supplement] "Revlon Charlie Red EDT 100ml for Women" | product_type: "Beauty Accessories"
[2026-04-29T22:25:42.133Z]   [SKIPPED - not supplement] "SQN Mens Hanging Case Dark Brown" | product_type: "Beauty Accessories"
[2026-04-29T22:25:42.133Z]   [SKIPPED - not supplement] "CHLOE Rose Tangerine EDT 30ml" | product_type: "Beauty Accessories"
[2026-04-29T22:25:42.134Z]   [SKIPPED - not supplement] "Philips Avent Natural Response Teat 1 month+ 2 pack" | product_type: "Baby"
[2026-04-29T22:25:42.134Z]   [SKIPPED - not supplement] "MAISON Margiela Replica Discovery Set EDT 10ml 3pc Set" | product_type: "Beauty Accessories"
[2026-04-29T22:25:42.135Z]   [SKIPPED - not supplement] "SlickHair Co. Skinny Silky Scrunchies Set (6 Pack)" | product_type: "Beauty Accessories"
[2026-04-29T22:25:42.135Z]   [SKIPPED - not supplement] "SlickHair Co. Heatless Velcro Hair Rollers (8 Pack)" | product_type: "Beauty Accessories"
[2026-04-29T22:25:42.135Z]   [SKIPPED - not supplement] "SlickHair Co. Everyday Hair Brush" | product_type: "Beauty Accessories"
[2026-04-29T22:25:42.136Z]   [SKIPPED - not supplement] "SlickHair Co. Creaseless Clips (6 Pack)" | product_type: "Beauty Accessories"
[2026-04-29T22:25:42.136Z]   [SKIPPED - not supplement] "Philips Avent Natural Response 120 mL Glass Bottle" | product_type: "Baby"
[2026-04-29T22:25:42.137Z]   [SKIPPED - not supplement] "Dear Body Charm Seduction Fragrance Mist 75 mL" | product_type: "Beauty Accessories"
[2026-04-29T22:25:42.138Z]   [SKIPPED - not supplement] "Dear Body Amorour Coconut Fragrance Mist 75ml" | product_type: "Beauty Accessories"
[2026-04-29T22:25:42.138Z]   [SKIPPED - not supplement] "Dear Body Rocking Fantasy EDP 90ml" | product_type: "Beauty Accessories"
[2026-04-29T22:25:42.138Z]   [SKIPPED - not supplement] "Ruby Face Hair Drying Towel Striped" | product_type: "Beauty Accessories"
[2026-04-29T22:25:42.139Z]   [SKIPPED - not supplement] "Dear Body Noir Crystal For Men Fragrance Mist 236ml" | product_type: "Beauty Accessories"
[2026-04-29T22:25:42.139Z]   [SKIPPED - not supplement] "Dear Body Wild At Kiss EDP 90ml" | product_type: "Beauty Accessories"
[2026-04-29T22:25:42.140Z]   [SKIPPED - not supplement] "Ruby Face Hair-drying Cap assorted colours" | product_type: "Beauty Accessories"
[2026-04-29T22:25:42.140Z]   [SKIPPED - not supplement] "Dear Body Kissing Mizzle EDP 90ml" | product_type: "Beauty Accessories"
[2026-04-29T22:25:42.140Z]   [SKIPPED - not supplement] "Dear Body Forever Blue Fragrance Mist For Men 236ml" | product_type: "Beauty Accessories"
[2026-04-29T22:25:42.141Z]   [SKIPPED - not supplement] "Cosmetic Storage Box" | product_type: "Beauty Accessories"
[2026-04-29T22:25:42.141Z]   [SKIPPED - not supplement] "Dear Body Lost In Amber Fragrance Mist For Men 236ml" | product_type: "Beauty Accessories"
[2026-04-29T22:25:42.141Z]   [SKIPPED - not supplement] "Dear Body Always Yours EDP 90ml" | product_type: "Beauty Accessories"
[2026-04-29T22:25:42.142Z]   [SKIPPED - not supplement] "TANGLE Teezer Fine&Frag Mint Violet" | product_type: "Beauty Accessories"
[2026-04-29T22:25:42.142Z]   [SKIPPED - not supplement] "Elizabeth Arden Green Tea Cherry Blossom Fragrance Mist 236ml" | product_type: "Beauty Accessories"
[2026-04-29T22:25:42.144Z]   [SKIPPED - not supplement] "Kim Kardashian Pure Honey EDP 100ml for Women" | product_type: "Beauty Accessories"
[2026-04-29T22:25:42.653Z]   Page 21...
[2026-04-29T22:25:43.302Z]   [SKIPPED - not supplement] "Elizabeth Arden Green Tea Cherry Blossom EDT Spray 100ml" | product_type: "Beauty Accessories"
[2026-04-29T22:25:43.303Z]   [SKIPPED - not supplement] "SWISSPERS Make-Up Pads Large 50's" | product_type: "Beauty Accessories"
[2026-04-29T22:25:43.303Z]   [SKIPPED - not supplement] "SWISSPERS Organic Cotton Pads 70's" | product_type: "Beauty Accessories"
[2026-04-29T22:25:43.304Z]   [SKIPPED - not supplement] "Juicy Couture EDP Spray 50ml" | product_type: "Beauty Accessories"
[2026-04-29T22:25:43.304Z]   [SKIPPED - not supplement] "Tender Love + Carry Black PU -  Clear Top Vanity" | product_type: "Beauty Accessories"
[2026-04-29T22:25:43.305Z]   [SKIPPED - not supplement] "Tender Love + Carry Brush Backcombing and Smoothing" | product_type: "Beauty Accessories"
[2026-04-29T22:25:43.305Z]   [SKIPPED - not supplement] "Simply Essential Quick Dry Hair Turban Moss" | product_type: "Beauty Accessories"
[2026-04-29T22:25:43.305Z]   [SKIPPED - not supplement] "Tender Love + Carry Beige Brown Safari - Holdall" | product_type: "Beauty Accessories"
[2026-04-29T22:25:43.305Z]   [SKIPPED - not supplement] "Tender Love + Carry Beige Brown Safari - Hanging Washbag" | product_type: "Beauty Accessories"
[2026-04-29T22:25:43.306Z]   [SKIPPED - not supplement] "Tender Love + Carry Mini Floral - Basic Pouch" | product_type: "Beauty Accessories"
[2026-04-29T22:25:43.306Z]   [SKIPPED - not supplement] "Mae Alligator Clips Pink (4)" | product_type: "Beauty Accessories"
[2026-04-29T22:25:43.306Z]   [SKIPPED - not supplement] "Tender Love + Carry Tan Leopard - 4pc Set" | product_type: "Beauty Accessories"
[2026-04-29T22:25:43.306Z]   [SKIPPED - not supplement] "Tender Love + Carry Beige Brown Safari  - Parcel" | product_type: "Beauty Accessories"
[2026-04-29T22:25:43.307Z]   [SKIPPED - not supplement] "Tender Love + Carry Tough Washbag with Handle - Stone" | product_type: "Beauty Accessories"
[2026-04-29T22:25:43.307Z]   [SKIPPED - not supplement] "Simply Essential Quick Dry Hair Turban Sky" | product_type: "Beauty Accessories"
[2026-04-29T22:25:43.307Z]   [SKIPPED - not supplement] "Tender Love + Carry Mauve Mini Floral - Double Zip Utility" | product_type: "Beauty Accessories"
[2026-04-29T22:25:43.308Z]   [SKIPPED - not supplement] "Juliette Has a Gun Romantina EDP 100ml" | product_type: "Beauty Accessories"
[2026-04-29T22:25:43.308Z]   [SKIPPED - not supplement] "DIPTYQUE Eau Capitale U EDP 75ml" | product_type: "Beauty Accessories"
[2026-04-29T22:25:43.308Z]   [SKIPPED - not supplement] "BYREDO Safran Fragranced Candle 240g" | product_type: "Beauty Accessories"
[2026-04-29T22:25:43.309Z]   [SKIPPED - not supplement] "LE LABO Rose 31 EDP 100ml" | product_type: "Beauty Accessories"
[2026-04-29T22:25:43.309Z]   [SKIPPED - not supplement] "Lancome La vie est Belle Intensement L'EDP 100ml" | product_type: "Beauty Accessories"
[2026-04-29T22:25:43.310Z]   [SKIPPED - not supplement] "Juliette Has a Gun Lady Vengeance EDP 50ml" | product_type: "Beauty Accessories"
[2026-04-29T22:25:43.310Z]   [SKIPPED - not supplement] "Juliette Has a Gun Anyway EDP 100ml" | product_type: "Beauty Accessories"
[2026-04-29T22:25:43.310Z]   [SKIPPED - not supplement] "Mugler Alien Goddess Supra Florale EDP 60ml" | product_type: "Beauty Accessories"
[2026-04-29T22:25:43.311Z]   [SKIPPED - not supplement] "Maison Margiela Replica Lazy Sunday Morning EDT 100ml" | product_type: "Beauty Accessories"
[2026-04-29T22:25:43.311Z]   [SKIPPED - not supplement] "Mugler Alien Goddess Supra Florale EDP 90ml" | product_type: "Beauty Accessories"
[2026-04-29T22:25:43.312Z]   [SKIPPED - not supplement] "Vilhelm Parfumerie Smoke Show EDP 100ml" | product_type: "Beauty Accessories"
[2026-04-29T22:25:43.312Z]   [SKIPPED - not supplement] "CHLOE Naturelle W EDP 100ml" | product_type: "Beauty Accessories"
[2026-04-29T22:25:43.312Z]   [SKIPPED - not supplement] "Maison Crivelli Lys Solaberg EDP 100ml" | product_type: "Beauty Accessories"
[2026-04-29T22:25:43.313Z]   [SKIPPED - not supplement] "BYREDO Accord Oud EDP 50ml" | product_type: "Beauty Accessories"
[2026-04-29T22:25:43.313Z]   [SKIPPED - not supplement] "BYREDO Black Saffron EDP 50ml" | product_type: "Beauty Accessories"
[2026-04-29T22:25:43.314Z]   [SKIPPED - not supplement] "Maison Margiela Replica Jazz Club EDT 30ml" | product_type: "Beauty Accessories"
[2026-04-29T22:25:43.314Z]   [SKIPPED - not supplement] "BYREDO Mumbai Noise EDP 50ml" | product_type: "Beauty Accessories"
[2026-04-29T22:25:43.315Z]   [SKIPPED - not supplement] "Maison Margiela Replica By The Fireplace EDT 100ml" | product_type: "Beauty Accessories"
[2026-04-29T22:25:43.315Z]   [SKIPPED - not supplement] "Viktor & Rolf Flowerbomb Ruby Orchid W EDP 100ml" | product_type: "Beauty Accessories"
[2026-04-29T22:25:43.315Z]   [SKIPPED - not supplement] "Mugler Angel Elixir W EDP Refillable 100ml" | product_type: "Beauty Accessories"
[2026-04-29T22:25:43.316Z]   [SKIPPED - not supplement] "Jean Paul Gaultier Scandal Gold EDP 80ml" | product_type: "Beauty Accessories"
[2026-04-29T22:25:43.316Z]   [SKIPPED - not supplement] "TOM FORD F....G Fabulous EDP 100ml" | product_type: "Beauty Accessories"
[2026-04-29T22:25:43.316Z]   [SKIPPED - not supplement] "TOM FORD Black Orchid W EDP 50ml" | product_type: "Beauty Accessories"
[2026-04-29T22:25:43.317Z]   [SKIPPED - not supplement] "CHLOE Nomade EDT 75ml" | product_type: "Beauty Accessories"
[2026-04-29T22:25:43.317Z]   [SKIPPED - not supplement] "Juliette Has a Gun Lady Vengeance EDP 100ml" | product_type: "Beauty Accessories"
[2026-04-29T22:25:43.318Z]   [SKIPPED - not supplement] "Maison Crivelli Bois Datchai EDP 100ml" | product_type: "Beauty Accessories"
[2026-04-29T22:25:43.318Z]   [SKIPPED - not supplement] "Maison Crivelli Absinthe Boreale EDP 100ml" | product_type: "Beauty Accessories"
[2026-04-29T22:25:43.318Z]   [SKIPPED - not supplement] "Juliette Has a Gun Midnight Oud EDP 100ml" | product_type: "Beauty Accessories"
[2026-04-29T22:25:43.318Z]   [SKIPPED - not supplement] "Maison Francis Kurkdjian Paris Baccarat Rouge 540 Extrait De Parfum 200ml" | product_type: "Beauty Accessories"
[2026-04-29T22:25:43.319Z]   [SKIPPED - not supplement] "VALENTINO Voce Viva Intensa W EDP 100ml" | product_type: "Beauty Accessories"
[2026-04-29T22:25:43.319Z]   [SKIPPED - not supplement] "Mugler Angel Elixir EDP 50ml" | product_type: "Beauty Accessories"
[2026-04-29T22:25:43.319Z]   [SKIPPED - not supplement] "TOM FORD Lost Cherry EDP 100ml" | product_type: "Beauty Accessories"
[2026-04-29T22:25:43.319Z]   [SKIPPED - not supplement] "Juliette Has a Gun Gentlewoman EDP 50ml" | product_type: "Beauty Accessories"
[2026-04-29T22:25:43.320Z]   [SKIPPED - not supplement] "BYREDO Eyes Closed EDP 50ml" | product_type: "Beauty Accessories"
[2026-04-29T22:25:43.320Z]   [SKIPPED - not supplement] "TOM FORD Rose De Chine EDP 50ml" | product_type: "Beauty Accessories"
[2026-04-29T22:25:43.320Z]   [SKIPPED - not supplement] "Juliette Has a Gun Another Oud EDP 100ml" | product_type: "Beauty Accessories"
[2026-04-29T22:25:43.320Z]   [SKIPPED - not supplement] "GUERLAIN La Petite Robe Noire EDT 100ml 2pc Set" | product_type: "Beauty Accessories"
[2026-04-29T22:25:43.321Z]   [SKIPPED - not supplement] "Jessica Simpson Fancy Forever W EDP 100ml" | product_type: "Beauty Accessories"
[2026-04-29T22:25:43.321Z]   [SKIPPED - not supplement] "TOM FORD Myrrhe Mystere EDP 50ml" | product_type: "Beauty Accessories"
[2026-04-29T22:25:43.321Z]   [SKIPPED - not supplement] "Maison Margiela Replica When the Rain Stops EDT 100ml" | product_type: "Beauty Accessories"
[2026-04-29T22:25:43.322Z]   [SKIPPED - not supplement] "Juliette Has a Gun Romantina EDP 50ml" | product_type: "Beauty Accessories"
[2026-04-29T22:25:43.322Z]   [SKIPPED - not supplement] "Maison Crivelli Fleur Diamantine EDP 100ml" | product_type: "Beauty Accessories"
[2026-04-29T22:25:43.322Z]   [SKIPPED - not supplement] "Maison Margiela Replica Jazz Club EDT 100ml" | product_type: "Beauty Accessories"
[2026-04-29T22:25:43.323Z]   [SKIPPED - not supplement] "TOM FORD Soleil De Feu W Edp 50ml" | product_type: "Beauty Accessories"
[2026-04-29T22:25:43.323Z]   [SKIPPED - not supplement] "CHLOE Nomade Naturelle EDP 75ml" | product_type: "Beauty Accessories"
[2026-04-29T22:25:43.324Z]   [SKIPPED - not supplement] "GUCCI Guilty Absolute Pour Femme EDP 90ml" | product_type: "Beauty Accessories"
[2026-04-29T22:25:43.324Z]   [SKIPPED - not supplement] "GUCCI Guilty Revolution Pour Femme EDP 90ml" | product_type: "Beauty Accessories"
[2026-04-29T22:25:43.325Z]   [SKIPPED - not supplement] "BURBERRY Hero EDT 100ml" | product_type: "Beauty Accessories"
[2026-04-29T22:25:43.325Z]   [SKIPPED - not supplement] "Calvin Klein Defy EDP 100ml" | product_type: "Beauty Accessories"
[2026-04-29T22:25:43.325Z]   [SKIPPED - not supplement] "Gucci Bloom Intense EDP 30ml" | product_type: "Beauty Accessories"
[2026-04-29T22:25:43.325Z]   [SKIPPED - not supplement] "Calvin Klein Everyone EDP 100ml" | product_type: "Beauty Accessories"
[2026-04-29T22:25:43.326Z]   [SKIPPED - not supplement] "DB Fragrance Senorita 100ml" | product_type: "Beauty Accessories"
[2026-04-29T22:25:43.326Z]   [SKIPPED - not supplement] "COACH Floral Blush EDP 90ml" | product_type: "Beauty Accessories"
[2026-04-29T22:25:43.326Z]   [SKIPPED - not supplement] "DEPEND PT Nail Care Ridgefiller strengthener" | product_type: "Cosmetics"
[2026-04-29T22:25:43.327Z]   [SKIPPED - not supplement] "VALENTINO Voce Viva EDP 50ml" | product_type: "Beauty Accessories"
[2026-04-29T22:25:43.327Z]   [SKIPPED - not supplement] "Gucci Guilty Pour Homme Parfum 50ml" | product_type: "Beauty Accessories"
[2026-04-29T22:25:43.328Z]   [SKIPPED - not supplement] "VALENTINO Donna Born in Roma Yellow Dream EDP 100ml" | product_type: "Beauty Accessories"
[2026-04-29T22:25:43.329Z]   [SKIPPED - not supplement] "Dear Body Mist Life is Pink 250ml" | product_type: "Beauty Accessories"
[2026-04-29T22:25:43.329Z]   [SKIPPED - not supplement] "Electric Perm Eyelash Curler" | product_type: "Beauty Accessories"
[2026-04-29T22:25:43.330Z]   [SKIPPED - not supplement] "Dear Body Always Yours Body Mist 250ml" | product_type: "Beauty Accessories"
[2026-04-29T22:25:43.330Z]   [SKIPPED - not supplement] "VALENTINO Voce Viva EDP 100ml" | product_type: "Beauty Accessories"
[2026-04-29T22:25:43.331Z]   [SKIPPED - not supplement] "DEPEND PT Nail care Kickstart" | product_type: "Cosmetics"
[2026-04-29T22:25:43.331Z]   [SKIPPED - not supplement] "DB Fragrance Velvet Blue" | product_type: "Beauty Accessories"
[2026-04-29T22:25:43.331Z]   [SKIPPED - not supplement] "Chloe Nomade Naturelle EDP 30ml" | product_type: "Beauty Accessories"
[2026-04-29T22:25:43.332Z]   [SKIPPED - not supplement] "DB Fragrance In Bloom" | product_type: "Beauty Accessories"
[2026-04-29T22:25:43.332Z]   [SKIPPED - not supplement] "CHLOE Naturelle EDP 30ml" | product_type: "Beauty Accessories"
[2026-04-29T22:25:43.332Z]   [SKIPPED - not supplement] "Givenchy Extravaganza D'Amarige EDT 100ml" | product_type: "Beauty Accessories"
[2026-04-29T22:25:43.333Z]   [SKIPPED - not supplement] "ARMANI Code Women EDP 75ml" | product_type: "Beauty Accessories"
[2026-04-29T22:25:43.333Z]   [SKIPPED - not supplement] "VALENTINO VALENTINO DONNA (W) EDP 100 ml FR" | product_type: "Beauty Accessories"
[2026-04-29T22:25:43.333Z]   [SKIPPED - not supplement] "NATIO Base and Buff Foundation Brush" | product_type: "Beauty Accessories"
[2026-04-29T22:25:43.334Z]   [SKIPPED - not supplement] "Versace Woman EDP 100ml" | product_type: "Beauty Accessories"
[2026-04-29T22:25:43.334Z]   [SKIPPED - not supplement] "DEPEND PT Nail Care Top Coat Trio" | product_type: "Cosmetics"
[2026-04-29T22:25:43.335Z]   [SKIPPED - not supplement] "Gucci Bloom Profumo Di Fiori EDP 100ml" | product_type: "Beauty Accessories"
[2026-04-29T22:25:43.335Z]   [SKIPPED - not supplement] "COACH Floral EDP 90ml" | product_type: "Beauty Accessories"
[2026-04-29T22:25:43.336Z]   [SKIPPED - not supplement] "Electronic Pedicure Tool" | product_type: "Beauty Accessories"
[2026-04-29T22:25:43.336Z]   [SKIPPED - not supplement] "Dear Body Always Yours Body Mist 75ml" | product_type: "Beauty Accessories"
[2026-04-29T22:25:43.336Z]   [SKIPPED - not supplement] "DB Fragrance EDT Modern Lady 100ml" | product_type: "Beauty Accessories"
[2026-04-29T22:25:43.337Z]   [SKIPPED - not supplement] "DB Fragrance My Paris 100ml" | product_type: "Beauty Accessories"
[2026-04-29T22:25:43.337Z]   [SKIPPED - not supplement] "Elie Saab Elixir EDP 50ml" | product_type: "Beauty Accessories"
[2026-04-29T22:25:43.338Z]   [SKIPPED - not supplement] "Hawaiian Tropic Golden Paradise Shimmer Edition Body Mist 250ml" | product_type: "Beauty Accessories"
[2026-04-29T22:25:43.338Z]   [SKIPPED - not supplement] "CHLOE Rose Tangerine EDT 50ml" | product_type: "Beauty Accessories"
[2026-04-29T22:25:43.339Z]   [SKIPPED - not supplement] "DB Fragrance Chic Mademoiselle 100ml" | product_type: "Beauty Accessories"
[2026-04-29T22:25:43.339Z]   [SKIPPED - not supplement] "DEPEND PT Nail Care French Manicure Kit" | product_type: "Cosmetics"
[2026-04-29T22:25:43.340Z]   [SKIPPED - not supplement] "Dear Body Mist Relaxing Violet 250ml" | product_type: "Beauty Accessories"
[2026-04-29T22:25:43.340Z]   [SKIPPED - not supplement] "GUCCI Guilty Man EDT 90ml" | product_type: "Beauty Accessories"
[2026-04-29T22:25:43.340Z]   [SKIPPED - not supplement] "VALENTINO Voce Viva EDP 30ml" | product_type: "Beauty Accessories"
[2026-04-29T22:25:43.340Z]   [SKIPPED - not supplement] "Mugler Alien EDP (Refillable) 30ml" | product_type: "Beauty Accessories"
[2026-04-29T22:25:43.850Z]   Page 22...
[2026-04-29T22:25:44.529Z]   [SKIPPED - not supplement] "DEPEND PT Nail Care Powerflex Strengthener" | product_type: "Cosmetics"
[2026-04-29T22:25:44.530Z]   [SKIPPED - not supplement] "DEPEND PT Nail Care Peeling Pen" | product_type: "Cosmetics"
[2026-04-29T22:25:44.530Z]   [SKIPPED - not supplement] "Viktor & Rolf Flowerbomb Ruby Orchid EDP 50ml" | product_type: "Beauty Accessories"
[2026-04-29T22:25:44.530Z]   [SKIPPED - not supplement] "COACH Platinum EDP 100ml" | product_type: "Beauty Accessories"
[2026-04-29T22:25:44.531Z]   [SKIPPED - not supplement] "Gucci Flora Gorgeous Magnolia EDP 100ml" | product_type: "Beauty Accessories"
[2026-04-29T22:25:44.531Z]   [SKIPPED - not supplement] "CHLOE Nomade Naturelle EDP 50ml" | product_type: "Beauty Accessories"
[2026-04-29T22:25:44.532Z]   [SKIPPED - not supplement] "AVENT Natural Response Bottle Air Free Vent 125x2pk" | product_type: "Baby"
[2026-04-29T22:25:44.532Z]   [SKIPPED - not supplement] "Calvin Klein Defy EDT 50ml" | product_type: "Beauty Accessories"
[2026-04-29T22:25:44.533Z]   [SKIPPED - not supplement] "GUCCI Gorgeous Gardenia EDP 50ml" | product_type: "Beauty Accessories"
[2026-04-29T22:25:44.533Z]   [SKIPPED - not supplement] "Versace Red Jeans EDT 75ml" | product_type: "Personal Care"
[2026-04-29T22:25:44.533Z]   [SKIPPED - not supplement] "CHLOE Nomade EDT 50ml" | product_type: "Beauty Accessories"
[2026-04-29T22:25:44.534Z]   [SKIPPED - not supplement] "DEPEND PT Nail Care Cuticle Cream" | product_type: "Cosmetics"
[2026-04-29T22:25:44.534Z]   [SKIPPED - not supplement] "REAL Techniques Glow Round Base Brush" | product_type: "Beauty Accessories"
[2026-04-29T22:25:44.534Z]   [SKIPPED - not supplement] "VALENTINO Uomo EDT 50ml" | product_type: "Beauty Accessories"
[2026-04-29T22:25:44.535Z]   [SKIPPED - not supplement] "Viktor & Rolf Flowerbomb Dew EDP 100ml" | product_type: "Beauty Accessories"
[2026-04-29T22:25:44.535Z]   [SKIPPED - not supplement] "Viktor & Rolf Flowerbomb Dew EDP 50ml" | product_type: "Beauty Accessories"
[2026-04-29T22:25:44.535Z]   [SKIPPED - not supplement] "MARC Jacobs Daisy Love EDT 100ml" | product_type: "Beauty Accessories"
[2026-04-29T22:25:44.536Z]   [SKIPPED - not supplement] "Lancome Miracle EDP 30ml" | product_type: "Beauty Accessories"
[2026-04-29T22:25:44.536Z]   [SKIPPED - not supplement] "Philips Avent Natural Response Teat 9m+ Flow 6 2pk" | product_type: "Baby"
[2026-04-29T22:25:44.536Z]   [SKIPPED - not supplement] "Gucci Guilty Pour Femme EDT 90ml" | product_type: "Beauty Accessories"
[2026-04-29T22:25:44.537Z]   [SKIPPED - not supplement] "DB Fragrance Narcisse For Her" | product_type: "Beauty Accessories"
[2026-04-29T22:25:44.537Z]   [SKIPPED - not supplement] "CHLOE Nomade EDP 50ml" | product_type: "Beauty Accessories"
[2026-04-29T22:25:44.538Z]   [SKIPPED - not supplement] "Ruby Face Make Up Blender Sponge 4pk" | product_type: "Cosmetics"
[2026-04-29T22:25:44.538Z]   [SKIPPED - not supplement] "REAL Techniques Power Pigment Blush Brush" | product_type: "Beauty Accessories"
[2026-04-29T22:25:44.538Z]   [SKIPPED - not supplement] "Calvin Klein Defy EDT 100ml" | product_type: "Beauty Accessories"
[2026-04-29T22:25:44.539Z]   [SKIPPED - not supplement] "GUCCI Guilty Absolute Pour Femme EDP 50ml" | product_type: "Beauty Accessories"
[2026-04-29T22:25:44.539Z]   [SKIPPED - not supplement] "REAL Techniques Miracle 2in1 Powder Puff Duo" | product_type: "Beauty Accessories"
[2026-04-29T22:25:44.539Z]   [SKIPPED - not supplement] "Mugler Alien EDP (Refillable) 90ml" | product_type: "Beauty Accessories"
[2026-04-29T22:25:44.540Z]   [SKIPPED - not supplement] "Jean Paul Gaultier Scandal Le Parfum EDP 50ml" | product_type: "Beauty Accessories"
[2026-04-29T22:25:44.540Z]   [SKIPPED - not supplement] "Real Techniques Bubble Blending Brush" | product_type: "Beauty Accessories"
[2026-04-29T22:25:44.541Z]   [SKIPPED - not supplement] "Giorgio Beverly Hills G EDP 90ml" | product_type: "Beauty Accessories"
[2026-04-29T22:25:44.541Z]   [SKIPPED - not supplement] "Salon Nails Set" | product_type: "Cosmetics"
[2026-04-29T22:25:44.542Z]   [SKIPPED - not supplement] "GUESS Uomo EDT 100ml" | product_type: "Beauty Accessories"
[2026-04-29T22:25:44.542Z]   [SKIPPED - not supplement] "Dear Body Mist Crazy Passion 250ml" | product_type: "Beauty Accessories"
[2026-04-29T22:25:44.542Z]   [SKIPPED - not supplement] "DB Fragrance EDT 100ml Hercules" | product_type: "Beauty Accessories"
[2026-04-29T22:25:44.543Z]   [SKIPPED - not supplement] "CHLOE Nomade EDP 30ml" | product_type: "Beauty Accessories"
[2026-04-29T22:25:44.543Z]   [SKIPPED - not supplement] "VALENTINO Voce Viva Intensa EDP 50ml" | product_type: "Beauty Accessories"
[2026-04-29T22:25:44.544Z]   [SKIPPED - not supplement] "Revlon Charlie White EDT 100ml" | product_type: "Beauty Accessories"
[2026-04-29T22:25:44.544Z]   [SKIPPED - not supplement] "COACH Dreams Sunset EDP 90ml" | product_type: "Beauty Accessories"
[2026-04-29T22:25:44.545Z]   [SKIPPED - not supplement] "ARMANI Code Reno EDT 75ml" | product_type: "Beauty Accessories"
[2026-04-29T22:25:44.545Z]   [SKIPPED - not supplement] "POLO Red EDP 75ml" | product_type: "Beauty Accessories"
[2026-04-29T22:25:44.546Z]   [SKIPPED - not supplement] "Hawaiian Tropic Aloha Coco Shimmer Edition Body Mist 250ml" | product_type: "Beauty Accessories"
[2026-04-29T22:25:44.546Z]   [SKIPPED - not supplement] "DB Fragrance Nice Girl Femme 100ml" | product_type: "Beauty Accessories"
[2026-04-29T22:25:44.547Z]   [SKIPPED - not supplement] "Hawaiian Tropic Summer Dreams Body Mist 250ml" | product_type: "Beauty Accessories"
[2026-04-29T22:25:44.547Z]   [SKIPPED - not supplement] "Christina Aguilera Glam X EDP 30ml" | product_type: "Beauty Accessories"
[2026-04-29T22:25:44.548Z]   [SKIPPED - not supplement] "KATY Perry Indi EDP 100ml" | product_type: "Beauty Accessories"
[2026-04-29T22:25:44.548Z]   [SKIPPED - not supplement] "Viktor & Rolf Bonbon EDP Spray 50ml" | product_type: "Beauty Accessories"
[2026-04-29T22:25:44.548Z]   [SKIPPED - not supplement] "DEPEND PT Nail Care Multilac 3-in-1" | product_type: "Cosmetics"
[2026-04-29T22:25:44.549Z]   [SKIPPED - not supplement] "Lancome Miracle Eau De Parfum 50ml" | product_type: "Beauty Accessories"
[2026-04-29T22:25:44.549Z]   [SKIPPED - not supplement] "Jean Paul Gaultier Scandal Le Parfum EDP 80ml" | product_type: "Beauty Accessories"
[2026-04-29T22:25:44.551Z]   [SKIPPED - no category] "Childs Farm Lavender & Moon Milk Calming Massage Lotion 150ml" | product_type: "Baby" | tags: childs-farm|baby-care|calming-lotion|massage-lotion|lavender|moon-milk|skincare|nighttime-routine,coll_PriceSmash
[2026-04-29T22:25:44.551Z]   [SKIPPED - not supplement] "CHLOE Naturelle EDP 50ml" | product_type: "Beauty Accessories"
[2026-04-29T22:25:44.552Z]   [SKIPPED - not supplement] "REAL Techniques Snatch + Sculpting Contour Brush" | product_type: "Beauty Accessories"
[2026-04-29T22:25:44.553Z]   [SKIPPED - not supplement] "Mugler Angel EDP 100ml" | product_type: "Beauty Accessories"
[2026-04-29T22:25:44.553Z]   [SKIPPED - not supplement] "VIKTOR & ROLF SPICEBOMB POUR HOMME (M) EDT 90 ml FR" | product_type: "Beauty Accessories"
[2026-04-29T22:25:44.554Z]   [SKIPPED - not supplement] "CHLOE Nomade EDT 30ml" | product_type: "Beauty Accessories"
[2026-04-29T22:25:44.554Z]   [SKIPPED - not supplement] "Lancome Tresor Eau De Parfum Vapo 30ml" | product_type: "Beauty Accessories"
[2026-04-29T22:25:44.555Z]   [SKIPPED - not supplement] "DEPEND PT Nail Care Grip & Protect base coat" | product_type: "Cosmetics"
[2026-04-29T22:25:44.555Z]   [SKIPPED - not supplement] "Lancome Miracle EDP 100ml" | product_type: "Beauty Accessories"
[2026-04-29T22:25:44.555Z]   [SKIPPED - not supplement] "DB Fragrance Santorini Blu for Men 100ml" | product_type: "Beauty Accessories"
[2026-04-29T22:25:44.556Z]   [SKIPPED - not supplement] "REAL Techniques Miracle 2in1 Powder Puff + T/C+Mir" | product_type: "Beauty Accessories"
[2026-04-29T22:25:44.556Z]   [SKIPPED - not supplement] "Jean Paul Gaultier Scandal Le Parfum EDP 30ml" | product_type: "Beauty Accessories"
[2026-04-29T22:25:44.556Z]   [SKIPPED - not supplement] "Kenzo Flower by Kenzo L'Absolue EDP 50ml" | product_type: "Beauty Accessories"
[2026-04-29T22:25:44.557Z]   [SKIPPED - not supplement] "Jean Paul Gaultier So Scandal EDP 80ml" | product_type: "Beauty Accessories"
[2026-04-29T22:25:44.558Z]   [SKIPPED - not supplement] "Dear Body Rocking Fantasy Body Mist 30ml" | product_type: "Beauty Accessories"
[2026-04-29T22:25:44.558Z]   [SKIPPED - not supplement] "Dear Body Always Yours Body Mist 30ml" | product_type: "Beauty Accessories"
[2026-04-29T22:25:45.062Z]   Page 23...
[2026-04-29T22:25:45.791Z]   [SKIPPED - not supplement] "MCoBeauty Everyday Precision Tweezers" | product_type: "Beauty Accessories"
[2026-04-29T22:25:45.792Z]   [SKIPPED - not supplement] "MCoBeauty Comb Eyelash Curler" | product_type: "Beauty Accessories"
[2026-04-29T22:25:45.793Z]   [SKIPPED - not supplement] "Philips Avent Natural Response Trainer Cup 6m+ 125ml" | product_type: "Baby"
[2026-04-29T22:25:45.796Z]   [SKIPPED - not supplement] "PERSIL 3 in1 Bio Washing Capsules 26pk" | product_type: "Household"
[2026-04-29T22:25:45.797Z]   [SKIPPED - not supplement] "Lancôme La Vie Est Belle Eau De Parfum 100mL" | product_type: "Beauty Accessories"
[2026-04-29T22:25:45.798Z]   [SKIPPED - not supplement] "Simply Essential Cosmetic Headband Bubble Grey" | product_type: "Beauty Accessories"
[2026-04-29T22:25:45.800Z]   [SKIPPED - not supplement] "MUSASHI Shred&Burn Chocolate Milkshake 340g" | product_type: "Health & Wellbeing"
[2026-04-29T22:25:45.803Z]   [SKIPPED - not supplement] "Ariana Grande ThankU Next Body Mist 236ml" | product_type: "Beauty Accessories"
[2026-04-29T22:25:45.805Z]   [SKIPPED - no category] "Viva la Vulva Perineal Massage Oil 30ml" | product_type: "Baby" | tags: BRAND=Viva la Vulva,enable-bis,MCAT=Children Babies & Mum,On Promotion
[2026-04-29T22:25:46.308Z]   Page 24...
[2026-04-29T22:25:47.068Z]   [SKIPPED - not supplement] "GIVENCHY Organza EDP Spray 100ml" | product_type: "Beauty Accessories"
[2026-04-29T22:25:47.069Z]   [SKIPPED - not supplement] "Mae Creaseless Styling Clips Gold" | product_type: "Beauty Accessories"
[2026-04-29T22:25:47.069Z]   [SKIPPED - not supplement] "Mae Creaseless Styling Clips Rhinestone" | product_type: "Beauty Accessories"
[2026-04-29T22:25:47.070Z]   [SKIPPED - not supplement] "Philips Avent Soother Ultra Air Deco 18m 2pk" | product_type: "Baby"
[2026-04-29T22:25:47.071Z]   [SKIPPED - not supplement] "Philips Avent Soother Ultra Air Deco 0-6m 2pk" | product_type: "Baby"
[2026-04-29T22:25:47.071Z]   [SKIPPED - not supplement] "Philips Avent Soother Ultra Air Deco 6-18m 2pk" | product_type: "Baby"
[2026-04-29T22:25:47.071Z]   [SKIPPED - not supplement] "Philips Avent Soother Ultra Air Night 6-18m 2pk" | product_type: "Baby"
[2026-04-29T22:25:47.072Z]   [SKIPPED - not supplement] "Philips Avent Soother Ultra Air Night 0-6m 2pk" | product_type: "Baby"
[2026-04-29T22:25:47.072Z]   [SKIPPED - not supplement] "ISSEY Super Majeure d'Issey EDT 50ml" | product_type: "Beauty Accessories"
[2026-04-29T22:25:47.073Z]   [SKIPPED - not supplement] "At Home Wash Laundry Sheets White 16pc" | product_type: "Household"
[2026-04-29T22:25:47.074Z]   [SKIPPED - not supplement] "Ariana Grande Sweet Like Candy EDP 30ml for Women" | product_type: "Beauty Accessories"
[2026-04-29T22:25:47.074Z]   [SKIPPED - not supplement] "Burberry Brit for Women Eau de Parfum 100ml" | product_type: "Beauty Accessories"
[2026-04-29T22:25:47.075Z]   [SKIPPED - not supplement] "Optifast Very Low Calorie Diet Dessert Lemon 8 x 53 g" | product_type: "Health & Wellbeing"
[2026-04-29T22:25:47.078Z]   [SKIPPED - no category] "MUSTELA Baby Massage Oil 100ml" | product_type: "Baby" | tags: coll_PriceSmash,enable-bis,may-2026-promo,MCAT=Children Babies & Mum,On Promotion
[2026-04-29T22:25:47.079Z]   [SKIPPED - not supplement] "Euky Bear Sweet Dreams Portable Baby Sleep Aid" | product_type: "Baby"
[2026-04-29T22:25:47.081Z]   [SKIPPED - not supplement] "Natio Angled Teardrop Blending Sponge" | product_type: "Beauty Accessories"
[2026-04-29T22:25:47.082Z]   [SKIPPED - not supplement] "Philips Avent Natural Response 260ml Bottle - 2pk" | product_type: "Baby"
[2026-04-29T22:25:47.083Z]   [SKIPPED - no category] "PlusOne Mini Massager" | product_type: "Health & Wellbeing" | tags: adult toys,BRAND=Plus One,CAT=Sexual Health & Family Planning,enable-bis,MCAT=Body & Personal Care
[2026-04-29T22:25:47.083Z]   [SKIPPED - no category] "PlusOne Dual Vibrating Massager" | product_type: "Health & Wellbeing" | tags: adult toys,BRAND=Plus One,CAT=Sexual Health & Family Planning,enable-bis,MCAT=Body & Personal Care
[2026-04-29T22:25:47.083Z]   [SKIPPED - no category] "PlusOne G Spot Massager" | product_type: "Health & Wellbeing" | tags: adult toys,BRAND=Plus One,CAT=Sexual Health & Family Planning,enable-bis,MCAT=Body & Personal Care
[2026-04-29T22:25:47.084Z]   [SKIPPED - no category] "PlusOne Personal Massager" | product_type: "Health & Wellbeing" | tags: adult toys,BRAND=Plus One,CAT=Sexual Health & Family Planning,enable-bis,MCAT=Body & Personal Care
[2026-04-29T22:25:47.084Z]   [SKIPPED - not supplement] "Philips Avent Natural Response 125ml Bottle - 2pk" | product_type: "Baby"
[2026-04-29T22:25:47.085Z]   [SKIPPED - not supplement] "Philips Avent Natural Response 240 mL Glass Bottle" | product_type: "Baby"
[2026-04-29T22:25:47.085Z]   [SKIPPED - not supplement] "Philips Avent Natural Response 330ml Bottle - 2pk" | product_type: "Baby"
[2026-04-29T22:25:47.085Z]   [SKIPPED - not supplement] "Philips Avent Natural Response 330ml Bottle" | product_type: "Baby"
[2026-04-29T22:25:47.592Z]   Page 25...
[2026-04-29T22:25:48.323Z]   [SKIPPED - not supplement] "Lady Jayne SalonPro Rechargeable Straight Brush" | product_type: "Beauty Accessories"
[2026-04-29T22:25:48.325Z]   [SKIPPED - not supplement] "Ruby Face Eyelash Curler" | product_type: "Beauty Accessories"
[2026-04-29T22:25:48.326Z]   [SKIPPED - not supplement] "HB&Co Hairbrush Detangler" | product_type: "Beauty Accessories"
[2026-04-29T22:25:48.326Z]   [SKIPPED - not supplement] "Rosanna Earrings Silver Star Burst" | product_type: "Beauty Accessories"
[2026-04-29T22:25:48.326Z]   [SKIPPED - not supplement] "Ruby Face Wash Brush & Headband Set" | product_type: "Beauty Accessories"
[2026-04-29T22:25:48.326Z]   [SKIPPED - not supplement] "HB&Co Hairbrush Flex Cat Paddle Assorted Colour" | product_type: "Beauty Accessories"
[2026-04-29T22:25:48.327Z]   [SKIPPED - not supplement] "Rosanna Earrings Stunning Diamante stud" | product_type: "Beauty Accessories"
[2026-04-29T22:25:48.327Z]   [SKIPPED - not supplement] "Rosanna Earrings Celtic Pearl/Gold" | product_type: "Beauty Accessories"
[2026-04-29T22:25:48.327Z]   [SKIPPED - not supplement] "Ruby Face Makeup Sponge Set" | product_type: "Cosmetics"
[2026-04-29T22:25:48.328Z]   [SKIPPED - not supplement] "Ruby Face Makeup Pads 2 Pack" | product_type: "Beauty Accessories"
[2026-04-29T22:25:48.328Z]   [SKIPPED - not supplement] "Ruby Face 4 Pack Makeup Sponge" | product_type: "Cosmetics"
[2026-04-29T22:25:48.328Z]   [SKIPPED - not supplement] "Ruby Face Cosmetic Brush Assorted" | product_type: "Beauty Accessories"
[2026-04-29T22:25:48.329Z]   [SKIPPED - not supplement] "Rosanna Earrings Fashion Heart Studs" | product_type: "Beauty Accessories"
[2026-04-29T22:25:48.329Z]   [SKIPPED - not supplement] "Rosanna Earrings Beautiful Butterfly" | product_type: "Beauty Accessories"
[2026-04-29T22:25:48.329Z]   [SKIPPED - not supplement] "Ruby Face Cosmetic Brushes Assorted Styles" | product_type: "Beauty Accessories"
[2026-04-29T22:25:48.330Z]   [SKIPPED - not supplement] "Ruby Face Spa Headband" | product_type: "Beauty Accessories"
[2026-04-29T22:25:48.330Z]   [SKIPPED - not supplement] "Rosanna Earrings Pearl Flower" | product_type: "Beauty Accessories"
[2026-04-29T22:25:48.330Z]   [SKIPPED - not supplement] "Ruby Face Beauty Tools Manicure Set" | product_type: "Beauty Accessories"
[2026-04-29T22:25:48.330Z]   [SKIPPED - not supplement] "Ruby Face 3 in 1 Beauty Set Assorted Color" | product_type: "Beauty Accessories"
[2026-04-29T22:25:48.331Z]   [SKIPPED - not supplement] "Rosanna Earring Diamonds & Hearts" | product_type: "Beauty Accessories"
[2026-04-29T22:25:48.331Z]   [SKIPPED - not supplement] "Ariana Grande Cloud Eau de Parfum 30 mL" | product_type: "Beauty Accessories"
[2026-04-29T22:25:48.331Z]   [SKIPPED - not supplement] "Rihanna Rogue Love Body Mist 236ml" | product_type: "Beauty Accessories"
[2026-04-29T22:25:48.332Z]   [SKIPPED - not supplement] "Ariana Grande Sweet Like Candy 100ml EDP" | product_type: "Beauty Accessories"
[2026-04-29T22:25:48.332Z]   [SKIPPED - not supplement] "Ariana Grande Moonlight 100ml EDP" | product_type: "Beauty Accessories"
[2026-04-29T22:25:48.332Z]   [SKIPPED - not supplement] "Ariana Grande Ari 100ml EDP" | product_type: "Beauty Accessories"
[2026-04-29T22:25:48.332Z]   [SKIPPED - not supplement] "Ariana Grande Moonlight 30ml EDP" | product_type: "Beauty Accessories"
[2026-04-29T22:25:48.333Z]   [SKIPPED - not supplement] "Ariana Grande Ari 30ml EDP" | product_type: "Beauty Accessories"
[2026-04-29T22:25:48.333Z]   [SKIPPED - not supplement] "Ariana Grande Cloud 236ml Body Mist" | product_type: "Beauty Accessories"
[2026-04-29T22:25:48.334Z]   [SKIPPED - not supplement] "Revlon Contour/Highlight Brush" | product_type: "Beauty Accessories"
[2026-04-29T22:25:48.342Z]   [SKIPPED - not supplement] "b.box Spout Bottle Ocean Breeze 600ml" | product_type: "Baby"
[2026-04-29T22:25:48.849Z]   Page 26...
[2026-04-29T22:25:49.639Z]   [SKIPPED - not supplement] "MAE Brush 3D Flexi Blue" | product_type: "Beauty Accessories"
[2026-04-29T22:25:49.640Z]   [SKIPPED - not supplement] "DB Fragrance Youth Drop 100ml" | product_type: "Beauty Accessories"
[2026-04-29T22:25:49.641Z]   [SKIPPED - not supplement] "S.L.Q Finish Brush Medium Powder Rounded 1ea" | product_type: "Beauty Accessories"
[2026-04-29T22:25:49.641Z]   [SKIPPED - not supplement] "DB Fragrance Lucky No.VII" | product_type: "Beauty Accessories"
[2026-04-29T22:25:49.641Z]   [SKIPPED - not supplement] "BC Crystal Jelly Foot Spa Pk Asst 1pk" | product_type: "Beauty Accessories"
[2026-04-29T22:25:49.642Z]   [SKIPPED - not supplement] "SPA Silicone Facial Massage Cleansing Brush 1ea" | product_type: "Beauty Accessories"
[2026-04-29T22:25:49.642Z]   [SKIPPED - not supplement] "BC Hair Dye Brush and Bowl Kit 1 Each" | product_type: "Beauty Accessories"
[2026-04-29T22:25:49.642Z]   [SKIPPED - not supplement] "Hair Clips Mini Stars Assorted 2pk" | product_type: "Beauty Accessories"
[2026-04-29T22:25:49.643Z]   [SKIPPED - not supplement] "Fashion Jewelry Hair Clips Mini Hearts 4pk" | product_type: "Beauty Accessories"
[2026-04-29T22:25:49.643Z]   [SKIPPED - not supplement] "Simply Essential Brush Covers 4s" | product_type: "Beauty Accessories"
[2026-04-29T22:25:49.643Z]   [SKIPPED - not supplement] "Huggies Ultra Dry Nappies Girls Size 5 (13-18kg) 32 Pack" | product_type: "Baby"
[2026-04-29T22:25:49.644Z]   [SKIPPED - not supplement] "Huggies Ultra Dry Nappies Girls Size 6 (16+kg) 60 Pack" | product_type: "Baby"
[2026-04-29T22:25:49.644Z]   [SKIPPED - not supplement] "Huggies Ultra Dry Nappies Girl Size 4 (10-15kg) 36 Pack" | product_type: "Baby"
[2026-04-29T22:25:49.644Z]   [SKIPPED - not supplement] "Huggies Ultra Dry Nappies Girls Size 6 (16kg+) 30 Pack" | product_type: "Baby"
[2026-04-29T22:25:49.645Z]   [SKIPPED - not supplement] "Huggies Ultra Dry Nappy Pants Girl Size 6 (15kg & over) 28 Pack" | product_type: "Baby"
[2026-04-29T22:25:49.645Z]   [SKIPPED - not supplement] "Huggies Ultra Dry Nappy Pants Boy Size 6 (15kg & over) 28 Pack" | product_type: "Baby"
[2026-04-29T22:25:49.645Z]   [SKIPPED - not supplement] "Huggies Ultra Dry Nappy Pants Girl Size 4 (9-14kg) 34 Pack" | product_type: "Baby"
[2026-04-29T22:25:49.646Z]   [SKIPPED - not supplement] "Dear Body Wild At Kiss Body Mist 250ml" | product_type: "Beauty Accessories"
[2026-04-29T22:25:49.646Z]   [SKIPPED - not supplement] "HB&Co Makeup Beauty Case with sections" | product_type: "Beauty Accessories"
[2026-04-29T22:25:49.647Z]   [SKIPPED - not supplement] "Dear Body Girl Night Fragrance Mist 250ml" | product_type: "Beauty Accessories"
[2026-04-29T22:25:49.647Z]   [SKIPPED - not supplement] "Dear Body Nature Spell Fragrance Mist 250ml" | product_type: "Beauty Accessories"
[2026-04-29T22:25:49.648Z]   [SKIPPED - not supplement] "Dear Body Charm Seduction Fragrance Mist 250ml" | product_type: "Beauty Accessories"
[2026-04-29T22:25:49.648Z]   [SKIPPED - not supplement] "Dear Body Kissing Mizzle Body Mist 250ml" | product_type: "Beauty Accessories"
[2026-04-29T22:25:49.648Z]   [SKIPPED - not supplement] "Dear Body Wild At Kiss Body Mist 30ml" | product_type: "Beauty Accessories"
[2026-04-29T22:25:49.649Z]   [SKIPPED - not supplement] "Dear Body Rocking Fantasy Body Mist 250ml" | product_type: "Beauty Accessories"
[2026-04-29T22:25:49.649Z]   [SKIPPED - not supplement] "Dear Body Angel Bitten Fragrance Mist 250ml" | product_type: "Beauty Accessories"
[2026-04-29T22:25:49.649Z]   [SKIPPED - not supplement] "Dear Body Rocking Fantasy Shimmer Body Mist 250ml" | product_type: "Beauty Accessories"
[2026-04-29T22:25:49.650Z]   [SKIPPED - not supplement] "Drink Bottle Multi 1200ml" | product_type: "Other Pharmacy & Clothing"
[2026-04-29T22:25:49.650Z]   [SKIPPED - not supplement] "Dear Body Kissing Mizzle Body Mist 75ml" | product_type: "Beauty Accessories"
[2026-04-29T22:25:49.651Z]   [SKIPPED - not supplement] "Huggies Ultra Dry Nappies Girls Size 4 (10-15kg) 72 Pack" | product_type: "Baby"
[2026-04-29T22:25:49.651Z]   [SKIPPED - not supplement] "Huggies Ultra Dry Nappies, Boys, Size 4 (10-15kg), 72 Pack (Jumbo)" | product_type: "Baby"
[2026-04-29T22:25:49.651Z]   [SKIPPED - not supplement] "Huggies Ultra Dry Nappies Girls Size 5 (13-18kg) 64 Pack" | product_type: "Baby"
[2026-04-29T22:25:49.652Z]   [SKIPPED - not supplement] "Huggies Newborn Nappies Size 1 (up to 5kg) 54 Pack" | product_type: "Baby"
[2026-04-29T22:25:49.652Z]   [SKIPPED - not supplement] "Huggies Essentials Size 2 (54 Nappies)" | product_type: "Baby"
[2026-04-29T22:25:49.652Z]   [SKIPPED - not supplement] "Huggies Essentials Size 5 (44 Nappies)" | product_type: "Baby"
[2026-04-29T22:25:49.652Z]   [SKIPPED - not supplement] "Huggies Nappy Pants Ultra Dry Size 4 Boy 34 Pack" | product_type: "Baby"
[2026-04-29T22:25:49.653Z]   [SKIPPED - not supplement] "Huggies Ultra Dry Nappies Boys Size 5 (13-18kg) 32 Pack" | product_type: "Baby"
[2026-04-29T22:25:49.653Z]   [SKIPPED - not supplement] "Huggies Ultra Dry Nappies Boys Size 4 (10-15kg) 36 Pack" | product_type: "Baby"
[2026-04-29T22:25:49.653Z]   [SKIPPED - not supplement] "Huggies Essentials Nappies Size 3 (6 - 11kg) 52 Pack" | product_type: "Baby"
[2026-04-29T22:25:49.654Z]   [SKIPPED - not supplement] "Huggies Essentials Nappies Size 6 (16+kg) 40 Pack" | product_type: "Baby"
[2026-04-29T22:25:49.654Z]   [SKIPPED - not supplement] "Huggies Essentials Nappies Size 4 (10 - 15kg) 46 Pack" | product_type: "Baby"
[2026-04-29T22:25:49.655Z]   [SKIPPED - not supplement] "Huggies Ultra Dry Nappies Boys Size 5 (13-18kg) 16 Pack" | product_type: "Baby"
[2026-04-29T22:25:49.655Z]   [SKIPPED - not supplement] "Huggies Infant Nappies Size 2 (4-8kg) 96 Pack" | product_type: "Baby"
[2026-04-29T22:25:49.655Z]   [SKIPPED - not supplement] "Huggies Ultimate Nappy Pants Size 4 (10-15kg) 56 Pack" | product_type: "Baby"
[2026-04-29T22:25:49.656Z]   [SKIPPED - not supplement] "Huggies Ultimate Nappies Size 4 (10-15kg) 58 Pack" | product_type: "Baby"
[2026-04-29T22:25:49.656Z]   [SKIPPED - not supplement] "MCoBeauty Perfect Tweezers Professional 4 Pack Set" | product_type: "Beauty Accessories"
[2026-04-29T22:25:49.658Z]   [SKIPPED - not supplement] "Bambino Mio Solo Apple Crunch" | product_type: "Other Pharmacy & Clothing"
[2026-04-29T22:25:49.658Z]   [SKIPPED - not supplement] "Real Techniques Life Force Contour Brush" | product_type: "Beauty Accessories"
[2026-04-29T22:25:49.659Z]   [SKIPPED - not supplement] "DB Fragrance Fantasy" | product_type: "Beauty Accessories"
[2026-04-29T22:25:49.659Z]   [SKIPPED - not supplement] "Victoria's Secret Love Fragrance Spray 250ml" | product_type: "Beauty Accessories"
[2026-04-29T22:25:49.661Z]   [SKIPPED - not supplement] "Huggies Ultra Dry Nappy Size 3 Girl 44 Pack" | product_type: "Baby"
[2026-04-29T22:25:49.661Z]   [SKIPPED - not supplement] "MAE Detangling & Scalp Purple Hair Brush" | product_type: "Beauty Accessories"
[2026-04-29T22:25:49.661Z]   [SKIPPED - not supplement] "MAE Brush Detangling & Scalp Brush Pink" | product_type: "Beauty Accessories"
[2026-04-29T22:25:50.166Z]   Page 27...
[2026-04-29T22:25:50.760Z]   [SKIPPED - not supplement] "Bambino Mio Solo Dalmatian Dots" | product_type: "Other Pharmacy & Clothing"
[2026-04-29T22:25:50.760Z]   [SKIPPED - not supplement] "Oh Bubbles Sparkling Drink Maker White" | product_type: "General Food & Drink"
[2026-04-29T22:25:50.767Z]   [SKIPPED - not supplement] "MAE Brush Pro Vent Paddle Gold" | product_type: "Beauty Accessories"
[2026-04-29T22:25:50.767Z]   [SKIPPED - not supplement] "MAE Brush Pro Vent Boar Gold" | product_type: "Beauty Accessories"
[2026-04-29T22:25:50.768Z]   [SKIPPED - not supplement] "MAE Brush Pro Vent  Large Gold" | product_type: "Beauty Accessories"
[2026-04-29T22:25:50.769Z]   [SKIPPED - not supplement] "Dino Scratch Bucket Hat Charcoal Large" | product_type: "Other Pharmacy & Clothing"
[2026-04-29T22:25:50.769Z]   [SKIPPED - not supplement] "Truyu Tweezer Kit Celestial Limited Edition" | product_type: "Beauty Accessories"
[2026-04-29T22:25:50.769Z]   [SKIPPED - not supplement] "Shark Bucket Hat Blue Large" | product_type: "Other Pharmacy & Clothing"
[2026-04-29T22:25:50.770Z]   [SKIPPED - not supplement] "Basic Bucket Hat Navy/Cream Small - Medium" | product_type: "Other Pharmacy & Clothing"
[2026-04-29T22:25:50.770Z]   [SKIPPED - not supplement] "Truyu 10-1654 Brow Trio" | product_type: "Beauty Accessories"
[2026-04-29T22:25:50.770Z]   [SKIPPED - not supplement] "Gingham Bucket Hat Black & White Medium" | product_type: "Other Pharmacy & Clothing"
[2026-04-29T22:25:50.771Z]   [SKIPPED - not supplement] "Basic Bucket Hat Tan Medium - Large" | product_type: "Other Pharmacy & Clothing"
[2026-04-29T22:25:50.771Z]   [SKIPPED - not supplement] "Gingham Bucket Hat Black & White Large" | product_type: "Other Pharmacy & Clothing"
[2026-04-29T22:25:50.771Z]   [SKIPPED - not supplement] "Dino Scratch Bucket Hat Charcoal Medium" | product_type: "Other Pharmacy & Clothing"
[2026-04-29T22:25:50.771Z]   [SKIPPED - not supplement] "Ditsy Floral Bucket Hat Pink Medium" | product_type: "Other Pharmacy & Clothing"
[2026-04-29T22:25:50.772Z]   [SKIPPED - not supplement] "Basic Bucket Hat Black/Beige Medium - Large" | product_type: "Other Pharmacy & Clothing"
[2026-04-29T22:25:50.772Z]   [SKIPPED - not supplement] "Truyu Slant Tip Tweezer Celestial Limited Edition" | product_type: "Beauty Accessories"
[2026-04-29T22:25:50.772Z]   [SKIPPED - not supplement] "Basic Bucket Hat Navy/Cream Medium - Large" | product_type: "Other Pharmacy & Clothing"
[2026-04-29T22:25:50.773Z]   [SKIPPED - not supplement] "Basic Bucket Hat Black/Beige Small - Medium" | product_type: "Other Pharmacy & Clothing"
[2026-04-29T22:25:50.773Z]   [SKIPPED - not supplement] "Floral Bucket Hat Baby Blue Small" | product_type: "Other Pharmacy & Clothing"
[2026-04-29T22:25:50.774Z]   [SKIPPED - not supplement] "Designer Brands Fragrance Your Way" | product_type: "Beauty Accessories"
[2026-04-29T22:25:50.774Z]   [SKIPPED - not supplement] "DB Fragrance Galatic" | product_type: "Beauty Accessories"
[2026-04-29T22:25:51.282Z]   Page 28...
[2026-04-29T22:25:51.902Z]   [SKIPPED - not supplement] "David Beckham Intimately Man EDT 75ml Spray" | product_type: "Beauty Accessories"
[2026-04-29T22:25:51.904Z]   [SKIPPED - not supplement] "Britney Spears Fantasy Eau de Parfum 100 mL" | product_type: "Beauty Accessories"
[2026-04-29T22:25:51.904Z]   [SKIPPED - not supplement] "Britney Spears Fantasy Midnight EDP 30ml" | product_type: "Beauty Accessories"
[2026-04-29T22:25:51.904Z]   [SKIPPED - not supplement] "Britney Spears Midnight Fantasy EDP 100ml" | product_type: "Beauty Accessories"
[2026-04-29T22:25:51.905Z]   [SKIPPED - not supplement] "L'Oreal Age Perfect Night 50ml" | product_type: "Beauty Accessories"
[2026-04-29T22:25:51.906Z]   [SKIPPED - not supplement] "Wicked Sista Solid Perfume Lychee 10g" | product_type: "Beauty Accessories"
[2026-04-29T22:25:51.906Z]   [SKIPPED - not supplement] "Simply Essential Vanity Makeup with LED" | product_type: "Beauty Accessories"
[2026-04-29T22:25:51.909Z]   [SKIPPED - not supplement] "Designer Brands Fragrance Narcisse For Him" | product_type: "Beauty Accessories"
[2026-04-29T22:25:51.910Z]   [SKIPPED - not supplement] "Head & Shoulders Apple Fresh Shampoo 400ml" | product_type: "Beauty Accessories"
[2026-04-29T22:25:51.910Z]   [SKIPPED - not supplement] "Simply Essential Scrunchies Pink Ivy 2 pack" | product_type: "Beauty Accessories"
[2026-04-29T22:25:51.911Z]   [SKIPPED - not supplement] "Simply Essentials Scrunchies Charcoal Gold 2 pack" | product_type: "Beauty Accessories"
[2026-04-29T22:25:51.911Z]   [SKIPPED - not supplement] "Ecotool Precious Metal Cheek + Eye High Light 4 pack Set" | product_type: "Beauty Accessories"
[2026-04-29T22:25:51.911Z]   [SKIPPED - not supplement] "Ecotool Precious Metals Brightening Eye Makup Set" | product_type: "Beauty Accessories"
[2026-04-29T22:25:51.912Z]   [SKIPPED - not supplement] "Real Techniques Miracle Complexion Sponge + Powder Sponge" | product_type: "Beauty Accessories"
[2026-04-29T22:25:51.912Z]   [SKIPPED - not supplement] "Basic Bucket Hat Tan Large - Extra Large" | product_type: "Other Pharmacy & Clothing"
[2026-04-29T22:25:51.913Z]   [SKIPPED - not supplement] "HUGGIES Nappy Ultimate Newborn 108pk" | product_type: "Baby"
[2026-04-29T22:25:51.913Z]   [SKIPPED - not supplement] "Huggies Essentials Size 1 Newborn 28 Pack" | product_type: "Baby"
[2026-04-29T22:25:51.914Z]   [SKIPPED - not supplement] "Huggies Nappy Size 3 Boy 44 Pack" | product_type: "Baby"
[2026-04-29T22:25:51.914Z]   [SKIPPED - not supplement] "HUGGIES Ultra Dry Junior Size 6 Boy 14pk" | product_type: "Baby"
[2026-04-29T22:25:51.915Z]   [SKIPPED - not supplement] "Bambino Mio Solo Berry Bounce" | product_type: "Other Pharmacy & Clothing"
[2026-04-29T22:25:51.915Z]   [SKIPPED - not supplement] "Chambray Bucket Hat Denim Blue Medium" | product_type: "Other Pharmacy & Clothing"
[2026-04-29T22:25:51.915Z]   [SKIPPED - not supplement] "Dino Scratch Bucket Hat Charcoal Small" | product_type: "Other Pharmacy & Clothing"
[2026-04-29T22:25:51.916Z]   [SKIPPED - not supplement] "Chambray Bucket Hat Denim Blue Small" | product_type: "Other Pharmacy & Clothing"
[2026-04-29T22:25:51.916Z]   [SKIPPED - not supplement] "Oh Bubbles Stainless Steel Bottle White" | product_type: "General Food & Drink"
[2026-04-29T22:25:51.917Z]   [SKIPPED - not supplement] "Oh Bubbles Stainless Steel Bottle Black" | product_type: "General Food & Drink"
[2026-04-29T22:25:51.917Z]   [SKIPPED - not supplement] "Calvin Klein CK One Shock Men's Cologne -  100ml Eau De Toilette" | product_type: "Beauty Accessories"
[2026-04-29T22:25:51.918Z]   [SKIPPED - not supplement] "Hugo Boss BOSS The Scent for Her Eau de Parfum 100 mL" | product_type: "Beauty Accessories"
[2026-04-29T22:25:51.919Z]   [SKIPPED - not supplement] "Huggies Ultra Dry Nappies Boys Size 6 (16kg+) 30 Pack" | product_type: "Baby"
[2026-04-29T22:25:51.919Z]   [SKIPPED - not supplement] "EarSense Ball Stud Silver 4mm" | product_type: "Beauty Accessories"
[2026-04-29T22:25:51.920Z]   [SKIPPED - not supplement] "EarSense Trio Ball Studs Silver" | product_type: "Beauty Accessories"
[2026-04-29T22:25:51.920Z]   [SKIPPED - not supplement] "EarSense Small Crystal Rose Gold Circle" | product_type: "Beauty Accessories"
[2026-04-29T22:25:51.920Z]   [SKIPPED - not supplement] "EarSense Ball Stud Gold 4mm" | product_type: "Beauty Accessories"
[2026-04-29T22:25:51.921Z]   [SKIPPED - not supplement] "EarSense Trio Ball Studs Gold" | product_type: "Beauty Accessories"
[2026-04-29T22:25:51.921Z]   [SKIPPED - not supplement] "EarSense Teardrop Silver French Hook" | product_type: "Beauty Accessories"
[2026-04-29T22:25:51.922Z]   [SKIPPED - not supplement] "EarSense Open Silhouette French Hook Gold" | product_type: "Beauty Accessories"
[2026-04-29T22:25:51.922Z]   [SKIPPED - not supplement] "EarSense Trio  Cubic Zirconia, Cross and Heart Trio" | product_type: "Beauty Accessories"
[2026-04-29T22:25:51.922Z]   [SKIPPED - not supplement] "EarSense Hoop Inset Crystals Silver 32mm" | product_type: "Beauty Accessories"
[2026-04-29T22:25:51.922Z]   [SKIPPED - not supplement] "EarSense Crossover Drop French Hook Silver" | product_type: "Beauty Accessories"
[2026-04-29T22:25:51.923Z]   [SKIPPED - not supplement] "EarSense Glitter Teardrop French Hook Gold" | product_type: "Beauty Accessories"
[2026-04-29T22:25:51.923Z]   [SKIPPED - not supplement] "EarSense Tapered Hoop Silver 15mm" | product_type: "Beauty Accessories"
[2026-04-29T22:25:51.923Z]   [SKIPPED - not supplement] "EarSense Hoop with Inset Crystals Gold 32mm" | product_type: "Beauty Accessories"
[2026-04-29T22:25:51.923Z]   [SKIPPED - not supplement] "EarSense Crescent Hoop Silver 35mm" | product_type: "Beauty Accessories"
[2026-04-29T22:25:51.924Z]   [SKIPPED - not supplement] "EarSense 3 Bar Hoop Gold" | product_type: "Beauty Accessories"
[2026-04-29T22:25:52.428Z]   Page 29...
[2026-04-29T22:25:53.107Z]   [SKIPPED - not supplement] "Huggies Infant Nappies Size 2 (4-8kg) 24 Pack" | product_type: "Baby"
[2026-04-29T22:25:53.108Z]   [SKIPPED - not supplement] "Huggies Ultra Dry Nappies Boy Size 3 (6-11kg) 22 Pack" | product_type: "Baby"
[2026-04-29T22:25:53.108Z]   [SKIPPED - not supplement] "Huggies Newborn Nappies Size 1 (up to 5kg) 28 Pack" | product_type: "Baby"
[2026-04-29T22:25:53.108Z]   [SKIPPED - not supplement] "Huggies Ultra Dry Nappy Pants Girls Size 6 (15kg+) 16 Pack" | product_type: "Baby"
[2026-04-29T22:25:53.109Z]   [SKIPPED - not supplement] "Huggies Ultra Dry Nappies Girl Size 5 (13-18kg) 16 Pack" | product_type: "Baby"
[2026-04-29T22:25:53.109Z]   [SKIPPED - not supplement] "Truyu 10-1666 Brush Collection" | product_type: "Beauty Accessories"
[2026-04-29T22:25:53.109Z]   [SKIPPED - not supplement] "Huggies Ultra Dry Nappies Girl Size 6 (16kg+) 14 Pack" | product_type: "Baby"
[2026-04-29T22:25:53.110Z]   [SKIPPED - not supplement] "Huggies Ultra Dry Nappy Pants Girls Size 5 (12-17 kg) 18 Pack" | product_type: "Baby"
[2026-04-29T22:25:53.110Z]   [SKIPPED - not supplement] "Huggies Ultra Dry Nappies Boys Size 4 (10-15kg) 18 Pack" | product_type: "Baby"
[2026-04-29T22:25:53.110Z]   [SKIPPED - not supplement] "Huggies Ultra Dry Nappy Pants Girls Size 4 (9-14kg) 20 Pack" | product_type: "Baby"
[2026-04-29T22:25:53.110Z]   [SKIPPED - not supplement] "Huggies Ultra Dry Nappies Girls Size 4 (10-15kg) 18 Pack" | product_type: "Baby"
[2026-04-29T22:25:53.111Z]   [SKIPPED - not supplement] "Huggies Ultra Dry Nappy Pants Boys Size 6 (15kg+) 16 Pack" | product_type: "Baby"
[2026-04-29T22:25:53.111Z]   [SKIPPED - not supplement] "Huggies Nappy Pants Ultra Dry Size 5 Girl 30 Pack" | product_type: "Baby"
[2026-04-29T22:25:53.111Z]   [SKIPPED - not supplement] "Huggies Ultra Dry Nappy Pants Boys Size 5 (12-17kg) 18 Pack" | product_type: "Baby"
[2026-04-29T22:25:53.111Z]   [SKIPPED - not supplement] "Huggies Ultra Dry Nappy Pants Boys Size 4 (9-14kg) 20 Pack" | product_type: "Baby"
[2026-04-29T22:25:53.112Z]   [SKIPPED - not supplement] "Huggies Ultra Dry Nappies Girl Size 3 (6-11kg) 22 Pack" | product_type: "Baby"
[2026-04-29T22:25:53.113Z]   [SKIPPED - not supplement] "Cosmetic Case Stars & Stripe Navy" | product_type: "Beauty Accessories"
[2026-04-29T22:25:53.113Z]   [SKIPPED - not supplement] "Cosmetic Bag Stars & Stripe Navy" | product_type: "Beauty Accessories"
[2026-04-29T22:25:53.114Z]   [SKIPPED - not supplement] "Cosmetic Bag Set Deep Pink" | product_type: "Beauty Accessories"
[2026-04-29T22:25:53.114Z]   [SKIPPED - not supplement] "Cosmetic Bag Tweed Blue" | product_type: "Beauty Accessories"
[2026-04-29T22:25:53.114Z]   [SKIPPED - not supplement] "Cosmetic Bag Large Flower Multi" | product_type: "Beauty Accessories"
[2026-04-29T22:25:53.115Z]   [SKIPPED - not supplement] "Cosmetic Bags Flower Multi" | product_type: "Beauty Accessories"
[2026-04-29T22:25:53.115Z]   [SKIPPED - not supplement] "Cosmetic Bag Tweed Deep Pink" | product_type: "Beauty Accessories"
[2026-04-29T22:25:53.115Z]   [SKIPPED - not supplement] "Cosmetic Bag Stars & Stripe Pink" | product_type: "Beauty Accessories"
[2026-04-29T22:25:53.115Z]   [SKIPPED - not supplement] "Cosmetic Bag Blue with Flowers" | product_type: "Beauty Accessories"
[2026-04-29T22:25:53.116Z]   [SKIPPED - not supplement] "Cosmetic Bag Tweed Rectangle Pink" | product_type: "Beauty Accessories"
[2026-04-29T22:25:53.116Z]   [SKIPPED - not supplement] "EarSense Small Huggie with Glitter Gold" | product_type: "Beauty Accessories"
[2026-04-29T22:25:53.116Z]   [SKIPPED - not supplement] "Cosmetic Bag Love Black 3 set" | product_type: "Beauty Accessories"
[2026-04-29T22:25:53.117Z]   [SKIPPED - no category] "Massage Gun" | product_type: "Health Equipment" | tags: Bargains Best Price,CAT=Sports & Recreation,enable-bis,may-2026-promo,MCAT=Lifestyle & Wellness
[2026-04-29T22:25:53.117Z]   [SKIPPED - not supplement] "Cosmetics Bag Stars & Stripe Peach" | product_type: "Beauty Accessories"
[2026-04-29T22:25:53.117Z]   [SKIPPED - not supplement] "Makeup Bag Set 3 piece" | product_type: "Beauty Accessories"
[2026-04-29T22:25:53.118Z]   [SKIPPED - not supplement] "Cosmetic Bag Love White 3 set" | product_type: "Beauty Accessories"
[2026-04-29T22:25:53.118Z]   [SKIPPED - not supplement] "Cosmetic Bag Stars & Stripe Red" | product_type: "Beauty Accessories"
[2026-04-29T22:25:53.118Z]   [SKIPPED - not supplement] "Cosmetic Bag Love Gold 3 set" | product_type: "Beauty Accessories"
[2026-04-29T22:25:53.118Z]   [SKIPPED - not supplement] "Simply Essential Sleeping Mask Black" | product_type: "Beauty Accessories"
[2026-04-29T22:25:53.119Z]   [SKIPPED - not supplement] "Tender Love + Carry Travel Pouch with Bottles Pink" | product_type: "Other Pharmacy & Clothing"
[2026-04-29T22:25:53.119Z]   [SKIPPED - not supplement] "Tender, Love + Carry Travel Pouch with Bottles Black" | product_type: "Other Pharmacy & Clothing"
[2026-04-29T22:25:53.119Z]   [SKIPPED - not supplement] "Wet N Wild Double Tap Makeup Sponge 2 pack" | product_type: "Beauty Accessories"
[2026-04-29T22:25:53.120Z]   [SKIPPED - not supplement] "Globite Inflatable Travel Pillow Grey" | product_type: "Other Pharmacy & Clothing"
[2026-04-29T22:25:53.121Z]   [SKIPPED - no category] "Simply Essential 21-1410 Massage Body Brush" | product_type: "Personal Care" | tags: BRAND=Simply Essential,MCAT=Beauty,MCAT=Body & Personal Care,On Promotion,PRODTYPE=Massage
[2026-04-29T22:25:53.121Z]   [SKIPPED - not supplement] "EarSense Small Huggie with Glitter Silver" | product_type: "Beauty Accessories"
[2026-04-29T22:25:53.121Z]   [SKIPPED - not supplement] "Real Techniques Everything Brush" | product_type: "Beauty Accessories"
[2026-04-29T22:25:53.122Z]   [SKIPPED - not supplement] "EarSense Swarovski Rivoli Green" | product_type: "Beauty Accessories"
[2026-04-29T22:25:53.122Z]   [SKIPPED - not supplement] "Adorn by Mae Elastic Scrunchies Rio 2pk" | product_type: "Beauty Accessories"
[2026-04-29T22:25:53.123Z]   [SKIPPED - not supplement] "Pressing Nails Extra Short Tiffany Blue" | product_type: "Cosmetics"
[2026-04-29T22:25:53.123Z]   [SKIPPED - not supplement] "Tender Love + Carry The Large Go Go - Oat" | product_type: "Beauty Accessories"
[2026-04-29T22:25:53.124Z]   [SKIPPED - no category] "D3 Therapeutic Massage Gun Black" | product_type: "Health Equipment" | tags: On Promotion
[2026-04-29T22:25:53.124Z]   [SKIPPED - not supplement] "EarSense Slim Click Hoop Silver 15mm" | product_type: "Beauty Accessories"
[2026-04-29T22:25:53.124Z]   [SKIPPED - not supplement] "Wet n Wild Biodegradable Sponge" | product_type: "Beauty Accessories"
[2026-04-29T22:25:53.125Z]   [SKIPPED - not supplement] "Huggies Ultra Dry Nappies Boys Size 5 (13-18kg) 64 Pack" | product_type: "Baby"
[2026-04-29T22:25:53.125Z]   [SKIPPED - not supplement] "EarSense Tapered Hoop Gold 15mm" | product_type: "Beauty Accessories"
[2026-04-29T22:25:53.126Z]   [SKIPPED - not supplement] "EarSense Small Crystal Circle Silver" | product_type: "Beauty Accessories"
[2026-04-29T22:25:53.126Z]   [SKIPPED - not supplement] "Lady Jayne Gem Tip Brush" | product_type: "Beauty Accessories"
[2026-04-29T22:25:53.128Z]   [SKIPPED - not supplement] "Truyu 10-1241 Eyelash Curler" | product_type: "Beauty Accessories"
[2026-04-29T22:25:53.128Z]   [SKIPPED - not supplement] "EarSense Large Silver Ball, Cubic Zirconia & Pearl Trio" | product_type: "Beauty Accessories"
[2026-04-29T22:25:53.129Z]   [SKIPPED - not supplement] "Tangle Teezer Ultimate Styler Sweet Pink" | product_type: "Beauty Accessories"
[2026-04-29T22:25:53.635Z]   Page 30...
[2026-04-29T22:25:54.265Z]   [SKIPPED - not supplement] "Dream by Delta Goodrem EDP 30ml" | product_type: "Beauty Accessories"
[2026-04-29T22:25:54.265Z]   [SKIPPED - not supplement] "Boss Extreme Men EDP 75ml" | product_type: "Beauty Accessories"
[2026-04-29T22:25:54.266Z]   [SKIPPED - not supplement] "Revlon Kiss Balm Fresh Strawberry" | product_type: "Beauty Accessories"
[2026-04-29T22:25:54.268Z]   [SKIPPED - not supplement] "Weleda Calendula Nappy Cream 30ml" | product_type: "Baby"
[2026-04-29T22:25:54.269Z]   [SKIPPED - not supplement] "Ecotool Start The Day Beautiful 6pc Set" | product_type: "Beauty Accessories"
[2026-04-29T22:25:54.269Z]   [SKIPPED - not supplement] "Ecotool Precious Metals Face Blend & Sculpt Makeup Set" | product_type: "Beauty Accessories"
[2026-04-29T22:25:54.270Z]   [SKIPPED - not supplement] "DB Sorbet Slay Brush Set" | product_type: "Beauty Accessories"
[2026-04-29T22:25:54.270Z]   [SKIPPED - not supplement] "DB Treat Yo'self Complexion Kit" | product_type: "Cosmetics"
[2026-04-29T22:25:54.271Z]   [SKIPPED - not supplement] "Wet N Wild Hourglass Makeup Sponge 1 Pack" | product_type: "Beauty Accessories"
[2026-04-29T22:25:54.273Z]   [SKIPPED - not supplement] "Simply Essential 20-1508 Compact Makeup Mirror" | product_type: "Beauty Accessories"
[2026-04-29T22:25:54.274Z]   [SKIPPED - not supplement] "Simply Essential 20-2600 Slanted Tweezer" | product_type: "Beauty Accessories"
[2026-04-29T22:25:54.275Z]   [SKIPPED - not supplement] "Simply Essential Sleep Mask Pink" | product_type: "Beauty Accessories"
[2026-04-29T22:25:54.275Z]   [SKIPPED - not supplement] "Simply Essential 20-2111 Crystal Nail File Short" | product_type: "Beauty Accessories"
[2026-04-29T22:25:54.276Z]   [SKIPPED - not supplement] "Ariana Grande Sweet Like Candy Body Mist 235 mL" | product_type: "Beauty Accessories"
[2026-04-29T22:25:54.276Z]   [SKIPPED - not supplement] "Vera Wang Signature Woman EDP 100ml" | product_type: "Beauty Accessories"
[2026-04-29T22:25:54.276Z]   [SKIPPED - not supplement] "CK Contradiction W EDP 100ml" | product_type: "Beauty Accessories"
[2026-04-29T22:25:54.277Z]   [SKIPPED - not supplement] "Vanish Gold Pro Oxi Action Powered White 2kg" | product_type: "Household"
[2026-04-29T22:25:54.783Z]   Page 31...
[2026-04-29T22:25:55.284Z]   [SKIPPED - not supplement] "Real Techniques Everyday Eye Essential Set" | product_type: "Beauty Accessories"
[2026-04-29T22:25:55.284Z]   [SKIPPED - not supplement] "Real Techniques Instant Brush Cleaner" | product_type: "Beauty Accessories"
[2026-04-29T22:25:55.285Z]   [SKIPPED - not supplement] "Real Techniques Filtered Cheek Brush" | product_type: "Beauty Accessories"
[2026-04-29T22:25:55.286Z]   [SKIPPED - not supplement] "Wet n Wild Make Up Brush Blush" | product_type: "Beauty Accessories"
[2026-04-29T22:25:55.286Z]   [SKIPPED - not supplement] "Intex Swirly Whirly Tube - Multi Colour" | product_type: "Other Pharmacy & Clothing"
[2026-04-29T22:25:55.286Z]   [SKIPPED - not supplement] "Intex Realistic Sea Turtle Ride On" | product_type: "Other Pharmacy & Clothing"
[2026-04-29T22:25:55.287Z]   [SKIPPED - not supplement] "Intex Lil Whale Ride-On" | product_type: "Other Pharmacy & Clothing"
[2026-04-29T22:25:55.287Z]   [SKIPPED - not supplement] "Intex Pink Flamingo Ride-on" | product_type: "Other Pharmacy & Clothing"
[2026-04-29T22:25:55.287Z]   [SKIPPED - not supplement] "Intex Lil Dolphin Ride-On" | product_type: "Other Pharmacy & Clothing"
[2026-04-29T22:25:55.287Z]   [SKIPPED - not supplement] "Intex Lil Sea Turtle Ride On" | product_type: "Other Pharmacy & Clothing"
[2026-04-29T22:25:55.288Z]   [SKIPPED - not supplement] "Intex Baby Pool 3 Ring 1.47cm x 33cm" | product_type: "Other Pharmacy & Clothing"
[2026-04-29T22:25:55.288Z]   [SKIPPED - not supplement] "Flawless Ice Roller" | product_type: "Beauty Accessories"
[2026-04-29T22:25:55.288Z]   [SKIPPED - not supplement] "BC Everyday Crew Socks Assorted Designs" | product_type: "Other Pharmacy & Clothing"
[2026-04-29T22:25:55.289Z]   [SKIPPED - not supplement] "BC Everyday Ice Roller" | product_type: "Beauty Accessories"
[2026-04-29T22:25:55.289Z]   [SKIPPED - not supplement] "BC Everyday Baby Silicone Bib Green" | product_type: "Baby"
[2026-04-29T22:25:55.289Z]   [SKIPPED - not supplement] "HB&Co Sleep Eye Mask Satin Pink" | product_type: "Beauty Accessories"
[2026-04-29T22:25:55.290Z]   [SKIPPED - not supplement] "HB&Co Sleep Eye Mask Satin Fuchsia" | product_type: "Beauty Accessories"
[2026-04-29T22:25:55.290Z]   [SKIPPED - not supplement] "HB&Co Sleep Mask Furry Cream" | product_type: "Beauty Accessories"
[2026-04-29T22:25:55.291Z]   [SKIPPED - not supplement] "HB&Co Sleep Mask Furry Grey" | product_type: "Beauty Accessories"
[2026-04-29T22:25:55.291Z]   [SKIPPED - not supplement] "HB&Co Nail Clippers Set Assorted Colours" | product_type: "Beauty Accessories"
[2026-04-29T22:25:55.291Z]   [SKIPPED - not supplement] "HB&Co Sleep Eye Mask Satin Black" | product_type: "Beauty Accessories"
[2026-04-29T22:25:55.292Z]   [SKIPPED - not supplement] "HB&Co Laundry Wash Bag 40cm x 50cm" | product_type: "Household"
[2026-04-29T22:25:55.292Z]   [SKIPPED - not supplement] "HB&Co Hair Wrap Assorted Colours" | product_type: "Beauty Accessories"
[2026-04-29T22:25:55.293Z]   [SKIPPED - not supplement] "HB&Co Compact Mirror Assorted Colours" | product_type: "Beauty Accessories"
[2026-04-29T22:25:55.293Z]   [SKIPPED - not supplement] "HB&Co Cat Eye Mask Black" | product_type: "Beauty Accessories"
[2026-04-29T22:25:55.294Z]   [SKIPPED - not supplement] "HB&Co Cat Eye Mask Pink" | product_type: "Beauty Accessories"
[2026-04-29T22:25:55.295Z]   [SKIPPED - not supplement] "BC Everyday Wooden Pegs 50 Pack" | product_type: "Household"
[2026-04-29T22:25:55.296Z]   [SKIPPED - not supplement] "BC Everyday Rejuvenation Device" | product_type: "Beauty Accessories"
[2026-04-29T22:25:55.297Z]   [SKIPPED - not supplement] "HB&Co Wide Half Hoop Gold Earring" | product_type: "Beauty Accessories"
[2026-04-29T22:25:55.297Z]   [SKIPPED - not supplement] "HB&Co Wide Half Hoop Silver Earring" | product_type: "Beauty Accessories"
[2026-04-29T22:25:55.297Z]   [SKIPPED - not supplement] "HB&Co Toilet Bag Denim Assorted" | product_type: "Beauty Accessories"
[2026-04-29T22:25:55.298Z]   [SKIPPED - not supplement] "HB&Co Hoop with Diamond Silver Earring" | product_type: "Beauty Accessories"
[2026-04-29T22:25:55.299Z]   [SKIPPED - not supplement] "HB&Co Half Large Hoop Silver Earring" | product_type: "Beauty Accessories"
[2026-04-29T22:25:55.299Z]   [SKIPPED - not supplement] "HB&Co Hoop with Diamond Gold Earring" | product_type: "Beauty Accessories"
[2026-04-29T22:25:55.300Z]   [SKIPPED - not supplement] "HB&Co Gold Diamond Stud Earrings" | product_type: "Beauty Accessories"
[2026-04-29T22:25:55.300Z]   [SKIPPED - not supplement] "HB&Co Drop with Diamonds Silver Earring" | product_type: "Beauty Accessories"
[2026-04-29T22:25:55.301Z]   [SKIPPED - not supplement] "HB&Co Fashion Curved Hoop Gold Earring" | product_type: "Beauty Accessories"
[2026-04-29T22:25:55.301Z]   [SKIPPED - not supplement] "HB&Co Fashion Curved Hoop Silver Earring" | product_type: "Beauty Accessories"
[2026-04-29T22:25:55.302Z]   [SKIPPED - not supplement] "HB&Co Drop Stud Silver Earring" | product_type: "Beauty Accessories"
[2026-04-29T22:25:55.302Z]   [SKIPPED - not supplement] "HB&Co Drop with Diamonds Gold Earring" | product_type: "Beauty Accessories"
[2026-04-29T22:25:55.302Z]   [SKIPPED - not supplement] "HB&Co Drop Stud Gold Earring" | product_type: "Beauty Accessories"
[2026-04-29T22:25:55.303Z]   [SKIPPED - not supplement] "HB&Co Diamond Stud Gold Earring" | product_type: "Beauty Accessories"
[2026-04-29T22:25:55.303Z]   [SKIPPED - not supplement] "HB&Co Diamond Dazzle Silver Earring" | product_type: "Beauty Accessories"
[2026-04-29T22:25:55.303Z]   [SKIPPED - not supplement] "HB&Co Diamond Stud Silver Earring" | product_type: "Beauty Accessories"
[2026-04-29T22:25:55.303Z]   [SKIPPED - not supplement] "HB&Co 3 Pairs Studs/Stars Earrings" | product_type: "Beauty Accessories"
[2026-04-29T22:25:55.304Z]   [SKIPPED - not supplement] "HB&Co 3 Pairs Studs/Tear Drop Earring" | product_type: "Beauty Accessories"
[2026-04-29T22:25:55.304Z]   [SKIPPED - not supplement] "HB&Co 3 Pairs Studs/Star Earring" | product_type: "Beauty Accessories"
[2026-04-29T22:25:55.304Z]   [SKIPPED - not supplement] "HB&Co 3 Pairs Studs/Diamond Circle Earring" | product_type: "Beauty Accessories"
[2026-04-29T22:25:55.305Z]   [SKIPPED - not supplement] "HB&Co 3 Pairs Studs/Diamond Earrings" | product_type: "Beauty Accessories"
[2026-04-29T22:25:55.305Z]   [SKIPPED - not supplement] "HB&Co 3 Pairs Studs/Half Hoop Earring" | product_type: "Beauty Accessories"
[2026-04-29T22:25:55.305Z]   [SKIPPED - not supplement] "HB&Co 3 Pairs Stud/Fashion Half&Drop Earring" | product_type: "Beauty Accessories"
[2026-04-29T22:25:55.305Z]   [SKIPPED - not supplement] "HB&Co 3 Pairs Stud/Fashion Hoops Earring" | product_type: "Beauty Accessories"
[2026-04-29T22:25:55.306Z]   [SKIPPED - not supplement] "HB&Co 3 Pairs Studs/Circle Earrings" | product_type: "Beauty Accessories"
[2026-04-29T22:25:55.306Z]   [SKIPPED - not supplement] "HB&Co 3 Pairs Studs/Cross Earrings" | product_type: "Beauty Accessories"
[2026-04-29T22:25:55.306Z]   [SKIPPED - not supplement] "HB&Co 3 Pairs Stud/Drop Diamonds Earrings" | product_type: "Beauty Accessories"
[2026-04-29T22:25:55.307Z]   [SKIPPED - not supplement] "HB&Co 3 Pairs Stud/Fashion Drops Earrings" | product_type: "Beauty Accessories"
[2026-04-29T22:25:55.308Z]   [SKIPPED - no category] "Natio Massage Oil Relaxation 200ml" | product_type: "Health & Wellbeing" | tags: Bargains Best Price,BRAND=Natio,MCAT=Lifestyle & Wellness,On Promotion,PRODTYPE=Massage Oil
[2026-04-29T22:25:55.309Z]   [SKIPPED - not supplement] "Mae 40-2305B Headband Teeth Black" | product_type: "Beauty Accessories"
[2026-04-29T22:25:55.310Z]   [SKIPPED - not supplement] "Adorn by Mae Ibis Clip Gold 12cm" | product_type: "Beauty Accessories"
[2026-04-29T22:25:55.821Z]   Page 32...
[2026-04-29T22:25:56.456Z]   [SKIPPED - not supplement] "Lancome La Vie Est Belle EDP 75ml for Women" | product_type: "Beauty Accessories"
[2026-04-29T22:25:56.460Z]   [SKIPPED - not supplement] "Musashi Shred & Burn Vanilla Milk Shake 900g" | product_type: "Health & Wellbeing"
[2026-04-29T22:25:56.460Z]   [SKIPPED - not supplement] "Narciso Rodriguez Her EDT Spray 100ml" | product_type: "Beauty Accessories"
[2026-04-29T22:25:56.461Z]   [SKIPPED - not supplement] "Dior J'adore EDP Infinissime 100ml" | product_type: "Beauty Accessories"
[2026-04-29T22:25:56.461Z]   [SKIPPED - not supplement] "Cacharel LOULOU EDP Spray 30ml" | product_type: "Beauty Accessories"
[2026-04-29T22:25:56.461Z]   [SKIPPED - not supplement] "FCUK Pop Music EDT 100ml" | product_type: "Beauty Accessories"
[2026-04-29T22:25:56.462Z]   [SKIPPED - not supplement] "Miki Shimmer Fair Floss Spray 150ml" | product_type: "Beauty Accessories"
[2026-04-29T22:25:56.463Z]   [SKIPPED - not supplement] "Mae Elastic & Bobby Pins Blonde 25s" | product_type: "Beauty Accessories"
[2026-04-29T22:25:56.464Z]   [SKIPPED - not supplement] "Mont Blanc Legend EDT 100ml for Men" | product_type: "Beauty Accessories"
[2026-04-29T22:25:56.464Z]   [SKIPPED - not supplement] "Coca-Cola Soft Drink Raspberry 600ml" | product_type: "General Food & Drink"
[2026-04-29T22:25:56.465Z]   [SKIPPED - not supplement] "Bambino Mio Miosolo All-In-One Cloth Nappy 'Honeybee Hive'" | product_type: "Other Pharmacy & Clothing"
[2026-04-29T22:25:56.466Z]   [SKIPPED - not supplement] "Bambino Mio Swim Rash Top Neon XL (2 Years+)" | product_type: "Other Pharmacy & Clothing"
[2026-04-29T22:25:56.466Z]   [SKIPPED - not supplement] "Bambino Mio Miosolo All-In-One Cloth Nappy 'Savanna Stripes'" | product_type: "Other Pharmacy & Clothing"
[2026-04-29T22:25:56.467Z]   [SKIPPED - not supplement] "Bambino Mio Reusable Nappy Liners 8 Pack" | product_type: "Other Pharmacy & Clothing"
[2026-04-29T22:25:56.468Z]   [SKIPPED - not supplement] "Natio Foundation Brush" | product_type: "Beauty Accessories"
[2026-04-29T22:25:56.468Z]   [SKIPPED - not supplement] "Natio Pencil Sharpener" | product_type: "Cosmetics"
[2026-04-29T22:25:56.469Z]   [SKIPPED - not supplement] "MAE Headband Soft Baby pink and gold" | product_type: "Beauty Accessories"
[2026-04-29T22:25:56.469Z]   [SKIPPED - not supplement] "D&G Light Blue PH Body Spray 125ml" | product_type: "Beauty Accessories"
[2026-04-29T22:25:56.470Z]   [SKIPPED - not supplement] "Bambino Mio Miosolo All-In-One Cloth Nappy 'Sail Away'" | product_type: "Other Pharmacy & Clothing"
[2026-04-29T22:25:56.471Z]   [SKIPPED - no category] "Finishing Touch Flawless Cleanse Facial Cleanser & Massager" | product_type: "Skin Care" | tags: BRAND=Finishing Touch Flawless,CAT=Skin Care,christmas-gifting,enable-bis,MCAT=Beauty
[2026-04-29T22:25:56.471Z]   [SKIPPED - not supplement] "Wet n Wild Small Concealer Brush" | product_type: "Beauty Accessories"
[2026-04-29T22:25:56.985Z]   Page 33...
[2026-04-29T22:25:57.567Z]   [SKIPPED - not supplement] "MAE 40-3400 Elastic Clip Pnk/Grey 8" | product_type: "Beauty Accessories"
[2026-04-29T22:25:57.567Z]   [SKIPPED - not supplement] "W/SIS Socks Mountain Blues" | product_type: "Other Pharmacy & Clothing"
[2026-04-29T22:25:57.568Z]   [SKIPPED - not supplement] "Kenzo Flower EDP for Women 50ml" | product_type: "Beauty Accessories"
[2026-04-29T22:25:57.569Z]   [SKIPPED - not supplement] "Yves Saint Laurent Black Opium Eau de Parfum 90ml" | product_type: "Beauty Accessories"
[2026-04-29T22:25:57.569Z]   [SKIPPED - not supplement] "ANAIS Anais EDT Spray 100ml" | product_type: "Beauty Accessories"
[2026-04-29T22:25:57.570Z]   [SKIPPED - not supplement] "Burberry Brit For Her EDT 100ml" | product_type: "Beauty Accessories"
[2026-04-29T22:25:57.570Z]   [SKIPPED - not supplement] "MARC Jacobs Daisy EDT 50ml" | product_type: "Beauty Accessories"
[2026-04-29T22:25:57.572Z]   [SKIPPED - not supplement] "Simply Essential Nail Sharpener" | product_type: "Beauty Accessories"
[2026-04-29T22:25:57.573Z]   [SKIPPED - not supplement] "BECKHAM Respect EDT 90ml" | product_type: "Beauty Accessories"
[2026-04-29T22:25:57.578Z]   [SKIPPED - not supplement] "Finish Touch Flawless Replacement Nail Heads 6 Pack" | product_type: "Beauty Accessories"
[2026-04-29T22:25:57.579Z]   [SKIPPED - not supplement] "Lee Stafford Coco Loco Blow Out Thermal Radial Brush" | product_type: "Beauty Accessories"
[2026-04-29T22:25:57.580Z]   [SKIPPED - not supplement] "Bambino Mio Miosolo All-In-One Cloth Nappy 'Safari Spots'" | product_type: "Other Pharmacy & Clothing"
[2026-04-29T22:25:58.086Z]   Page 34...
[2026-04-29T22:25:58.857Z]   [SKIPPED - not supplement] "Bambino Mio Miosolo All-In-One Cloth Nappy 'Elephant Stomp'" | product_type: "Other Pharmacy & Clothing"
[2026-04-29T22:25:58.858Z]   [SKIPPED - not supplement] "Calvin Klein CK Obsession Night Eau de Parfum 100 mL for Women" | product_type: "Personal Care"
[2026-04-29T22:25:58.860Z]   [SKIPPED - not supplement] "Clinique Happy EDP 100ml for Women" | product_type: "Beauty Accessories"
[2026-04-29T22:25:58.860Z]   [SKIPPED - not supplement] "Ralph Lauren Romance EDP W 100ml" | product_type: "Beauty Accessories"
[2026-04-29T22:25:58.861Z]   [SKIPPED - not supplement] "Hugo Boss In Motion M EDT 100ml" | product_type: "Beauty Accessories"
[2026-04-29T22:25:58.861Z]   [SKIPPED - not supplement] "RV Designer Collection Brow Set" | product_type: "Beauty Accessories"
[2026-04-29T22:25:58.861Z]   [SKIPPED - not supplement] "Chloe Nomade EDP Women 75ML" | product_type: "Beauty Accessories"
[2026-04-29T22:25:58.861Z]   [SKIPPED - not supplement] "Ariana Grande Thank U Next 30ml EDP" | product_type: "Beauty Accessories"
[2026-04-29T22:25:58.862Z]   [SKIPPED - not supplement] "Hugo Boss Number One EDT 100ml" | product_type: "Beauty Accessories"
[2026-04-29T22:25:58.862Z]   [SKIPPED - not supplement] "Viktor & Rolf Flowerbomb Midnight (W) EDP 100ml" | product_type: "Beauty Accessories"
[2026-04-29T22:25:58.863Z]   [SKIPPED - not supplement] "Paco Rabanne Invictus (M) Eau De Toilette 200ml" | product_type: "Beauty Accessories"
[2026-04-29T22:25:58.863Z]   [SKIPPED - not supplement] "Dolce & Gabbana Pour Femme Intense EDP 100ml" | product_type: "Beauty Accessories"
[2026-04-29T22:25:58.863Z]   [SKIPPED - not supplement] "Yves Saint Laurent Black Opium EDP (W) Extreme 90ml" | product_type: "Beauty Accessories"
[2026-04-29T22:25:58.864Z]   [SKIPPED - not supplement] "Versace Bright Crystal EDT 50ml" | product_type: "Beauty Accessories"
[2026-04-29T22:25:58.864Z]   [SKIPPED - not supplement] "Jimmy Choo EDP 100ml" | product_type: "Beauty Accessories"
[2026-04-29T22:25:58.864Z]   [SKIPPED - not supplement] "Chloe Love Story W EDT 50ml" | product_type: "Beauty Accessories"
[2026-04-29T22:25:58.864Z]   [SKIPPED - not supplement] "Versace Pour Homme EDT 50ml" | product_type: "Beauty Accessories"
[2026-04-29T22:25:58.865Z]   [SKIPPED - not supplement] "Yves Saint Laurent L'Homme Cologne Spray EDT 60ml" | product_type: "Beauty Accessories"
[2026-04-29T22:25:58.865Z]   [SKIPPED - not supplement] "Hugo Boss - Hugo Just Different M EDT 200ml" | product_type: "Beauty Accessories"
[2026-04-29T22:25:58.865Z]   [SKIPPED - not supplement] "Viktor & Rolf Flowerbomb Midnight (W) EDP 50ml" | product_type: "Beauty Accessories"
[2026-04-29T22:25:58.866Z]   [SKIPPED - not supplement] "Kim Kardashian Glam (W) EDP 100ml US" | product_type: "Beauty Accessories"
[2026-04-29T22:25:58.866Z]   [SKIPPED - not supplement] "Giorgio Armani Si Passione (W) EDP 30ml" | product_type: "Beauty Accessories"
[2026-04-29T22:25:58.866Z]   [SKIPPED - not supplement] "Estee Lauder Pleasures (W) EDP Spray 100ml" | product_type: "Beauty Accessories"
[2026-04-29T22:25:58.866Z]   [SKIPPED - not supplement] "Calvin Klein Obsession Night for Men EDT 125m" | product_type: "Beauty Accessories"
[2026-04-29T22:25:58.867Z]   [SKIPPED - not supplement] "Burberry - Mr. Burberry (M) EDT 100ml DE" | product_type: "Beauty Accessories"
[2026-04-29T22:25:58.869Z]   [SKIPPED - not supplement] "Ralph Lauren Polo Red (M) EDT 125ml" | product_type: "Beauty Accessories"
[2026-04-29T22:25:58.870Z]   [SKIPPED - not supplement] "Swisspers Make-Up Round Pads Twin Pack 160's" | product_type: "Beauty Accessories"
[2026-04-29T22:25:58.873Z]   [SKIPPED - not supplement] "Mae Headband Springcomb Clear" | product_type: "Beauty Accessories"
[2026-04-29T22:25:58.873Z]   [SKIPPED - not supplement] "Truyu Lip and Eye Brush Trio" | product_type: "Beauty Accessories"
[2026-04-29T22:25:58.874Z]   [SKIPPED - not supplement] "Mae Headband Springcomb Shell" | product_type: "Beauty Accessories"
[2026-04-29T22:25:59.386Z]   Page 35...
[2026-04-29T22:25:59.967Z]   [SKIPPED - not supplement] "Swisspers Cotton Wool Balls 200 pack" | product_type: "Beauty Accessories"
[2026-04-29T22:25:59.967Z]   [SKIPPED - not supplement] "DB Fragrance Blue 100ml" | product_type: "Beauty Accessories"
[2026-04-29T22:25:59.967Z]   [SKIPPED - not supplement] "Designer Brands Fragrance XY" | product_type: "Beauty Accessories"
[2026-04-29T22:25:59.968Z]   [SKIPPED - not supplement] "Designer Brands Fragrance GK One" | product_type: "Beauty Accessories"
[2026-04-29T22:25:59.968Z]   [SKIPPED - not supplement] "Designer Brands Fragrance Amore" | product_type: "Beauty Accessories"
[2026-04-29T22:25:59.968Z]   [SKIPPED - not supplement] "Designer Brands Fragrance Red Baccara Perfume" | product_type: "Beauty Accessories"
[2026-04-29T22:25:59.968Z]   [SKIPPED - not supplement] "Designer Brands Fragrance Lady Empire" | product_type: "Beauty Accessories"
[2026-04-29T22:25:59.969Z]   [SKIPPED - not supplement] "Designer Brands Fragrance GI Aqua" | product_type: "Beauty Accessories"
[2026-04-29T22:25:59.969Z]   [SKIPPED - not supplement] "Designer Brands Fragrance Poppy Noir" | product_type: "Beauty Accessories"
[2026-04-29T22:25:59.969Z]   [SKIPPED - not supplement] "Designer Brands Fragrance Bonjour" | product_type: "Beauty Accessories"
[2026-04-29T22:25:59.969Z]   [SKIPPED - not supplement] "Designer Brands Fragrance Possibility" | product_type: "Beauty Accessories"
[2026-04-29T22:25:59.970Z]   [SKIPPED - not supplement] "Designer Brands Fragrance Scandalous" | product_type: "Beauty Accessories"
[2026-04-29T22:25:59.970Z]   [SKIPPED - not supplement] "Designer Brands Fragrance Miss Delicate" | product_type: "Beauty Accessories"
[2026-04-29T22:25:59.970Z]   [SKIPPED - not supplement] "Designer Brands Fragrance Courageous" | product_type: "Beauty Accessories"
[2026-04-29T22:25:59.970Z]   [SKIPPED - not supplement] "Designer Brands Fragrance Intense" | product_type: "Beauty Accessories"
[2026-04-29T22:25:59.971Z]   [SKIPPED - not supplement] "Designer Brands Fragrance Flower" | product_type: "Beauty Accessories"
[2026-04-29T22:25:59.971Z]   [SKIPPED - not supplement] "Prada Candy L'Eau EDT 50ml for Women" | product_type: "Beauty Accessories"
[2026-04-29T22:25:59.971Z]   [SKIPPED - not supplement] "Mont Blanc Legend Mens Cologne Eau De Toilette 200ml" | product_type: "Beauty Accessories"
[2026-04-29T22:25:59.972Z]   [SKIPPED - not supplement] "Michael Buble By Invitation EDP 100ml for Women" | product_type: "Beauty Accessories"
[2026-04-29T22:25:59.972Z]   [SKIPPED - not supplement] "Estee Lauder Beautiful EDP 75ml for Women" | product_type: "Beauty Accessories"
[2026-04-29T22:25:59.972Z]   [SKIPPED - not supplement] "MAE Elastic Hair Tie Metallic Twist x3" | product_type: "Beauty Accessories"
[2026-04-29T22:25:59.973Z]   [SKIPPED - not supplement] "Revlon Face Volcanic Roller" | product_type: "Beauty Accessories"
[2026-04-29T22:25:59.973Z]   [SKIPPED - not supplement] "Swisspers Cotton Wool Balls 160 pack" | product_type: "Beauty Accessories"
[2026-04-29T22:25:59.975Z]   [SKIPPED - not supplement] "Vanish Gold Pro OxiAction Powder 2kg" | product_type: "Household"
[2026-04-29T22:25:59.976Z]   [SKIPPED - not supplement] "CK EUPHORIA Blossom LADIES EDT 30ml" | product_type: "Beauty Accessories"
[2026-04-29T22:25:59.976Z]   [SKIPPED - not supplement] "BRITNEY SPEARS FESTIVE FANTASY 30ML EDT" | product_type: "Beauty Accessories"
[2026-04-29T22:25:59.976Z]   [SKIPPED - not supplement] "Agent Provocateur Signature EDP 100ml" | product_type: "Beauty Accessories"
[2026-04-29T22:25:59.977Z]   [SKIPPED - not supplement] "Simply Essential 21-9000 Crystal Gua Sha Rose Quartz" | product_type: "Beauty Accessories"
[2026-04-29T22:25:59.978Z]   [SKIPPED - not supplement] "Vera Wang Princess 100ml" | product_type: "Beauty Accessories"
[2026-04-29T22:25:59.978Z]   [SKIPPED - no category] "Oil Garden Deep Connection Massage Oil 100ml" | product_type: "Lifestyle & Wellness" | tags: BRAND=Oil Garden,CAT=Essential Oils,CAT=Hand & Body,Clearance,enable-bis
[2026-04-29T22:25:59.979Z]   [SKIPPED - not supplement] "GUERLAIN La Petite Robe Noire 4x5ml" | product_type: "Beauty Accessories"
[2026-04-29T22:25:59.982Z]   [SKIPPED - not supplement] "Amor Amor EdT Spray 30ml" | product_type: "Beauty Accessories"
[2026-04-29T22:25:59.982Z]   [SKIPPED - not supplement] "1000HOUR Skin Exfoliating Wand" | product_type: "Beauty Accessories"
[2026-04-29T22:25:59.983Z]   [SKIPPED - not supplement] "1000HOUR Facial Cleansing Brush Duo" | product_type: "Beauty Accessories"
[2026-04-29T22:25:59.984Z]   [SKIPPED - not supplement] "CALA Studio Master Deluxe Powder Brush" | product_type: "Beauty Accessories"
[2026-04-29T22:25:59.984Z]   [SKIPPED - no category] "DUREX Play Massage 2n1 Sensual Gel 200ml  Ylang Ylang" | product_type: "Health & Wellbeing" | tags: coll_PriceSmash,enable-bis,MCAT=Body & Personal Care
[2026-04-29T22:25:59.985Z]   [SKIPPED - not supplement] "Manicare NOVA FIT® Face Massager" | product_type: "Beauty Accessories"
[2026-04-29T22:25:59.985Z]   [SKIPPED - not supplement] "TLC Black Basics - Mirror Pouch" | product_type: "Beauty Accessories"
[2026-04-29T22:25:59.986Z]   [SKIPPED - not supplement] "TLC Black Basics - Double Zip Holdall" | product_type: "Beauty Accessories"
[2026-04-29T22:25:59.986Z]   [SKIPPED - not supplement] "DB Glowing Brush Set 8pk" | product_type: "Beauty Accessories"
[2026-04-29T22:25:59.987Z]   [SKIPPED - not supplement] "BURBERRY Touch M EDT 100ml" | product_type: "Beauty Accessories"
[2026-04-29T22:26:00.490Z]   Page 36...
[2026-04-29T22:26:01.257Z]   [SKIPPED - not supplement] "Anais Anais 50mL EDT L" | product_type: "Beauty Accessories"
[2026-04-29T22:26:01.258Z]   [SKIPPED - not supplement] "JOOP Homme EDT Spray 125ml" | product_type: "Beauty Accessories"
[2026-04-29T22:26:01.259Z]   [SKIPPED - not supplement] "Tangle Teezer Ultimate Styler Black" | product_type: "Beauty Accessories"
[2026-04-29T22:26:01.261Z]   [SKIPPED - not supplement] "TANGLE Teezer Wet Detangler Lilac" | product_type: "Beauty Accessories"
[2026-04-29T22:26:01.264Z]   [SKIPPED - no category] "Sally Hansen Cuticle Massage Cream" | product_type: "Cosmetics" | tags: BRAND=Sally Hansen,CAT= Dr. O and Sally Hans - BF,CAT=Skin Care,enable-bis,MCAT=Beauty
[2026-04-29T22:26:01.266Z]   [SKIPPED - not supplement] "Versace Bright Crystal Absolu EDP 90ml" | product_type: "Beauty Accessories"
[2026-04-29T22:26:01.266Z]   [SKIPPED - not supplement] "Victoria’s Secret Bombshell Paris EDP Spray 50ml" | product_type: "Beauty Accessories"
[2026-04-29T22:26:01.267Z]   [SKIPPED - not supplement] "Victoria’s Secret Tease EDP Spray 50ml" | product_type: "Beauty Accessories"
[2026-04-29T22:26:01.267Z]   [SKIPPED - not supplement] "Versace Pour Femme Dylan Turquoise EDT 100ml" | product_type: "Beauty Accessories"
[2026-04-29T22:26:01.267Z]   [SKIPPED - not supplement] "Versace Pour Femme Dylan Turquoise EDT 50ml" | product_type: "Beauty Accessories"
[2026-04-29T22:26:01.268Z]   [SKIPPED - not supplement] "Guess Dare Homme EDT Spray 100ml" | product_type: "Beauty Accessories"
[2026-04-29T22:26:01.268Z]   [SKIPPED - not supplement] "GUESS 1981 Indigo Men EDT 100ml" | product_type: "Beauty Accessories"
[2026-04-29T22:26:01.268Z]   [SKIPPED - not supplement] "CK Man EDT Spray 100ml" | product_type: "Beauty Accessories"
[2026-04-29T22:26:01.268Z]   [SKIPPED - not supplement] "Guess Man EDT Spray 75ml" | product_type: "Beauty Accessories"
[2026-04-29T22:26:01.269Z]   [SKIPPED - not supplement] "CK Euphoria Men After Shave 100ml" | product_type: "Beauty Accessories"
[2026-04-29T22:26:01.269Z]   [SKIPPED - not supplement] "GUESS Marciano Man EDT 100ml" | product_type: "Beauty Accessories"
[2026-04-29T22:26:01.269Z]   [SKIPPED - not supplement] "Calvin Klein Reveal Men EDT 30ml" | product_type: "Beauty Accessories"
[2026-04-29T22:26:01.269Z]   [SKIPPED - not supplement] "Wet n Wild Contour Brush" | product_type: "Beauty Accessories"
[2026-04-29T22:26:01.270Z]   [SKIPPED - not supplement] "Wet n Wild Foundation Brush" | product_type: "Beauty Accessories"
[2026-04-29T22:26:01.270Z]   [SKIPPED - not supplement] "Wet n Wild Powder Brush" | product_type: "Beauty Accessories"
[2026-04-29T22:26:01.270Z]   [SKIPPED - not supplement] "Wet n Wild Angled Eye Liner Brush" | product_type: "Beauty Accessories"
[2026-04-29T22:26:01.271Z]   [SKIPPED - not supplement] "Wet n Wild Flat Top Brush" | product_type: "Beauty Accessories"
[2026-04-29T22:26:01.271Z]   [SKIPPED - not supplement] "Mae Brush Ionised Thermal Radial Black 33mm" | product_type: "Beauty Accessories"
[2026-04-29T22:26:01.272Z]   [SKIPPED - not supplement] "Mini By Mae Elastics Large Thin Brights (20)" | product_type: "Beauty Accessories"
[2026-04-29T22:26:01.272Z]   [SKIPPED - not supplement] "Bambino Mio Miosolo All-In-One Cloth Nappy 'Giraffe Jamboree'" | product_type: "Other Pharmacy & Clothing"
[2026-04-29T22:26:01.273Z]   [SKIPPED - not supplement] "Manicare Sonic Mini Facial Cleanser" | product_type: "Beauty Accessories"
[2026-04-29T22:26:01.273Z]   [SKIPPED - not supplement] "CK Euphoria Women EDP Spray 50ml" | product_type: "Beauty Accessories"
[2026-04-29T22:26:01.273Z]   [SKIPPED - not supplement] "Juicy Couture Viva La Juicy EDP Spray 30ml" | product_type: "Beauty Accessories"
[2026-04-29T22:26:01.274Z]   [SKIPPED - not supplement] "CALVIN KLEIN FRAGRANCES Calvin Klein Beauty Eau de Parfum 100 ML" | product_type: "Beauty Accessories"
[2026-04-29T22:26:01.274Z]   [SKIPPED - not supplement] "Guess Gold Womens EDP 75ml" | product_type: "Beauty Accessories"
[2026-04-29T22:26:01.275Z]   [SKIPPED - not supplement] "Guess Girl Belle EDT Spray 100ml" | product_type: "Beauty Accessories"
[2026-04-29T22:26:01.275Z]   [SKIPPED - not supplement] "CK Eternity Moment EDP Spray 100ml" | product_type: "Beauty Accessories"
[2026-04-29T22:26:01.275Z]   [SKIPPED - not supplement] "Ted Baker Woman Eau de Toilette Spray 75ml" | product_type: "Beauty Accessories"
[2026-04-29T22:26:01.275Z]   [SKIPPED - not supplement] "CK All EDT Spray 100ml" | product_type: "Beauty Accessories"
[2026-04-29T22:26:01.276Z]   [SKIPPED - not supplement] "Calvin Klein Euphoria Intense EDP 100 ML" | product_type: "Beauty Accessories"
[2026-04-29T22:26:01.276Z]   [SKIPPED - not supplement] "Guess Dare Woman EDT Spray 100ml" | product_type: "Beauty Accessories"
[2026-04-29T22:26:01.791Z]   Page 37...
[2026-04-29T22:26:02.611Z]   [SKIPPED - not supplement] "Swisspers Reusable Eco Cleansing Pads 4 Pack" | product_type: "Beauty Accessories"
[2026-04-29T22:26:02.613Z]   [SKIPPED - not supplement] "Garnier Pure Active Intensive Charcoal 3-in-1 Wash 150 mL" | product_type: "Beauty Accessories"
[2026-04-29T22:26:02.614Z]   [SKIPPED - not supplement] "KISS Nail Tattoos" | product_type: "Cosmetics"
[2026-04-29T22:26:02.614Z]   [SKIPPED - not supplement] "MCoBeauty Grooming Set 15 Piece" | product_type: "Beauty Accessories"
[2026-04-29T22:26:02.614Z]   [SKIPPED - not supplement] "CareSens N Premier Blood Glucose Meters" | product_type: "Health Equipment"
[2026-04-29T22:26:02.615Z]   [SKIPPED - not supplement] "Versace Eros Pour Femme EDP 50ml" | product_type: "Beauty Accessories"
[2026-04-29T22:26:02.615Z]   [SKIPPED - not supplement] "Versace Eros Pour Femme EDP 100ml for Women" | product_type: "Beauty Accessories"
[2026-04-29T22:26:02.618Z]   [SKIPPED - not supplement] "b.box Drink Bottle Blue Slate" | product_type: "Baby"
[2026-04-29T22:26:02.618Z]   [SKIPPED - not supplement] "MAE Combo Pack Elastic & Clip Navy" | product_type: "Beauty Accessories"
[2026-04-29T22:26:02.619Z]   [SKIPPED - not supplement] "EarSense F492-2 10mm Gold Hoop" | product_type: "Beauty Accessories"
[2026-04-29T22:26:02.619Z]   [SKIPPED - not supplement] "EarSense WPE-8 8mm Pearl Stud" | product_type: "Beauty Accessories"
[2026-04-29T22:26:02.619Z]   [SKIPPED - not supplement] "Versace The Dreamer EDT Spray 100ml" | product_type: "Beauty Accessories"
[2026-04-29T22:26:02.620Z]   [SKIPPED - not supplement] "Giorgio Armani Si Passione Eau De Parfum 100ml" | product_type: "Beauty Accessories"
[2026-04-29T22:26:02.620Z]   [SKIPPED - not supplement] "J'adore EDP Natural Spray 50ml" | product_type: "Beauty Accessories"
[2026-04-29T22:26:02.621Z]   [SKIPPED - not supplement] "Versace Yellow Diamond EDT Spray 50ml" | product_type: "Beauty Accessories"
[2026-04-29T22:26:02.621Z]   [SKIPPED - not supplement] "Wet n Wild Dual Pencil Sharpener" | product_type: "Cosmetics"
[2026-04-29T22:26:02.622Z]   [SKIPPED - not supplement] "CK One Gold EDT 100ml" | product_type: "Beauty Accessories"
[2026-04-29T22:26:02.622Z]   [SKIPPED - not supplement] "Pigeon Milk Powder Container 3 Tier → Pigeon Milk Powder Container 3-Tier" | product_type: "Baby"
[2026-04-29T22:26:02.622Z]   [SKIPPED - not supplement] "b.box Drink Bottle Indigo Rose" | product_type: "Baby"
[2026-04-29T22:26:02.623Z]   [SKIPPED - not supplement] "Mae. Velcro Rollers Jumbo 3 Pack" | product_type: "Beauty Accessories"
[2026-04-29T22:26:02.624Z]   [SKIPPED - not supplement] "Mae. Bobby Pins Contour 5cm Black 60 Pack" | product_type: "Beauty Accessories"
[2026-04-29T22:26:02.625Z]   [SKIPPED - not supplement] "Pigeon Flexible Peristaltic Slim Neck Teat Size L 2 Pack" | product_type: "Baby"
[2026-04-29T22:26:02.625Z]   [SKIPPED - not supplement] "Barrette Concave Gold" | product_type: "Beauty Accessories"
[2026-04-29T22:26:02.625Z]   [SKIPPED - not supplement] "Mae. Velcro Rollers Large 5 Pack" | product_type: "Beauty Accessories"
[2026-04-29T22:26:02.625Z]   [SKIPPED - not supplement] "Mae. Slumber Nets Black 2 Pack" | product_type: "Beauty Accessories"
[2026-04-29T22:26:02.626Z]   [SKIPPED - not supplement] "Elizabeth Arden Provocative Woman 100ml" | product_type: "Beauty Accessories"
[2026-04-29T22:26:02.626Z]   [SKIPPED - not supplement] "Globite Outbound Europe Travel Adapter" | product_type: "Other Pharmacy & Clothing"
[2026-04-29T22:26:02.627Z]   [SKIPPED - not supplement] "Revlon Face Defuzzers" | product_type: "Beauty Accessories"
[2026-04-29T22:26:02.628Z]   [SKIPPED - not supplement] "Bambino MioFresh Nappy Cleanser Tub 750g" | product_type: "Other Pharmacy & Clothing"
[2026-04-29T22:26:02.629Z]   [SKIPPED - not supplement] "Bambino Mio Swim Nappy Lemon Twist (6-12 months)" | product_type: "Other Pharmacy & Clothing"
[2026-04-29T22:26:02.629Z]   [SKIPPED - not supplement] "b.box Sippy Cup V2 Raspberry 240ml" | product_type: "Baby"
[2026-04-29T22:26:02.630Z]   [SKIPPED - not supplement] "MARC JACOBS FRAGRANCES Daisy Dream Eau de Toilette Spray 30 ML" | product_type: "Beauty Accessories"
[2026-04-29T22:26:02.630Z]   [SKIPPED - not supplement] "Calvin Klein Euphoria for Women EDP 100 ML" | product_type: "Beauty Accessories"
[2026-04-29T22:26:02.631Z]   [SKIPPED - not supplement] "EA Viva La Juicy EDP Spray 100ml" | product_type: "Beauty Accessories"
[2026-04-29T22:26:02.631Z]   [SKIPPED - not supplement] "EA Pretty EDP Spray 100ml" | product_type: "Beauty Accessories"
[2026-04-29T22:26:02.631Z]   [SKIPPED - not supplement] "EA Giorgio EDT Spray 90ml" | product_type: "Beauty Accessories"
[2026-04-29T22:26:02.633Z]   [SKIPPED - not supplement] "Calvin Klein CK Be Eau de Toilette Spray 200 mL" | product_type: "Beauty Accessories"
[2026-04-29T22:26:03.142Z]   Page 38...
[2026-04-29T22:26:03.864Z]   [SKIPPED - not supplement] "Issey Miyake L'Eau d'Issey Natural Spray EDT 50ml for Women" | product_type: "Beauty Accessories"
[2026-04-29T22:26:03.866Z]   [SKIPPED - not supplement] "Mae. Hair Pins 5cm Brown 62 Pack" | product_type: "Beauty Accessories"
[2026-04-29T22:26:03.867Z]   [SKIPPED - not supplement] "Dolce & Gabbana K EDT 100ml for Men" | product_type: "Beauty Accessories"
[2026-04-29T22:26:03.868Z]   [SKIPPED - not supplement] "b.box Insulated Drink Bottle Ocean Breeze" | product_type: "Baby"
[2026-04-29T22:26:03.869Z]   [SKIPPED - no category] "SKYN Sensual Touch Massage Gel 200mL" | product_type: "Health & Wellbeing" | tags: BRAND=SKYN,CAT=Sexual Health & Family Planning,Category: Health & Beauty,coll_PriceSmash,enable-bis
[2026-04-29T22:26:03.870Z]   [SKIPPED - not supplement] "Natio Complex Foundation Sponge Tulip" | product_type: "Beauty Accessories"
[2026-04-29T22:26:03.870Z]   [SKIPPED - not supplement] "Euky Bear Sweet Dreams Sleep Aid 100 mL" | product_type: "Health & Wellbeing"
[2026-04-29T22:26:03.872Z]   [SKIPPED - not supplement] "Davidoff Hot Water EDT 110ml for Men" | product_type: "Beauty Accessories"
[2026-04-29T22:26:03.875Z]   [SKIPPED - not supplement] "HB & Co. Cotton Buds Wooden 200 Pack" | product_type: "Beauty Accessories"
[2026-04-29T22:26:03.876Z]   [SKIPPED - not supplement] "Davidoff Cool Water for Women Eau de Toilette 100ml Spray" | product_type: "Beauty Accessories"
[2026-04-29T22:26:03.877Z]   [SKIPPED - not supplement] "Issey Miyake L’Eau d’Issey Natural Spray Perfume for Women EDT 100ml" | product_type: "Beauty Accessories"
[2026-04-29T22:26:04.392Z]   Page 39...
[2026-04-29T22:26:04.989Z]   [SKIPPED - not supplement] "Lee Stafford Shampoo & Scalp Brush" | product_type: "Beauty Accessories"
[2026-04-29T22:26:04.991Z]   [SKIPPED - not supplement] "Jennifer Lopez Still 100ml EDP" | product_type: "Beauty Accessories"
[2026-04-29T22:26:04.992Z]   [SKIPPED - not supplement] "Versace Pour Homme Mens Cologne 100ml" | product_type: "Beauty Accessories"
[2026-04-29T22:26:04.992Z]   [SKIPPED - not supplement] "Nautica Voyage Heritage 100ml" | product_type: "Beauty Accessories"
[2026-04-29T22:26:04.993Z]   [SKIPPED - not supplement] "Mae Springcomb Headband Black" | product_type: "Beauty Accessories"
[2026-04-29T22:26:04.994Z]   [SKIPPED - not supplement] "Libre Eau De Parfum 50Ml" | product_type: "Beauty Accessories"
[2026-04-29T22:26:04.994Z]   [SKIPPED - not supplement] "Guess Girl EDT 100ml for Women" | product_type: "Beauty Accessories"
[2026-04-29T22:26:04.994Z]   [SKIPPED - not supplement] "Narciso Ambree Neroli EDT 50ml" | product_type: "Beauty Accessories"
[2026-04-29T22:26:04.995Z]   [SKIPPED - not supplement] "Davidoff Cool Water For Woman EDT 200ml" | product_type: "Beauty Accessories"
[2026-04-29T22:26:04.995Z]   [SKIPPED - not supplement] "Narciso Ambree EDP Spray 90ml" | product_type: "Beauty Accessories"
[2026-04-29T22:26:04.995Z]   [SKIPPED - not supplement] "Dolce & Gabbana K EDT 150ml for Men" | product_type: "Beauty Accessories"
[2026-04-29T22:26:04.997Z]   [SKIPPED - not supplement] "Mon Paris Eau de Parfum 90ml" | product_type: "Beauty Accessories"
[2026-04-29T22:26:04.998Z]   [SKIPPED - not supplement] "Mae. Brush Essential Oval Pad Small" | product_type: "Beauty Accessories"
[2026-04-29T22:26:04.998Z]   [SKIPPED - not supplement] "Dolce & Gabbana Intenso Eau De Parfum for Men 125ml" | product_type: "Beauty Accessories"
[2026-04-29T22:26:04.999Z]   [SKIPPED - not supplement] "Versace Dylan Blue Por Homme Cologne EDT 100ml" | product_type: "Beauty Accessories"
[2026-04-29T22:26:05.000Z]   [SKIPPED - not supplement] "Natio Double-Ended Contour Brush" | product_type: "Beauty Accessories"
[2026-04-29T22:26:05.000Z]   [SKIPPED - not supplement] "Paco Rabanne 1 Million Mens Cologne 100ml" | product_type: "Beauty Accessories"
[2026-04-29T22:26:05.000Z]   [SKIPPED - not supplement] "Armani Si Eau De Parfum 100ml" | product_type: "Beauty Accessories"
[2026-04-29T22:26:05.001Z]   [SKIPPED - not supplement] "Calvin Klein CK One Eau de Toilette Spray 200 ML" | product_type: "Beauty Accessories"
[2026-04-29T22:26:05.002Z]   [SKIPPED - not supplement] "Guess Marciano EDP 100ml" | product_type: "Beauty Accessories"
[2026-04-29T22:26:05.003Z]   [SKIPPED - not supplement] "Revlon Colorstay Gel Envy™ Nail Enamel Diamond Top Coat" | product_type: "Beauty Accessories"
[2026-04-29T22:26:05.004Z]   [SKIPPED - not supplement] "Davidoff Cool Water Cologne Eau De Toilette For Men 125ml" | product_type: "Beauty Accessories"
[2026-04-29T22:26:05.006Z]   [SKIPPED - not supplement] "Natio Kabuki Brush" | product_type: "Beauty Accessories"
[2026-04-29T22:26:05.521Z]   Page 40...
[2026-04-29T22:26:06.589Z]   [SKIPPED - not supplement] "Elizabeth Arden Red Door EDT 100ml for Women" | product_type: "Beauty Accessories"
[2026-04-29T22:26:06.591Z]   [SKIPPED - not supplement] "CARESENS Blood Glucose Test Strips For N Type Meters" | product_type: "Health Equipment"
[2026-04-29T22:26:06.591Z]   [SKIPPED - not supplement] "Hugo Boss HUGO XY EDT 100ml for Men" | product_type: "Beauty Accessories"
[2026-04-29T22:26:06.592Z]   [SKIPPED - not supplement] "Elizabeth Arden Sunflowers Eau de Toilette Spray 100 mL" | product_type: "Beauty Accessories"
[2026-04-29T22:26:06.593Z]   [SKIPPED - not supplement] "POLO Black EDT Spray 125ml" | product_type: "Beauty Accessories"
[2026-04-29T22:26:06.593Z]   [SKIPPED - not supplement] "Elizabeth Arden True Love EDT 100ml" | product_type: "Beauty Accessories"
[2026-04-29T22:26:06.594Z]   [SKIPPED - not supplement] "Mae Elastics Soft Ponytailers Brown 10 Pack" | product_type: "Beauty Accessories"
[2026-04-29T22:26:06.594Z]   [SKIPPED - not supplement] "Mae Elastics Soft Ponytailers Black 10 Pack" | product_type: "Beauty Accessories"
[2026-04-29T22:26:06.595Z]   [SKIPPED - not supplement] "Simply Essential Makeup Remover Rounds 2 Pack" | product_type: "Beauty Accessories"
[2026-04-29T22:26:06.595Z]   [SKIPPED - not supplement] "Simply Essential Makeup Remover Cloths 2 Pack" | product_type: "Beauty Accessories"
[2026-04-29T22:26:06.595Z]   [SKIPPED - not supplement] "Elastics Polybands Brown/Blonde 100 Pack" | product_type: "Beauty Accessories"
[2026-04-29T22:26:06.596Z]   [SKIPPED - not supplement] "Avent 3-in-1 Electric Baby Bottle Steamer & Steriliser" | product_type: "Baby"
[2026-04-29T22:26:06.596Z]   [SKIPPED - not supplement] "Elizabeth Arden 5th Avenue EDP 125ml for Women" | product_type: "Beauty Accessories"
[2026-04-29T22:26:06.596Z]   [SKIPPED - not supplement] "Truyu Slant Tip + Mint Tweezer" | product_type: "Beauty Accessories"
[2026-04-29T22:26:06.600Z]   [SKIPPED - not supplement] "REAL Tech. Everyday Essentials" | product_type: "Beauty Accessories"
[2026-04-29T22:26:06.601Z]   [SKIPPED - no category] "Optimum Nutrition Amino Energy Sparkling Juicy Strawberry 355ml" | product_type: "Health & Wellbeing" | tags: enable-bis
[2026-04-29T22:26:06.601Z]   [SKIPPED - no category] "Optimum Nutrition Amino Energy Sparkling Orange 355ml" | product_type: "Health & Wellbeing" | tags: enable-bis
[2026-04-29T22:26:06.602Z]   [SKIPPED - no category] "Optimum Nutrition Amino Energy Sparkling Mango Pineapple Limeade 355ml" | product_type: "Health & Wellbeing" | tags: enable-bis
[2026-04-29T22:26:06.602Z]   [SKIPPED - no category] "Optimum Nutrition Amino Energy Sparkling Watermelon 355ml" | product_type: "Health & Wellbeing" | tags: enable-bis
[2026-04-29T22:26:06.602Z]   [SKIPPED - not supplement] "Surgipack Gloves Cotton Reg H/Hands Large" | product_type: "Health Equipment"
[2026-04-29T22:26:06.603Z]   [SKIPPED - not supplement] "Surgipack Cotton Gloves Small" | product_type: "Health Equipment"
[2026-04-29T22:26:06.604Z]   [SKIPPED - not supplement] "Lansinoh Breastmilk Storage Bags 25's" | product_type: "Baby"
[2026-04-29T22:26:06.604Z]   [SKIPPED - not supplement] "Bambino Mio Swim Nappy Radiant Ray (0-6 months)" | product_type: "Other Pharmacy & Clothing"
[2026-04-29T22:26:06.605Z]   [SKIPPED - not supplement] "DYLON Hand Wash Fabric Dye Intense Black 50g" | product_type: "Other Pharmacy & Clothing"
[2026-04-29T22:26:07.110Z]   Page 41...
[2026-04-29T22:26:07.879Z]   [SKIPPED - not supplement] "Swisspers Absorbent Nursing Pads 20 Pack" | product_type: "Baby"
[2026-04-29T22:26:07.880Z]   [SKIPPED - not supplement] "Surgipack Cotton Gloves" | product_type: "Health Equipment"
[2026-04-29T22:26:07.880Z]   [SKIPPED - not supplement] "EarSense FA632S Silver Cubic Zirconia Trio 4 5 & 6mm" | product_type: "Beauty Accessories"
[2026-04-29T22:26:07.881Z]   [SKIPPED - not supplement] "Elizabeth Arden Mediterranean Eau de Parfum 100 mL for Women" | product_type: "Beauty Accessories"
[2026-04-29T22:26:07.881Z]   [SKIPPED - not supplement] "Juicy Couture Viva La Juicy Noir EDP 100ml for Women" | product_type: "Beauty Accessories"
[2026-04-29T22:26:07.881Z]   [SKIPPED - not supplement] "Elizabeth Taylor White Diamonds EDT 100ml for Women" | product_type: "Beauty Accessories"
[2026-04-29T22:26:07.882Z]   [SKIPPED - not supplement] "Britney Spears Curious Eau de Parfum 30 mL for Women" | product_type: "Beauty Accessories"
[2026-04-29T22:26:07.882Z]   [SKIPPED - not supplement] "Juicy Couture Viva La Juicy Rose EDP 30ml for Women" | product_type: "Beauty Accessories"
[2026-04-29T22:26:07.882Z]   [SKIPPED - not supplement] "Juicy Couture Viva La Juicy Rose EDP 100ml for Women" | product_type: "Beauty Accessories"
[2026-04-29T22:26:07.882Z]   [SKIPPED - no category] "Optimum Nutrition Amino Energy + Electrolytes Sparkling Blue Lemonade 355ml" | product_type: "Health & Wellbeing" | tags: BRAND=Optimum Nutrition,CAT=Sports Nutrition,enable-bis,MCAT=Lifestyle & Wellness,SUBCAT=Hydration Drinks
[2026-04-29T22:26:07.883Z]   [SKIPPED - not supplement] "Bondi Blades Dermaplaning Blades 3 Pack" | product_type: "Beauty Accessories"
[2026-04-29T22:26:07.885Z]   [SKIPPED - not supplement] "Avent 4 -in-1 Baby Food Maker & Blender" | product_type: "Baby"
[2026-04-29T22:26:07.885Z]   [SKIPPED - not supplement] "EarSense F390 Gold & Silver Teardrop French Hook" | product_type: "Beauty Accessories"
[2026-04-29T22:26:07.888Z]   [SKIPPED - not supplement] "Truyu Tweezer Triple Set" | product_type: "Beauty Accessories"
[2026-04-29T22:26:07.888Z]   [SKIPPED - not supplement] "Truyu Curl Wonder" | product_type: "Beauty Accessories"
[2026-04-29T22:26:07.889Z]   [SKIPPED - not supplement] "Truyu Toenail Nippers" | product_type: "Beauty Accessories"
[2026-04-29T22:26:07.889Z]   [SKIPPED - not supplement] "TLC Break Wave Flat Pouch" | product_type: "Beauty Accessories"
[2026-04-29T22:26:07.889Z]   [SKIPPED - not supplement] "Tangle Teezer Easy Dry & Go Brush Sweet Pea" | product_type: "Beauty Accessories"
[2026-04-29T22:26:07.890Z]   [SKIPPED - not supplement] "Tangle Teezer Easy Dry & Go Brush Pale Pink" | product_type: "Beauty Accessories"
[2026-04-29T22:26:07.890Z]   [SKIPPED - not supplement] "Tangle Teezer Easy Dry & Go Brush Cerise" | product_type: "Beauty Accessories"
[2026-04-29T22:26:07.891Z]   [SKIPPED - not supplement] "Tangle Teezer Easy Dry & Go Vented Hairbrush Jet Black" | product_type: "Beauty Accessories"
[2026-04-29T22:26:07.891Z]   [SKIPPED - not supplement] "Tangle Teezer Thick & Curly Azure Blue" | product_type: "Beauty Accessories"
[2026-04-29T22:26:07.892Z]   [SKIPPED - not supplement] "Tangle Teezer The Round Tool Small" | product_type: "Beauty Accessories"
[2026-04-29T22:26:07.892Z]   [SKIPPED - not supplement] "Tangle Teezer The Smoothing Tool Black Half" | product_type: "Beauty Accessories"
[2026-04-29T22:26:07.893Z]   [SKIPPED - not supplement] "Revlon Skin Reviving Roller" | product_type: "Beauty Accessories"
[2026-04-29T22:26:07.894Z]   [SKIPPED - not supplement] "Simply Essential SE-102 3D Silicone Blending Sponge" | product_type: "Beauty Accessories"
[2026-04-29T22:26:07.894Z]   [SKIPPED - not supplement] "Simply Essential Hair Cutting Scissors" | product_type: "Beauty Accessories"
[2026-04-29T22:26:07.894Z]   [SKIPPED - not supplement] "SIMPLY Essential Disposable Mascara Wand x20" | product_type: "Beauty Accessories"
[2026-04-29T22:26:07.895Z]   [SKIPPED - not supplement] "Simply Essential ProNail Shaper Diamond Medium" | product_type: "Beauty Accessories"
[2026-04-29T22:26:07.895Z]   [SKIPPED - not supplement] "Simply Essential 20-2006 Makeup Remover Rounds 2" | product_type: "Beauty Accessories"
[2026-04-29T22:26:07.895Z]   [SKIPPED - not supplement] "SIMPLY ESSENTIAL FOGLESS BATHROOM MIRROR WITH HOOK" | product_type: "Beauty Accessories"
[2026-04-29T22:26:08.411Z]   Page 42...
[2026-04-29T22:26:09.048Z]   [SKIPPED - no category] "Palmer's Cocoa Butter Massage Cream for Stretch Marks 125g" | product_type: "Skin Care" | tags: 10% off store wide,BRAND=Palmer's,CAT=Body Treatments,Category: Health & Beauty,coll_PriceSmash
[2026-04-29T22:26:09.050Z]   [SKIPPED - not supplement] "Neat Feat Shoe Deodouriser Spray-On 125ml" | product_type: "Personal Care"
[2026-04-29T22:26:09.050Z]   [SKIPPED - not supplement] "Neat Feat Ladies 3/4 Active Fit Medium" | product_type: "Personal Care"
[2026-04-29T22:26:09.050Z]   [SKIPPED - not supplement] "Neat Feat Ladies 3/4 Active Fit Large" | product_type: "Personal Care"
[2026-04-29T22:26:09.051Z]   [SKIPPED - no category] "Neat Feat Energy Massage Gel Insole Mens" | product_type: "Personal Care" | tags: BRAND=Neat Feat,CAT=Foot Care,enable-bis,MCAT=Body & Personal Care,SUBCAT=Orthotics & Insoles
[2026-04-29T22:26:09.051Z]   [SKIPPED - no category] "Neat Feat Energy Massage Gel Insole Women" | product_type: "Personal Care" | tags: BRAND=Neat Feat,CAT=Foot Care,enable-bis,MCAT=Body & Personal Care,SUBCAT=Orthotics & Insoles
[2026-04-29T22:26:09.054Z]   [SKIPPED - not supplement] "Maseur Footcare Sneaker Wipes 20 Pack" | product_type: "Other Pharmacy & Clothing"
[2026-04-29T22:26:09.055Z]   [SKIPPED - not supplement] "Maseur Footcare Sneaker Whitener 75mL" | product_type: "Other Pharmacy & Clothing"
[2026-04-29T22:26:09.055Z]   [SKIPPED - not supplement] "Maseur Footcare Sneaker Stain Remover 120mL" | product_type: "Other Pharmacy & Clothing"
[2026-04-29T22:26:09.055Z]   [SKIPPED - not supplement] "Maseur Footcare Sneaker Foam Cleaner 150mL" | product_type: "Other Pharmacy & Clothing"
[2026-04-29T22:26:09.056Z]   [SKIPPED - not supplement] "Elastics Scrunchie Black And White Bow" | product_type: "Beauty Accessories"
[2026-04-29T22:26:09.056Z]   [SKIPPED - not supplement] "ADORN Pins Pearl (6)" | product_type: "Beauty Accessories"
[2026-04-29T22:26:09.057Z]   [SKIPPED - not supplement] "Barrette Slim Gold" | product_type: "Beauty Accessories"
[2026-04-29T22:26:09.057Z]   [SKIPPED - not supplement] "ADORN Slides Pearl And Diamante (4)" | product_type: "Beauty Accessories"
[2026-04-29T22:26:09.058Z]   [SKIPPED - not supplement] "Mini By Mae Headband Large Bow Apricot" | product_type: "Beauty Accessories"
[2026-04-29T22:26:09.058Z]   [SKIPPED - not supplement] "Mini By Mae Headband Soft Leopard" | product_type: "Beauty Accessories"
[2026-04-29T22:26:09.058Z]   [SKIPPED - not supplement] "Mini By Mae Headband Large Bow Navy" | product_type: "Beauty Accessories"
[2026-04-29T22:26:09.059Z]   [SKIPPED - not supplement] "Mini By Mae Elastic Scrunchie Butterfly Pink" | product_type: "Beauty Accessories"
[2026-04-29T22:26:09.059Z]   [SKIPPED - not supplement] "Mini By Mae MBM Elastic Scrunchie Tutu White" | product_type: "Beauty Accessories"
[2026-04-29T22:26:09.059Z]   [SKIPPED - not supplement] "Mini By Mae Elastic Scrunchie Butterfly White" | product_type: "Beauty Accessories"
[2026-04-29T22:26:09.059Z]   [SKIPPED - not supplement] "Mini By Mae Elastic Scrunchie Rainbow Frill" | product_type: "Beauty Accessories"
[2026-04-29T22:26:09.060Z]   [SKIPPED - not supplement] "Mini By Mae Elastic Scrunchie Gold Dot" | product_type: "Beauty Accessories"
[2026-04-29T22:26:09.060Z]   [SKIPPED - not supplement] "Mini By Mae One Touch Clips Shooting Star (2)" | product_type: "Beauty Accessories"
[2026-04-29T22:26:09.060Z]   [SKIPPED - not supplement] "Mini By Mae Alligator Clips Dusky Pink (2)" | product_type: "Beauty Accessories"
[2026-04-29T22:26:09.060Z]   [SKIPPED - not supplement] "Mini By Mae Alligator Clips Bow Green (2)" | product_type: "Beauty Accessories"
[2026-04-29T22:26:09.061Z]   [SKIPPED - not supplement] "Mini By Mae Hairbrush Mini Square" | product_type: "Beauty Accessories"
[2026-04-29T22:26:09.061Z]   [SKIPPED - not supplement] "Mini By Mae Brush Natural Bristle Baby" | product_type: "Beauty Accessories"
[2026-04-29T22:26:09.061Z]   [SKIPPED - not supplement] "MAE Elastic Hair tie Large Neutral 4" | product_type: "Beauty Accessories"
[2026-04-29T22:26:09.061Z]   [SKIPPED - not supplement] "MAE Elastic Hair Tyes Large Blue/Grey x4" | product_type: "Beauty Accessories"
[2026-04-29T22:26:09.062Z]   [SKIPPED - not supplement] "MAE 40-2259N Elast. XL Neutrals 4" | product_type: "Beauty Accessories"
[2026-04-29T22:26:09.062Z]   [SKIPPED - not supplement] "MAE Elastic Bungee Black 6" | product_type: "Beauty Accessories"
[2026-04-29T22:26:09.063Z]   [SKIPPED - not supplement] "Lee Stafford The Big In Shower Comb" | product_type: "Beauty Accessories"
[2026-04-29T22:26:09.063Z]   [SKIPPED - not supplement] "Lee Stafford The Backcomber" | product_type: "Beauty Accessories"
[2026-04-29T22:26:09.063Z]   [SKIPPED - not supplement] "Lee Stafford Smooth & Polish Paddle Brush" | product_type: "Beauty Accessories"
[2026-04-29T22:26:09.063Z]   [SKIPPED - not supplement] "Lee Stafford Hair Up Styling Brush" | product_type: "Beauty Accessories"
[2026-04-29T22:26:09.064Z]   [SKIPPED - not supplement] "Lee Stafford. Coco Loco Handbag Brush" | product_type: "Beauty Accessories"
[2026-04-29T22:26:09.064Z]   [SKIPPED - not supplement] "Lee Stafford Coco Loco Comb Out The Curl Brush" | product_type: "Beauty Accessories"
[2026-04-29T22:26:09.064Z]   [SKIPPED - not supplement] "Lee Stafford Blow Out Volumizing Brush" | product_type: "Beauty Accessories"
[2026-04-29T22:26:09.577Z]   Page 43...
[2026-04-29T22:26:10.188Z]   [SKIPPED - not supplement] "Globite Pegless Clothes Line" | product_type: "Other Pharmacy & Clothing"
[2026-04-29T22:26:10.189Z]   [SKIPPED - not supplement] "Globite Rain Poncho" | product_type: "Other Pharmacy & Clothing"
[2026-04-29T22:26:10.190Z]   [SKIPPED - not supplement] "Globite Travel Laundry Bag" | product_type: "Other Pharmacy & Clothing"
[2026-04-29T22:26:10.190Z]   [SKIPPED - not supplement] "Revlon Eyebrow Precision Shaper" | product_type: "Beauty Accessories"
[2026-04-29T22:26:10.192Z]   [SKIPPED - not supplement] "EarSense CH244 Silver Crystal Heart Stud" | product_type: "Beauty Accessories"
[2026-04-29T22:26:10.195Z]   [SKIPPED - no category] "Relief Dolphin Clinic Massage Oil 100ml" | product_type: "Health & Wellbeing" | tags: 10% off store wide,Bargains Best Price,BRAND=Dolphin Clinic,CAT=Essential Oils,enable-bis
[2026-04-29T22:26:10.196Z]   [SKIPPED - no category] "Lavender & Ylang Ylang Dolphin Clinic Massage Oil 200ml" | product_type: "Health & Wellbeing" | tags: Bargains Best Price,BRAND=Dolphin Clinic,CAT=Essential Oils,enable-bis,INGREDIENTS=Lavender
[2026-04-29T22:26:10.711Z]   Page 44...
[2026-04-29T22:26:12.014Z]   [SKIPPED - not supplement] "b.box Insulated Drink Bottle Replacement Straw Tops 2pack" | product_type: "Baby"
[2026-04-29T22:26:12.015Z]   [SKIPPED - not supplement] "Bambino Mio Swim Rash Top Violet S 0-6m" | product_type: "Other Pharmacy & Clothing"
[2026-04-29T22:26:12.015Z]   [SKIPPED - not supplement] "Bambino Mio Swim Rash Top Neon M 6-12m" | product_type: "Other Pharmacy & Clothing"
[2026-04-29T22:26:12.015Z]   [SKIPPED - not supplement] "BAMBINO MIO Solo Strawberry Cream" | product_type: "Other Pharmacy & Clothing"
[2026-04-29T22:26:12.016Z]   [SKIPPED - not supplement] "Bambino Mio Swim Nappy Pineapple Party (1-2 years old)" | product_type: "Other Pharmacy & Clothing"
[2026-04-29T22:26:12.016Z]   [SKIPPED - not supplement] "Bambino Mio Swim Nappy Neon Shark (0-6 months)" | product_type: "Other Pharmacy & Clothing"
[2026-04-29T22:26:12.016Z]   [SKIPPED - not supplement] "Bambino Mio Swim Nappy Mellow Melon (6-12 months)" | product_type: "Other Pharmacy & Clothing"
[2026-04-29T22:26:12.016Z]   [SKIPPED - not supplement] "Bambino Mio Swim Nappy Mellow Melon (1-2 years old)" | product_type: "Other Pharmacy & Clothing"
[2026-04-29T22:26:12.017Z]   [SKIPPED - not supplement] "Bambino Mio Swim Nappy Mellow Melon (0-6 months)" | product_type: "Other Pharmacy & Clothing"
[2026-04-29T22:26:12.017Z]   [SKIPPED - not supplement] "Bambino Mio Swim Nappy Lemon Twist (1-2 years old)" | product_type: "Other Pharmacy & Clothing"
[2026-04-29T22:26:12.017Z]   [SKIPPED - not supplement] "Bambino Mio Swim Nappy Electro Fish (0-6 months)" | product_type: "Other Pharmacy & Clothing"
[2026-04-29T22:26:12.017Z]   [SKIPPED - not supplement] "Bambino Mio Swim Nappy Cool Citrus (1-2 years old)" | product_type: "Other Pharmacy & Clothing"
[2026-04-29T22:26:12.018Z]   [SKIPPED - not supplement] "Bambino Mio Swim Nappy Cool Citrus (0-6months)" | product_type: "Other Pharmacy & Clothing"
[2026-04-29T22:26:12.020Z]   [SKIPPED - not supplement] "Alligator Clips Gold (4)" | product_type: "Beauty Accessories"
[2026-04-29T22:26:12.020Z]   [SKIPPED - not supplement] "BURBERRY MrB Indigo EDT 100ml" | product_type: "Beauty Accessories"
[2026-04-29T22:26:12.025Z]   [SKIPPED - not supplement] "Elizabeth Arden 5th Avenue EDP 75ml for Women" | product_type: "Beauty Accessories"
[2026-04-29T22:26:12.026Z]   [SKIPPED - not supplement] "Philips Avent Electric Baby Bottle Warmer" | product_type: "Baby"
[2026-04-29T22:26:12.027Z]   [SKIPPED - not supplement] "Yves Saint Laurent Black Opium Glowing EDT 90ml for Women" | product_type: "Beauty Accessories"
[2026-04-29T22:26:12.027Z]   [SKIPPED - not supplement] "HB&Co. Sewing Kit" | product_type: "Other Pharmacy & Clothing"
[2026-04-29T22:26:12.528Z]   Page 45...
[2026-04-29T22:26:13.181Z]   [SKIPPED - not supplement] "Stella McCartney Pop Bluebell EDP 100ml for Women" | product_type: "Beauty Accessories"
[2026-04-29T22:26:13.182Z]   [SKIPPED - not supplement] "Calvin Klein CK IN2U Him EDT 150ml" | product_type: "Beauty Accessories"
[2026-04-29T22:26:13.183Z]   [SKIPPED - not supplement] "KIWI Express Shine Sponge Neutral" | product_type: "Other Pharmacy & Clothing"
[2026-04-29T22:26:13.183Z]   [SKIPPED - not supplement] "KIWI Express Shine Sponge Black" | product_type: "Other Pharmacy & Clothing"
[2026-04-29T22:26:13.184Z]   [SKIPPED - not supplement] "b.box Drink Bottle Strawberry Shake" | product_type: "Baby"
[2026-04-29T22:26:13.184Z]   [SKIPPED - not supplement] "Calvin Klein Euphoria Men EDT 100ml" | product_type: "Beauty Accessories"
[2026-04-29T22:26:13.186Z]   [SKIPPED - no category] "SKYN Pulse Personal Massager Pack" | product_type: "Health & Wellbeing" | tags: adult toys,BRAND=SKYN,CAT=Sexual Health & Family Planning,Category: Health & Beauty,coll_PriceSmash
[2026-04-29T22:26:13.187Z]   [SKIPPED - not supplement] "CALA Studio Master Fan Brush" | product_type: "Beauty Accessories"
[2026-04-29T22:26:13.187Z]   [SKIPPED - not supplement] "Finishing Touch Flawless Salon Nails" | product_type: "Beauty Accessories"
[2026-04-29T22:26:13.187Z]   [SKIPPED - not supplement] "HB&Co. Lint Roller 60 Sheets" | product_type: "Household"
[2026-04-29T22:26:13.188Z]   [SKIPPED - not supplement] "HB&Co. Make Up Remover Cloth 2pk" | product_type: "Beauty Accessories"
[2026-04-29T22:26:13.188Z]   [SKIPPED - not supplement] "HB&Co. Lint Roller 60 Sheets (Refill) 2pk" | product_type: "Household"
[2026-04-29T22:26:13.189Z]   [SKIPPED - not supplement] "CALA Studio Master Angled Eyeshadow Brush" | product_type: "Beauty Accessories"
[2026-04-29T22:26:13.190Z]   [SKIPPED - not supplement] "HB&Co. Snag Free Hair Elastics 12pk" | product_type: "Beauty Accessories"
[2026-04-29T22:26:13.190Z]   [SKIPPED - not supplement] "CALA Studio Master Eyelash & Brow Groomer" | product_type: "Beauty Accessories"
[2026-04-29T22:26:13.191Z]   [SKIPPED - not supplement] "CALA Studio Master Tapered Eyeshadow Brush" | product_type: "Beauty Accessories"
[2026-04-29T22:26:13.191Z]   [SKIPPED - not supplement] "HB&Co. Kink-Free Hair Coils 3 Pack" | product_type: "Beauty Accessories"
[2026-04-29T22:26:13.191Z]   [SKIPPED - not supplement] "The Moseley Esquire Comb" | product_type: "Beauty Accessories"
[2026-04-29T22:26:13.192Z]   [SKIPPED - not supplement] "The Digbeth Pocket Comb" | product_type: "Beauty Accessories"
[2026-04-29T22:26:13.192Z]   [SKIPPED - not supplement] "The Harborne Vanity Comb" | product_type: "Beauty Accessories"
[2026-04-29T22:26:13.193Z]   [SKIPPED - not supplement] "The Newhall Flick Comb" | product_type: "Beauty Accessories"
[2026-04-29T22:26:13.193Z]   [SKIPPED - not supplement] "CALA Blending Brush" | product_type: "Beauty Accessories"
[2026-04-29T22:26:13.193Z]   [SKIPPED - not supplement] "CALA Lash Applicator Pink" | product_type: "Beauty Accessories"
[2026-04-29T22:26:13.194Z]   [SKIPPED - not supplement] "CALA Large Shading Brush" | product_type: "Beauty Accessories"
[2026-04-29T22:26:13.195Z]   [SKIPPED - not supplement] "Chicco Perfect 5 Physio Teat 6M+ Food Flow 2 Pack" | product_type: "Baby"
[2026-04-29T22:26:13.195Z]   [SKIPPED - not supplement] "Chicco Natural Feeling Teat 6M+ Fast Flow 2 Pack" | product_type: "Baby"
[2026-04-29T22:26:13.195Z]   [SKIPPED - not supplement] "Chicco Perfect 5 Bottle 150ml 0M+ Slow Blue" | product_type: "Baby"
[2026-04-29T22:26:13.196Z]   [SKIPPED - not supplement] "Chicco Natural Feeling Teat 2M+ Med Flow 1 Pack" | product_type: "Baby"
[2026-04-29T22:26:13.196Z]   [SKIPPED - not supplement] "Chicco Perfect 5 Physio Teat 2M+ Med Flow 2 Pack" | product_type: "Baby"
[2026-04-29T22:26:13.196Z]   [SKIPPED - not supplement] "Chicco Perfect 5 Bottle 150ml 0M+ Slow Pink" | product_type: "Baby"
[2026-04-29T22:26:13.197Z]   [SKIPPED - not supplement] "Chicco Perfect 5 Physio Teat 4M+ Fast Flow 2 Pack" | product_type: "Baby"
[2026-04-29T22:26:13.197Z]   [SKIPPED - not supplement] "Chicco Perfect 5 Bottle 240ml 2M+ Medium Flow Blue" | product_type: "Baby"
[2026-04-29T22:26:13.198Z]   [SKIPPED - not supplement] "Chicco Perfect 5 Physio Teat 0M+ Slow Flow 2 Pack" | product_type: "Baby"
[2026-04-29T22:26:13.198Z]   [SKIPPED - not supplement] "Chicco Natural Feeling Teat 4M+ Adj Flow 2 Pack" | product_type: "Baby"
[2026-04-29T22:26:13.198Z]   [SKIPPED - not supplement] "Footcare Fashion Laces 120cm 3 Pairs" | product_type: "Other Pharmacy & Clothing"
[2026-04-29T22:26:13.203Z]   [SKIPPED - not supplement] "Philips Avent Bath and Bedroom Baby Thermometer Waterproof" | product_type: "Baby"
[2026-04-29T22:26:13.707Z]   Page 46...
[2026-04-29T22:26:14.615Z]   [SKIPPED - not supplement] "Joop! Jump for Men Eau de Toilette 100ml Spray" | product_type: "Beauty Accessories"
[2026-04-29T22:26:14.615Z]   [SKIPPED - not supplement] "CALVIN KLEIN Aqua for him EDT Spray 100 ML" | product_type: "Beauty Accessories"
[2026-04-29T22:26:14.617Z]   [SKIPPED - not supplement] "Chloe Love Story EDP 75ml for Women" | product_type: "Beauty Accessories"
[2026-04-29T22:26:14.617Z]   [SKIPPED - not supplement] "CK One Shock Eau de Toilette Ladies Perfume 200ml" | product_type: "Beauty Accessories"
[2026-04-29T22:26:15.134Z]   Page 47...
[2026-04-29T22:26:16.071Z]   [SKIPPED - not supplement] "TITS UP Nude Boob Tape" | product_type: "Beauty Accessories"
[2026-04-29T22:26:16.071Z]   [SKIPPED - not supplement] "TITS UP Double Sided Tape" | product_type: "Beauty Accessories"
[2026-04-29T22:26:16.072Z]   [SKIPPED - not supplement] "TITS UP Silicone Nipple Covers" | product_type: "Beauty Accessories"
[2026-04-29T22:26:16.072Z]   [SKIPPED - not supplement] "L'Oréal Paris Age Perfect Intense Nutrition Day Cream" | product_type: "Beauty Accessories"
[2026-04-29T22:26:16.073Z]   [SKIPPED - not supplement] "L'Oréal Paris Age Perfect Cell Renewal Revitalising SPF15 Day Cream" | product_type: "Beauty Accessories"
[2026-04-29T22:26:16.076Z]   [SKIPPED - not supplement] "Dr. LeWinn's Line Smoothing Complex Eye Recovery Complex 15 g" | product_type: "Beauty Accessories"
[2026-04-29T22:26:16.076Z]   [SKIPPED - not supplement] "Elastics Slim Scrunchies Greys" | product_type: "Beauty Accessories"
[2026-04-29T22:26:16.077Z]   [SKIPPED - no category] "d3 Personal Therapeutic Massage Gun" | product_type: "Health Equipment" | tags: BRAND=d3,CAT=Sports & Recreation,d3,enable-bis,MCAT=Lifestyle & Wellness
[2026-04-29T22:26:16.079Z]   [SKIPPED - not supplement] "Burberry Weekend EDP 100ml for Women" | product_type: "Beauty Accessories"
[2026-04-29T22:26:16.079Z]   [SKIPPED - not supplement] "Calvin Klein Escape EDT 100ml for Men" | product_type: "Beauty Accessories"
[2026-04-29T22:26:16.080Z]   [SKIPPED - not supplement] "Burberry Weekend EDT 100ml for Men" | product_type: "Beauty Accessories"
[2026-04-29T22:26:16.080Z]   [SKIPPED - not supplement] "Burberry London for Men Eau de Toilette 100ml Spray" | product_type: "Beauty Accessories"
[2026-04-29T22:26:16.595Z]   Page 48...
[2026-04-29T22:26:17.332Z]   [SKIPPED - not supplement] "Calvin Klein Eternity Flame EDT 100ml for Men" | product_type: "Beauty Accessories"
[2026-04-29T22:26:17.332Z]   [SKIPPED - not supplement] "Burberry Brit For Him EDT 100ml" | product_type: "Beauty Accessories"
[2026-04-29T22:26:17.333Z]   [SKIPPED - not supplement] "b.box Travel Bib & Spoon Cactus Capers" | product_type: "Baby"
[2026-04-29T22:26:17.333Z]   [SKIPPED - not supplement] "b.box Bottle Brush/Teat Cleaner Aqua Groove" | product_type: "Baby"
[2026-04-29T22:26:17.333Z]   [SKIPPED - not supplement] "b.box Bottle Brush/Teat Cleaner Lime Twist" | product_type: "Baby"
[2026-04-29T22:26:17.333Z]   [SKIPPED - not supplement] "b.box Bottle Brush/Teat Cleaner Berry Surprise" | product_type: "Baby"
[2026-04-29T22:26:17.334Z]   [SKIPPED - not supplement] "b.box Tritan Replacement Straws 450ml & 650ml 2 Pack" | product_type: "Baby"
[2026-04-29T22:26:17.334Z]   [SKIPPED - not supplement] "Mini By Mae Elastic Scrunchie Daisy White" | product_type: "Beauty Accessories"
[2026-04-29T22:26:17.334Z]   [SKIPPED - not supplement] "Mini By Mae Butterfly Clips Dusk (6)" | product_type: "Beauty Accessories"
[2026-04-29T22:26:17.335Z]   [SKIPPED - not supplement] "Mini By Mae Alligator Clip Tulle Navy" | product_type: "Beauty Accessories"
[2026-04-29T22:26:17.335Z]   [SKIPPED - not supplement] "Mini By Mae Headband Glitter Cat Ear Multi" | product_type: "Beauty Accessories"
[2026-04-29T22:26:17.336Z]   [SKIPPED - not supplement] "Lee Stafford Styling Heat Protection Shine Mist 200ml" | product_type: "Personal Care"
[2026-04-29T22:26:17.336Z]   [SKIPPED - not supplement] "Kenzo Flower Eau de Vie EDP 50ml for Women" | product_type: "Beauty Accessories"
[2026-04-29T22:26:17.336Z]   [SKIPPED - not supplement] "Mini By Mae Elastics Scrunchies Gingham/Chambray (2)" | product_type: "Beauty Accessories"
[2026-04-29T22:26:17.337Z]   [SKIPPED - not supplement] "Mini By Mae Elastics Scrunchies Fluffy (2)" | product_type: "Beauty Accessories"
[2026-04-29T22:26:17.337Z]   [SKIPPED - not supplement] "Mini By Mae Butterfly Clips Mermaid (6)" | product_type: "Beauty Accessories"
[2026-04-29T22:26:17.337Z]   [SKIPPED - not supplement] "Mini By Mae Alligator Clips Gingham Black 2pk" | product_type: "Beauty Accessories"
[2026-04-29T22:26:17.338Z]   [SKIPPED - not supplement] "Mini By Mae Alligator Clip Large Bow Pink" | product_type: "Beauty Accessories"
[2026-04-29T22:26:17.338Z]   [SKIPPED - not supplement] "Mini By Mae Butterfly Clips Large Turquoise (2)" | product_type: "Beauty Accessories"
[2026-04-29T22:26:17.338Z]   [SKIPPED - not supplement] "Mini By Mae Elastics Scrunchies Sequin (2)" | product_type: "Beauty Accessories"
[2026-04-29T22:26:17.339Z]   [SKIPPED - not supplement] "Mini By Mae Alligator Clip Tulle Dusky Pink" | product_type: "Beauty Accessories"
[2026-04-29T22:26:17.339Z]   [SKIPPED - not supplement] "Mini By Mae Combo Set Pink Floral (3)" | product_type: "Beauty Accessories"
[2026-04-29T22:26:17.340Z]   [SKIPPED - not supplement] "Philips Avent Anti-colic Baby Bottle 260ml 3pk" | product_type: "Baby"
[2026-04-29T22:26:17.340Z]   [SKIPPED - not supplement] "Philips Avent 2in1 Baby Food Maker/Blender" | product_type: "Baby"
[2026-04-29T22:26:17.341Z]   [SKIPPED - not supplement] "Philips Avent Anti-Colic Bottle 330ml" | product_type: "Baby"
[2026-04-29T22:26:17.341Z]   [SKIPPED - not supplement] "Philips Avent Milk Storage Cups 180ml 10 Pack" | product_type: "Baby"
[2026-04-29T22:26:17.342Z]   [SKIPPED - not supplement] "Calvin Klein CK IN2U Her Eau de Toilette 150 mL" | product_type: "Beauty Accessories"
[2026-04-29T22:26:17.852Z]   Page 49...
[2026-04-29T22:26:18.621Z]   [SKIPPED - not supplement] "Real Techniques Brush Cleansing Palette" | product_type: "Beauty Accessories"
[2026-04-29T22:26:18.622Z]   [SKIPPED - not supplement] "Simply Essential Soap Box Powder Blue" | product_type: "Personal Care"
[2026-04-29T22:26:18.623Z]   [SKIPPED - not supplement] "Hugo Boss BOSS The Scent EDT 50ml for Men" | product_type: "Beauty Accessories"
[2026-04-29T22:26:18.624Z]   [SKIPPED - not supplement] "MAE 40-4503BK Value Pk Black 16 pc" | product_type: "Beauty Accessories"
[2026-04-29T22:26:18.624Z]   [SKIPPED - not supplement] "Truyu Toenail Clipper Gold Straight" | product_type: "Beauty Accessories"
[2026-04-29T22:26:18.624Z]   [SKIPPED - not supplement] "Truyu Eyeshadow Duo" | product_type: "Beauty Accessories"
[2026-04-29T22:26:18.625Z]   [SKIPPED - not supplement] "Truyu Foundation & Concealer Perfection Brush" | product_type: "Beauty Accessories"
[2026-04-29T22:26:18.627Z]   [SKIPPED - not supplement] "DKNY Be Tempted EDP 100ml for Women" | product_type: "Beauty Accessories"
[2026-04-29T22:26:18.628Z]   [SKIPPED - not supplement] "Dior J'adore EDT 100ml for Women" | product_type: "Beauty Accessories"
[2026-04-29T22:26:18.628Z]   [SKIPPED - not supplement] "Eco Style Black Castor & Flaxseed Oil Hair Styling Gel 473ml" | product_type: "Personal Care"
[2026-04-29T22:26:18.629Z]   [SKIPPED - not supplement] "Elizabeth Arden Green Tea Scent Spray 100ml for Women" | product_type: "Beauty Accessories"
[2026-04-29T22:26:18.630Z]   [SKIPPED - not supplement] "Natio Apply & Blend Eyeshadow Brush" | product_type: "Beauty Accessories"
[2026-04-29T22:26:18.631Z]   [SKIPPED - not supplement] "Ted Lapidus Altamir EDT 125ml for Men" | product_type: "Beauty Accessories"
[2026-04-29T22:26:18.632Z]   [SKIPPED - not supplement] "Truyu Close-up Mirror 10X" | product_type: "Beauty Accessories"
[2026-04-29T22:26:18.632Z]   [SKIPPED - not supplement] "Mae. Headband Velvet Mustard" | product_type: "Beauty Accessories"
[2026-04-29T22:26:18.632Z]   [SKIPPED - not supplement] "Elastic Scrunchie Stay Wild Black" | product_type: "Beauty Accessories"
[2026-04-29T22:26:18.633Z]   [SKIPPED - not supplement] "Tort Alligator Clips (2)" | product_type: "Beauty Accessories"
[2026-04-29T22:26:18.633Z]   [SKIPPED - not supplement] "Mae. Gem Tips D-Tangler Pro" | product_type: "Beauty Accessories"
[2026-04-29T22:26:18.633Z]   [SKIPPED - not supplement] "Mae. Brush Essential Grooming" | product_type: "Beauty Accessories"
[2026-04-29T22:26:18.634Z]   [SKIPPED - not supplement] "Mae. Comb Dressing Shell" | product_type: "Beauty Accessories"
[2026-04-29T22:26:18.634Z]   [SKIPPED - not supplement] "Truyu Essential Grooming Kit - Clipper Set 4 Piece" | product_type: "Beauty Accessories"
[2026-04-29T22:26:18.634Z]   [SKIPPED - not supplement] "Pearl/Diamante One Touch Clips (2)" | product_type: "Beauty Accessories"
[2026-04-29T22:26:18.634Z]   [SKIPPED - not supplement] "Truyu Nail Shapers Fine/Medium 2" | product_type: "Beauty Accessories"
[2026-04-29T22:26:18.635Z]   [SKIPPED - not supplement] "Mae. Bun Nets Dark Brown 4 Pack → Mae Bun Nets Dark Brown 4 Pack" | product_type: "Beauty Accessories"
[2026-04-29T22:26:18.635Z]   [SKIPPED - not supplement] "Mae. Bobby Pins Super Grip 4.5cm Brown 80 Pack" | product_type: "Beauty Accessories"
[2026-04-29T22:26:18.636Z]   [SKIPPED - not supplement] "Mae. Bobby Pins 4.5cm Blonde 80 Pack" | product_type: "Beauty Accessories"
[2026-04-29T22:26:18.636Z]   [SKIPPED - not supplement] "Mae. Bun Nets Medium Brown 4 Pack" | product_type: "Beauty Accessories"
[2026-04-29T22:26:18.636Z]   [SKIPPED - not supplement] "Mae. Hairnets Light Brown 3 Pack" | product_type: "Beauty Accessories"
[2026-04-29T22:26:18.637Z]   [SKIPPED - not supplement] "MAE 40-4014BK Comb Teasing Black" | product_type: "Beauty Accessories"
[2026-04-29T22:26:18.637Z]   [SKIPPED - not supplement] "Mae. Headband Muslin Leopard" | product_type: "Beauty Accessories"
[2026-04-29T22:26:18.637Z]   [SKIPPED - not supplement] "Mae. Thin Headband Velvet Black" | product_type: "Beauty Accessories"
[2026-04-29T22:26:18.637Z]   [SKIPPED - not supplement] "Mae. Headband Super Grip Shell" | product_type: "Beauty Accessories"
[2026-04-29T22:26:18.638Z]   [SKIPPED - not supplement] "Mae. Headband Soft Thick Black" | product_type: "Beauty Accessories"
[2026-04-29T22:26:18.638Z]   [SKIPPED - not supplement] "Mae. Elastics Scrunchies Muslin Denim/Soft Grey 2 Pack" | product_type: "Beauty Accessories"
[2026-04-29T22:26:18.638Z]   [SKIPPED - not supplement] "Mae. Elastics Scrunchies Muslin Rose/Burgundy 2 Pack" | product_type: "Beauty Accessories"
[2026-04-29T22:26:18.639Z]   [SKIPPED - not supplement] "Mae. Headband Thin Black" | product_type: "Beauty Accessories"
[2026-04-29T22:26:18.639Z]   [SKIPPED - not supplement] "Mae. Hair Pins 7.5cm Brown 30 Pack" | product_type: "Beauty Accessories"
[2026-04-29T22:26:18.639Z]   [SKIPPED - not supplement] "Mae. Brush Essential Oval Pad" | product_type: "Beauty Accessories"
[2026-04-29T22:26:18.639Z]   [SKIPPED - not supplement] "Mini By Mae One Touch Clips 4cm Butterflies (6)" | product_type: "Beauty Accessories"
[2026-04-29T22:26:18.640Z]   [SKIPPED - not supplement] "Truyu Foundation Sponges Round 2 Pack" | product_type: "Beauty Accessories"
[2026-04-29T22:26:18.640Z]   [SKIPPED - not supplement] "Simply Essential 21-1301CS Quick Dry Turban Candy Stripe" | product_type: "Beauty Accessories"
[2026-04-29T22:26:18.640Z]   [SKIPPED - not supplement] "MAE 40-2013 Styling Pins Black 2" | product_type: "Beauty Accessories"
[2026-04-29T22:26:18.641Z]   [SKIPPED - not supplement] "Mae. Bobby Pins 4.5cm Brown 80 Pack" | product_type: "Beauty Accessories"
[2026-04-29T22:26:18.641Z]   [SKIPPED - not supplement] "Mae. Twirl Ties Boxed 2x Clear/Black" | product_type: "Beauty Accessories"
[2026-04-29T22:26:18.641Z]   [SKIPPED - not supplement] "Mae. Elastics Scrunchie Coral Pink" | product_type: "Beauty Accessories"
[2026-04-29T22:26:18.641Z]   [SKIPPED - not supplement] "Mae. Elastics Hair Knots Neutral 5 Pack" | product_type: "Beauty Accessories"
[2026-04-29T22:26:18.642Z]   [SKIPPED - not supplement] "Mae. Elastics Scrunchie Black Velvet" | product_type: "Beauty Accessories"
[2026-04-29T22:26:18.642Z]   [SKIPPED - not supplement] "Mae Bobby Pins 4.5 cm Black 80 Pack" | product_type: "Beauty Accessories"
[2026-04-29T22:26:18.642Z]   [SKIPPED - not supplement] "Truyu Bathroom Shaving Mirror 1X & 5X" | product_type: "Beauty Accessories"
[2026-04-29T22:26:18.643Z]   [SKIPPED - not supplement] "Mae. Comb Tail Shell" | product_type: "Beauty Accessories"
[2026-04-29T22:26:18.643Z]   [SKIPPED - not supplement] "Mae. Brush Ionised Oval Pad" | product_type: "Beauty Accessories"
[2026-04-29T22:26:18.643Z]   [SKIPPED - not supplement] "Mae. Elastics Thin Black 36 Pack" | product_type: "Beauty Accessories"
[2026-04-29T22:26:18.644Z]   [SKIPPED - not supplement] "Mae. Elastics Thick Super Stretch Brown 12 Pack" | product_type: "Beauty Accessories"
[2026-04-29T22:26:18.644Z]   [SKIPPED - not supplement] "Mae. Elastics Scrunchie Black" | product_type: "Beauty Accessories"
[2026-04-29T22:26:18.644Z]   [SKIPPED - not supplement] "Mae. Brush Ionised Radial" | product_type: "Beauty Accessories"
[2026-04-29T22:26:18.644Z]   [SKIPPED - not supplement] "Mae. Elastics Thin Blonde 20 Pack" | product_type: "Beauty Accessories"
[2026-04-29T22:26:18.645Z]   [SKIPPED - not supplement] "Brush Essential Grooming Small" | product_type: "Beauty Accessories"
[2026-04-29T22:26:18.645Z]   [SKIPPED - not supplement] "Mae. Elastic Scrunchie Satin Black" | product_type: "Beauty Accessories"
[2026-04-29T22:26:18.645Z]   [SKIPPED - not supplement] "Mae. Elastics Soft Ponytailers Black 15 Pack" | product_type: "Beauty Accessories"
[2026-04-29T22:26:18.645Z]   [SKIPPED - not supplement] "Mae. Bobby Pins 6.4cm Brown 36 Pack" | product_type: "Beauty Accessories"
[2026-04-29T22:26:18.646Z]   [SKIPPED - not supplement] "Mae. Bobby Pins Contour 5cm Brown 60 Pack" | product_type: "Beauty Accessories"
[2026-04-29T22:26:18.646Z]   [SKIPPED - not supplement] "Mae. One Touch Clips 6cm Satin Blonde 6 Pack" | product_type: "Beauty Accessories"
[2026-04-29T22:26:18.646Z]   [SKIPPED - not supplement] "Mae. Alligator Clips Star Dust 4 Pack" | product_type: "Beauty Accessories"
[2026-04-29T22:26:18.647Z]   [SKIPPED - not supplement] "Mae. Alligator Clips Neutral 4 Pack" | product_type: "Beauty Accessories"
[2026-04-29T22:26:18.647Z]   [SKIPPED - not supplement] "Mini By Mae Elastics Scrunchies Dots (3)" | product_type: "Beauty Accessories"
[2026-04-29T22:26:18.648Z]   [SKIPPED - not supplement] "Mae. Elastics Thin Brown 20 Pack" | product_type: "Beauty Accessories"
[2026-04-29T22:26:18.648Z]   [SKIPPED - not supplement] "MAE 40-2409 Barr. Bun Holder Gold" | product_type: "Beauty Accessories"
[2026-04-29T22:26:18.648Z]   [SKIPPED - not supplement] "MAE Elastic hair tie Geometric Pink & White x2" | product_type: "Beauty Accessories"
[2026-04-29T22:26:18.649Z]   [SKIPPED - not supplement] "Mae. Bobby Pins 5cm Satin Blonde 60 Pack" | product_type: "Beauty Accessories"
[2026-04-29T22:26:18.649Z]   [SKIPPED - not supplement] "Mae. Bun Nets Light Brown 4 Pack" | product_type: "Beauty Accessories"
[2026-04-29T22:26:18.649Z]   [SKIPPED - not supplement] "Mae. Elastics Ponytailers Large Black 4 Pack" | product_type: "Beauty Accessories"
[2026-04-29T22:26:19.153Z]   Page 50...
[2026-04-29T22:26:19.845Z]   [SKIPPED - not supplement] "Mae. Comb Lift Shell 2 Pack" | product_type: "Beauty Accessories"
[2026-04-29T22:26:19.846Z]   [SKIPPED - not supplement] "Mae. Bun Nets Blonde 4 Pack" | product_type: "Beauty Accessories"
[2026-04-29T22:26:19.846Z]   [SKIPPED - not supplement] "Mae. One Touch Clips 5cm Black 6 Pack" | product_type: "Beauty Accessories"
[2026-04-29T22:26:19.847Z]   [SKIPPED - not supplement] "Mae. French Clip 6cm Shell 2 Pack" | product_type: "Beauty Accessories"
[2026-04-29T22:26:19.847Z]   [SKIPPED - not supplement] "Mae. Elastics Thin Black 20 Pack" | product_type: "Beauty Accessories"
[2026-04-29T22:26:19.847Z]   [SKIPPED - not supplement] "Mae. Hair Donut Small Brown" | product_type: "Beauty Accessories"
[2026-04-29T22:26:19.847Z]   [SKIPPED - not supplement] "Mae. Hair Donut Small Blonde" | product_type: "Beauty Accessories"
[2026-04-29T22:26:19.848Z]   [SKIPPED - not supplement] "Mae. Slides Diamante 4 Pack" | product_type: "Beauty Accessories"
[2026-04-29T22:26:19.848Z]   [SKIPPED - not supplement] "Mae. Headband Soft Black" | product_type: "Beauty Accessories"
[2026-04-29T22:26:19.849Z]   [SKIPPED - not supplement] "Mae. Hairnets Blonde 3 Pack" | product_type: "Beauty Accessories"
[2026-04-29T22:26:19.849Z]   [SKIPPED - not supplement] "Mini By Mae Elastics Thin Small Assorted Pastels (20)" | product_type: "Beauty Accessories"
[2026-04-29T22:26:19.849Z]   [SKIPPED - not supplement] "Mae. Sidecombs Black Medium 4 Pack" | product_type: "Beauty Accessories"
[2026-04-29T22:26:19.849Z]   [SKIPPED - not supplement] "Mae. Elastics Flat Brown 12 Pack" | product_type: "Beauty Accessories"
[2026-04-29T22:26:19.850Z]   [SKIPPED - not supplement] "Mae. Elastics Thin Satin Blonde 20 Pack" | product_type: "Beauty Accessories"
[2026-04-29T22:26:19.850Z]   [SKIPPED - not supplement] "Mae. Elastics Thick Navy 8 Pack" | product_type: "Beauty Accessories"
[2026-04-29T22:26:19.850Z]   [SKIPPED - not supplement] "Mae. Comb Wide Tooth Shell" | product_type: "Beauty Accessories"
[2026-04-29T22:26:19.850Z]   [SKIPPED - not supplement] "Mae. Brush Essential Radial" | product_type: "Beauty Accessories"
[2026-04-29T22:26:19.851Z]   [SKIPPED - not supplement] "Mae. Bobby Pins 6.4cm Black 36 Pack" | product_type: "Beauty Accessories"
[2026-04-29T22:26:19.851Z]   [SKIPPED - not supplement] "Mae. Hair Pins 7.5cm Black 30 Pack" | product_type: "Beauty Accessories"
[2026-04-29T22:26:19.851Z]   [SKIPPED - not supplement] "Elastic Scrunchie Extra Large Organza Black" | product_type: "Beauty Accessories"
[2026-04-29T22:26:19.852Z]   [SKIPPED - not supplement] "Mae. Elastics Thin Super Stretch Black 20 Pack" | product_type: "Beauty Accessories"
[2026-04-29T22:26:19.852Z]   [SKIPPED - not supplement] "Mae. Elastics Thick Blonde 8 Pack" | product_type: "Beauty Accessories"
[2026-04-29T22:26:19.852Z]   [SKIPPED - not supplement] "Mae. Hairnets Medium Brown 3 Pack" | product_type: "Beauty Accessories"
[2026-04-29T22:26:19.853Z]   [SKIPPED - not supplement] "Mini By Mae Elastics Soft Ponytailers Assorted Pastels (15)" | product_type: "Beauty Accessories"
[2026-04-29T22:26:19.853Z]   [SKIPPED - not supplement] "Elastics Slim Scrunchies Nudes" | product_type: "Beauty Accessories"
[2026-04-29T22:26:19.853Z]   [SKIPPED - not supplement] "Mae. Elastics Thin Super Stretch Brown 20 Pack" | product_type: "Beauty Accessories"
[2026-04-29T22:26:19.854Z]   [SKIPPED - not supplement] "Mae. Elastic Scrunchies Mustard/Stripes 2 Pack" | product_type: "Beauty Accessories"
[2026-04-29T22:26:19.854Z]   [SKIPPED - not supplement] "Mae. Elastics Thick Black 8 Pack" | product_type: "Beauty Accessories"
[2026-04-29T22:26:19.856Z]   [SKIPPED - not supplement] "Pigeon Flexible Peristaltic Slim Neck Nursing Bottle Glass 240 mL" | product_type: "Baby"
[2026-04-29T22:26:19.857Z]   [SKIPPED - not supplement] "Pigeon MagMag All in One Set" | product_type: "Baby"
[2026-04-29T22:26:19.857Z]   [SKIPPED - not supplement] "Pigeon Flexible Peristaltic Baby Nursing Bottle Slim Neck 120ml" | product_type: "Baby"
[2026-04-29T22:26:19.857Z]   [SKIPPED - not supplement] "Pigeon Flexible Peristaltic Slim Neck Nursing Bottle Glass 120 mL" | product_type: "Baby"
[2026-04-29T22:26:19.858Z]   [SKIPPED - not supplement] "Pigeon Flexible Peristaltic Slim Neck Nursing Bottle PP 240ml" | product_type: "Baby"
[2026-04-29T22:26:19.858Z]   [SKIPPED - not supplement] "Pigeon SofTouch Peristaltic Plus Wide Neck Nursing Bottle PPSU 160ml SS" | product_type: "Baby"
[2026-04-29T22:26:19.859Z]   [SKIPPED - not supplement] "BOSS HUGO BOSS Boss Bottled Infinite Eau de Parfum 50 ML" | product_type: "Beauty Accessories"
[2026-04-29T22:26:19.859Z]   [SKIPPED - not supplement] "Chopard Wish Pink EDP 75ml for Women" | product_type: "Beauty Accessories"
[2026-04-29T22:26:19.859Z]   [SKIPPED - not supplement] "MARC JACOBS FRAGRANCES Daisy Love Eau de Toilette Spray 50 ML" | product_type: "Beauty Accessories"
[2026-04-29T22:26:19.860Z]   [SKIPPED - not supplement] "Michael Buble By Invitation Peony Noir EDP 100ml for Women" | product_type: "Beauty Accessories"
[2026-04-29T22:26:19.860Z]   [SKIPPED - not supplement] "MARC JACOBS FRAGRANCES Daisy Fresh Eau de Toilette Spray 75 ML" | product_type: "Beauty Accessories"
[2026-04-29T22:26:19.861Z]   [SKIPPED - not supplement] "Hask Curl Care Moisturising Shampoo 355ml" | product_type: "Personal Care"
[2026-04-29T22:26:19.861Z]   [SKIPPED - not supplement] "MARC JACOBS FRAGRANCES Daisy Love Eau de Toilette Spray 30 ML" | product_type: "Beauty Accessories"
[2026-04-29T22:26:19.863Z]   [SKIPPED - not supplement] "BOSS HUGO BOSS Hugo Man Eau de Toilette Spray 75 ml" | product_type: "Beauty Accessories"
[2026-04-29T22:26:19.863Z]   [SKIPPED - not supplement] "Calvin Klein Women EDP 50ml" | product_type: "Beauty Accessories"
[2026-04-29T22:26:19.864Z]   [SKIPPED - not supplement] "Calvin Klein Women EDP 100ml" | product_type: "Beauty Accessories"
[2026-04-29T22:26:19.864Z]   [SKIPPED - not supplement] "Calvin Klein CK Free EDT 50ml for Men" | product_type: "Beauty Accessories"
[2026-04-29T22:26:19.865Z]   [SKIPPED - not supplement] "Calvin Klein Eternity Flame EDP 100ml for Women" | product_type: "Beauty Accessories"
[2026-04-29T22:26:19.865Z]   [SKIPPED - not supplement] "Chopard Brilliant Wish EDP 75ml for Women" | product_type: "Beauty Accessories"
[2026-04-29T22:26:19.865Z]   [SKIPPED - not supplement] "Simply Essential 21-1301P ED Spa Turban Pink" | product_type: "Beauty Accessories"
[2026-04-29T22:26:19.867Z]   [SKIPPED - not supplement] "Simply Essentials Pro Series Fluffy Blender Brush" | product_type: "Beauty Accessories"
[2026-04-29T22:26:19.867Z]   [SKIPPED - not supplement] "Simply Essential Pro Series Kabuki Buffing Brush" | product_type: "Beauty Accessories"
[2026-04-29T22:26:19.868Z]   [SKIPPED - not supplement] "Simply Essentials Pro Series Expert Eyeshadow Brush" | product_type: "Beauty Accessories"
[2026-04-29T22:26:19.868Z]   [SKIPPED - not supplement] "Simply Essential Pro Series Precision Lip Brush" | product_type: "Beauty Accessories"
[2026-04-29T22:26:19.868Z]   [SKIPPED - not supplement] "Simply Essential Pro Series Stippling Brush" | product_type: "Beauty Accessories"
[2026-04-29T22:26:19.868Z]   [SKIPPED - not supplement] "Simply Essential Pro Series Tapered Powder Brush" | product_type: "Beauty Accessories"
[2026-04-29T22:26:19.869Z]   [SKIPPED - not supplement] "Simply Essential Pro Series Tapered Highlighter Brush" | product_type: "Beauty Accessories"
[2026-04-29T22:26:19.869Z]   [SKIPPED - not supplement] "W/SIS Socks Strawberry Donut Blue" | product_type: "Other Pharmacy & Clothing"
[2026-04-29T22:26:19.869Z]   [SKIPPED - not supplement] "W/SIS Socks Avocado Pink" | product_type: "Other Pharmacy & Clothing"
[2026-04-29T22:26:19.870Z]   [SKIPPED - not supplement] "W/SIS Socks Bonjour" | product_type: "Other Pharmacy & Clothing"
[2026-04-29T22:26:19.870Z]   [SKIPPED - not supplement] "W/SIS Ankle Socks Candy Spot" | product_type: "Other Pharmacy & Clothing"
[2026-04-29T22:26:19.871Z]   [SKIPPED - not supplement] "BOSS HUGO BOSS Boss Orange Woman Eau de Toilette Spray 75 ML" | product_type: "Beauty Accessories"
[2026-04-29T22:26:19.871Z]   [SKIPPED - not supplement] "Hugo Boss HUGO XX EDT 60ml for Women" | product_type: "Beauty Accessories"
[2026-04-29T22:26:19.871Z]   [SKIPPED - not supplement] "Mini By Mae Elastics Polybands Assorted Pastels (100)" | product_type: "Beauty Accessories"
[2026-04-29T22:26:19.872Z]   [SKIPPED - not supplement] "MAE 40-2252 Elast. Flat Ocean 10" | product_type: "Beauty Accessories"
[2026-04-29T22:26:19.872Z]   [SKIPPED - not supplement] "MAE THICK ELASTICS, DUSK, SET-OF-10" | product_type: "Beauty Accessories"
[2026-04-29T22:26:19.872Z]   [SKIPPED - not supplement] "MAE Elastic Polybands Asst Neutrals 100" | product_type: "Beauty Accessories"
[2026-04-29T22:26:19.873Z]   [SKIPPED - not supplement] "SIMPLY ESS 20-2112 Hook Nail File" | product_type: "Nail Care Tools"
[2026-04-29T22:26:19.874Z]   [SKIPPED - not supplement] "Jimmy Choo Man EDT 100ml" | product_type: "Beauty Accessories"
[2026-04-29T22:26:19.874Z]   [SKIPPED - not supplement] "BOSS Hugo Man EDT Spray 125 ML" | product_type: "Beauty Accessories"
[2026-04-29T22:26:19.874Z]   [SKIPPED - not supplement] "Hugo Boss Bottled Night Eau De Toilette  200ml" | product_type: "Beauty Accessories"
[2026-04-29T22:26:19.874Z]   [SKIPPED - not supplement] "Calvin Klein Eternity Air EDT for him 100ml" | product_type: "Beauty Accessories"
[2026-04-29T22:26:19.875Z]   [SKIPPED - not supplement] "Footcare Shoe Polish Instant Shine Black 75mL" | product_type: "Other Pharmacy & Clothing"
[2026-04-29T22:26:20.378Z]   Page 51...
[2026-04-29T22:26:21.007Z]   [SKIPPED - not supplement] "Bambino Mio Swim Nappy Large 1-2 Years 'Radiant Ray'" | product_type: "Other Pharmacy & Clothing"
[2026-04-29T22:26:21.008Z]   [SKIPPED - not supplement] "Bambino Mio Potty Training Pants 18-24 Months 'Pea Power'" | product_type: "Other Pharmacy & Clothing"
[2026-04-29T22:26:21.008Z]   [SKIPPED - not supplement] "Bambino Mio Swim Nappy Small 0-6 Months 'Whale Wharf'" | product_type: "Other Pharmacy & Clothing"
[2026-04-29T22:26:21.009Z]   [SKIPPED - not supplement] "MAE 40-2501N Hair Acc.Set 17pc Neu" | product_type: "Beauty Accessories"
[2026-04-29T22:26:21.010Z]   [SKIPPED - not supplement] "Footcare Athletic Laces Black 120cm" | product_type: "Other Pharmacy & Clothing"
[2026-04-29T22:26:21.010Z]   [SKIPPED - not supplement] "Footcare by Maseur Dubbin Nourishing & Waterproofing Shoe Polish Neutral 38g" | product_type: "Other Pharmacy & Clothing"
[2026-04-29T22:26:21.013Z]   [SKIPPED - not supplement] "Revlon Microdermabrasion Wand" | product_type: "Beauty Accessories"
[2026-04-29T22:26:21.013Z]   [SKIPPED - not supplement] "Revlon All Over Shadow Brush" | product_type: "Beauty Accessories"
[2026-04-29T22:26:21.014Z]   [SKIPPED - not supplement] "Swisspers Breast Milk Storage Bags 20 pack" | product_type: "Baby"
[2026-04-29T22:26:21.017Z]   [SKIPPED - not supplement] "Real Techniques Miracle Mini Eraser Sponges 2 Pack" | product_type: "Beauty Accessories"
[2026-04-29T22:26:21.017Z]   [SKIPPED - not supplement] "Real Techniques Expert Organiser 3 Pocket" | product_type: "Beauty Accessories"
[2026-04-29T22:26:21.018Z]   [SKIPPED - not supplement] "Real Techniques Brush Crush Kabuki Brush" | product_type: "Beauty Accessories"
[2026-04-29T22:26:21.018Z]   [SKIPPED - not supplement] "Real Techniques Brush Crush Fan Brush" | product_type: "Beauty Accessories"
[2026-04-29T22:26:21.018Z]   [SKIPPED - not supplement] "Real Techniques Brush Crush Contour Brush" | product_type: "Beauty Accessories"
[2026-04-29T22:26:21.018Z]   [SKIPPED - not supplement] "Real Techniques Powder Brush" | product_type: "Beauty Accessories"
[2026-04-29T22:26:21.019Z]   [SKIPPED - not supplement] "Real Techniques Eye Shade & Blend Set" | product_type: "Beauty Accessories"
[2026-04-29T22:26:21.019Z]   [SKIPPED - not supplement] "Real Techniques Expert Face Brush" | product_type: "Beauty Accessories"
[2026-04-29T22:26:21.019Z]   [SKIPPED - not supplement] "Real Techniques Custom Slide Contour Brush" | product_type: "Beauty Accessories"
[2026-04-29T22:26:21.019Z]   [SKIPPED - not supplement] "Real Techniques Custom Slide Complexion Brush" | product_type: "Beauty Accessories"
[2026-04-29T22:26:21.020Z]   [SKIPPED - not supplement] "Real Techniques Custom Slide Cheek Brush" | product_type: "Beauty Accessories"
[2026-04-29T22:26:21.020Z]   [SKIPPED - not supplement] "Real Techniques Blush Brush" | product_type: "Beauty Accessories"
[2026-04-29T22:26:21.021Z]   [SKIPPED - not supplement] "Simply Essential Hair Thinning Scissors" | product_type: "Beauty Accessories"
[2026-04-29T22:26:21.022Z]   [SKIPPED - not supplement] "MCoBeauty Lashes for Lash Bond Kit" | product_type: "Beauty Accessories"
[2026-04-29T22:26:21.023Z]   [SKIPPED - not supplement] "MCoBeauty Lash Bond Eyeliner & Lash Kit" | product_type: "Beauty Accessories"
[2026-04-29T22:26:21.025Z]   [SKIPPED - not supplement] "Bambino Mio Wet Bag 'Hummingbird'" | product_type: "Other Pharmacy & Clothing"
[2026-04-29T22:26:21.026Z]   [SKIPPED - not supplement] "Bambino Mio Wet Bag Honeybee Hive" | product_type: "Other Pharmacy & Clothing"
[2026-04-29T22:26:21.531Z]   Page 52...
[2026-04-29T22:26:22.356Z]   [SKIPPED - not supplement] "Bambino Mio Wet Bag Snail Surprise" | product_type: "Other Pharmacy & Clothing"
[2026-04-29T22:26:22.357Z]   [SKIPPED - no category] "Oil Garden Sweet Almond Massage Oil 200ml" | product_type: "Lifestyle & Wellness" | tags: BRAND=Oil Garden,CAT=Essential Oils,enable-bis,INGREDIENTS=Almond Oil,MCAT=Lifestyle & Wellness
[2026-04-29T22:26:22.358Z]   [SKIPPED - not supplement] "Bambino Mio Swim Hat Nice L-XL (1-2 Years)" | product_type: "Other Pharmacy & Clothing"
[2026-04-29T22:26:22.358Z]   [SKIPPED - not supplement] "Bambino Mio Swim Rash Top Neon Large (1-2 Years)" | product_type: "Other Pharmacy & Clothing"
[2026-04-29T22:26:22.358Z]   [SKIPPED - not supplement] "Bambino Mio Swim Rash Top Violet Large (1-2 Years)" | product_type: "Other Pharmacy & Clothing"
[2026-04-29T22:26:22.359Z]   [SKIPPED - not supplement] "Bambino Mio Swim Changing Mat Violet" | product_type: "Other Pharmacy & Clothing"
[2026-04-29T22:26:22.359Z]   [SKIPPED - not supplement] "Bambino Mio Swim Changing Mat Neon" | product_type: "Other Pharmacy & Clothing"
[2026-04-29T22:26:22.359Z]   [SKIPPED - not supplement] "Bambino Mio Swim Rash Top Violet XL 2 years+" | product_type: "Other Pharmacy & Clothing"
[2026-04-29T22:26:22.360Z]   [SKIPPED - not supplement] "Bambino Mio Swim Rash Top Violet M 6-12m" | product_type: "Other Pharmacy & Clothing"
[2026-04-29T22:26:22.360Z]   [SKIPPED - not supplement] "Bambino Mio Swim Rash Top Neon S 0-6m" | product_type: "Other Pharmacy & Clothing"
[2026-04-29T22:26:22.360Z]   [SKIPPED - not supplement] "Bambino Mio Reversible Swim Hat Neon L-Xl (1-2yr+)" | product_type: "Other Pharmacy & Clothing"
[2026-04-29T22:26:22.361Z]   [SKIPPED - not supplement] "Bambino Mio Reversible Swim Hat Nautical S-M (<12 months)" | product_type: "Other Pharmacy & Clothing"
[2026-04-29T22:26:22.361Z]   [SKIPPED - not supplement] "Bambino Mio Reversible Swim Hat Nice S-M (<12 months)" | product_type: "Other Pharmacy & Clothing"
[2026-04-29T22:26:22.361Z]   [SKIPPED - not supplement] "Bambino Mio Reversible Swim Hat Nice L-XL (1-2 years+)" | product_type: "Other Pharmacy & Clothing"
[2026-04-29T22:26:22.362Z]   [SKIPPED - not supplement] "Bambino Mio Reversible Swim Hat Violet S-M (<12 months)" | product_type: "Other Pharmacy & Clothing"
[2026-04-29T22:26:22.362Z]   [SKIPPED - not supplement] "Bambino Mio Potty Training Pants 18-24 Months 'Captain Carrot'" | product_type: "Other Pharmacy & Clothing"
[2026-04-29T22:26:22.363Z]   [SKIPPED - not supplement] "L'Oreal Age Perfect Day 50ml" | product_type: "Beauty Accessories"
[2026-04-29T22:26:22.365Z]   [SKIPPED - not supplement] "Mae. Elastics Terry Toweling Ponytailers X Large Black 2 Pack" | product_type: "Beauty Accessories"
[2026-04-29T22:26:22.367Z]   [SKIPPED - not supplement] "MARC JACOBS FRAGRANCES Daisy Fresh Eau de Toilette Spray 125 ML" | product_type: "Beauty Accessories"
[2026-04-29T22:26:22.369Z]   [SKIPPED - not supplement] "Wet n Wild Crease Brush" | product_type: "Beauty Accessories"
[2026-04-29T22:26:22.371Z]   [SKIPPED - not supplement] "Revlon Facial Roller" | product_type: "Beauty Accessories"
[2026-04-29T22:26:22.373Z]   [SKIPPED - not supplement] "Swisspers Cotton Tips Paper Stems 400 Pack" | product_type: "Beauty Accessories"
[2026-04-29T22:26:22.373Z]   [SKIPPED - not supplement] "Swisspers Cotton Tips Paper Stems 20 Pack" | product_type: "Beauty Accessories"
[2026-04-29T22:26:22.375Z]   [SKIPPED - not supplement] "Swisspers Dual Cosmetic Tips Paper Stems 100 Pack" | product_type: "Beauty Accessories"
[2026-04-29T22:26:22.376Z]   [SKIPPED - not supplement] "b.box Connect-a-Cup Strawberry Shake" | product_type: "Baby"
[2026-04-29T22:26:22.377Z]   [SKIPPED - not supplement] "b.box Connect-a-Cup Ocean Breeze" | product_type: "Baby"
[2026-04-29T22:26:22.377Z]   [SKIPPED - not supplement] "Calvin Klein Eternity Eau de Toilette for him 100ml" | product_type: "Beauty Accessories"
[2026-04-29T22:26:22.378Z]   [SKIPPED - not supplement] "Casa Hair Towel Long Grey" | product_type: "Beauty Accessories"
[2026-04-29T22:26:22.379Z]   [SKIPPED - not supplement] "DKNY Be Delicious EDP 100ml for Women" | product_type: "Beauty Accessories"
[2026-04-29T22:26:22.882Z]   Page 53...
[2026-04-29T22:26:23.814Z]   [SKIPPED - not supplement] "MCoBeauty. Pro Deluxe Eye Set" | product_type: "Beauty Accessories"
[2026-04-29T22:26:23.815Z]   [SKIPPED - not supplement] "MCoBeauty. Pro Angled Blush Brush" | product_type: "Beauty Accessories"
[2026-04-29T22:26:23.815Z]   [SKIPPED - not supplement] "Prada Candy Florale EDT 50ml for Women" | product_type: "Beauty Accessories"
[2026-04-29T22:26:23.816Z]   [SKIPPED - not supplement] "Burberry Touch EDP 100ml for Women" | product_type: "Beauty Accessories"
[2026-04-29T22:26:23.820Z]   [SKIPPED - not supplement] "Stella McCartney Pop EDP 100ml for Women" | product_type: "Beauty Accessories"
[2026-04-29T22:26:23.820Z]   [SKIPPED - not supplement] "Stella McCartney Pop Bluebell EDP 50ml for Women" | product_type: "Beauty Accessories"
[2026-04-29T22:26:23.821Z]   [SKIPPED - not supplement] "Sisley Eau de Sisley 2 EDT 100ml for Women" | product_type: "Beauty Accessories"
[2026-04-29T22:26:23.821Z]   [SKIPPED - not supplement] "Calvin Klein Eternity Air Women Eau de Parfum 100 ML" | product_type: "Beauty Accessories"
[2026-04-29T22:26:23.822Z]   [SKIPPED - not supplement] "Real Techniques Miracle Sponge Multi-Pack" | product_type: "Beauty Accessories"
[2026-04-29T22:26:23.823Z]   [SKIPPED - not supplement] "Truyu Facial Razors (2)" | product_type: "Beauty Accessories"
[2026-04-29T22:26:23.824Z]   [SKIPPED - not supplement] "Mini By Mae One Touch Clips 4cm With Hearts (6)" | product_type: "Beauty Accessories"
[2026-04-29T22:26:23.828Z]   [SKIPPED - no category] "Palmer's Cocoa Butter Formula Massage Lotion for Stretch Marks 250 mL" | product_type: "Skin Care" | tags: bargains|body-care|stretch-marks|palmers|moisturiser|skin-care|body-treatments,coll_PriceSmash
[2026-04-29T22:26:24.339Z]   Page 54...
[2026-04-29T22:26:25.139Z]   [SKIPPED - not supplement] "Tangle Teezer Fine & Fragile Pink Dawn" | product_type: "Beauty Accessories"
[2026-04-29T22:26:25.140Z]   [SKIPPED - not supplement] "Mae Comb Shell 4 Pack" | product_type: "Beauty Accessories"
[2026-04-29T22:26:25.140Z]   [SKIPPED - not supplement] "Truyu Cuticle Groomer" | product_type: "Beauty Accessories"
[2026-04-29T22:26:25.143Z]   [SKIPPED - not supplement] "Truyu Compact Powder Brush" | product_type: "Beauty Accessories"
[2026-04-29T22:26:25.143Z]   [SKIPPED - not supplement] "Mae Large Sidecombs Shell 4 Pack" | product_type: "Beauty Accessories"
[2026-04-29T22:26:25.144Z]   [SKIPPED - not supplement] "Bambino Mio Mioboost Insert 3 Pack" | product_type: "Other Pharmacy & Clothing"
[2026-04-29T22:26:25.144Z]   [SKIPPED - not supplement] "Truyu Cuticle Nippers" | product_type: "Beauty Accessories"
[2026-04-29T22:26:25.144Z]   [SKIPPED - not supplement] "Mae Brush Ionised Grooming" | product_type: "Beauty Accessories"
[2026-04-29T22:26:25.145Z]   [SKIPPED - not supplement] "Kleenex Everyday 2 Ply Facial Tissues 200 Pack" | product_type: "Personal Care"
[2026-04-29T22:26:25.145Z]   [SKIPPED - not supplement] "Mae Medium Sidecombs Clear 4 Pack" | product_type: "Beauty Accessories"
[2026-04-29T22:26:25.145Z]   [SKIPPED - no category] "Weleda Arnica Massage Oil 100ml" | product_type: "Health & Wellbeing" | tags: Bargains Best Price,BRAND=Weleda,CAT=Essential Oils,enable-bis,may-2026-promo
[2026-04-29T22:26:25.146Z]   [SKIPPED - not supplement] "Tangle Teezer Original Black Panther" | product_type: "Beauty Accessories"
[2026-04-29T22:26:25.146Z]   [SKIPPED - not supplement] "Simply Essential Crystal Nail File" | product_type: "Beauty Accessories"
[2026-04-29T22:26:25.147Z]   [SKIPPED - not supplement] "Simply Essential Face Clean Brush" | product_type: "Beauty Accessories"
[2026-04-29T22:26:25.147Z]   [SKIPPED - not supplement] "Mae Brush Essential Radial Small" | product_type: "Beauty Accessories"
[2026-04-29T22:26:25.148Z]   [SKIPPED - not supplement] "Mae Elastics Thick Super Stretch Black 12 Pack" | product_type: "Beauty Accessories"
[2026-04-29T22:26:25.148Z]   [SKIPPED - not supplement] "Mae. Plastic Ibis Clip 12cm Shell" | product_type: "Beauty Accessories"
[2026-04-29T22:26:25.149Z]   [SKIPPED - not supplement] "Mae Black Pocket Comb 3 Pack" | product_type: "Beauty Accessories"
[2026-04-29T22:26:25.149Z]   [SKIPPED - not supplement] "Truyu Eyelash Curler Ergonomic Handles" | product_type: "Beauty Accessories"
[2026-04-29T22:26:25.150Z]   [SKIPPED - not supplement] "Truyu Tweezer Duo" | product_type: "Beauty Accessories"
[2026-04-29T22:26:25.150Z]   [SKIPPED - not supplement] "Mae Teeth Headband Shell" | product_type: "Beauty Accessories"
[2026-04-29T22:26:25.151Z]   [SKIPPED - not supplement] "Truyu Blackhead Remover" | product_type: "Beauty Accessories"
[2026-04-29T22:26:25.151Z]   [SKIPPED - not supplement] "Simply Essential Deluxe Blackhead Remover" | product_type: "Beauty Accessories"
[2026-04-29T22:26:25.151Z]   [SKIPPED - not supplement] "Mae Rubberised Sectioning Clip 2 Pack" | product_type: "Beauty Accessories"
[2026-04-29T22:26:25.152Z]   [SKIPPED - not supplement] "Mae Flat Elastics Blonde 12 Pack" | product_type: "Beauty Accessories"
[2026-04-29T22:26:25.152Z]   [SKIPPED - not supplement] "Truyu Essential Cosmetic Tool Kit & Sponge" | product_type: "Beauty Accessories"
[2026-04-29T22:26:25.153Z]   [SKIPPED - not supplement] "Mini By Mae Elastics Thin Small Assorted Brights (20)" | product_type: "Beauty Accessories"
[2026-04-29T22:26:25.153Z]   [SKIPPED - not supplement] "Mae. Wire Headband Black → Mae Wire Headband Black" | product_type: "Beauty Accessories"
[2026-04-29T22:26:25.153Z]   [SKIPPED - not supplement] "Simply Essential Massaging Bath Brush" | product_type: "Personal Care"
[2026-04-29T22:26:25.154Z]   [SKIPPED - not supplement] "Mae Detangling Comb Shell" | product_type: "Beauty Accessories"
[2026-04-29T22:26:25.154Z]   [SKIPPED - not supplement] "Mini By Mae Elastics Polybands Assorted Brights (100)" | product_type: "Beauty Accessories"
[2026-04-29T22:26:25.154Z]   [SKIPPED - not supplement] "Mae Hair Pins 5cm Black 62 Pack" | product_type: "Beauty Accessories"
[2026-04-29T22:26:25.155Z]   [SKIPPED - not supplement] "Mae Brush Essential Paddle" | product_type: "Beauty Accessories"
[2026-04-29T22:26:25.155Z]   [SKIPPED - not supplement] "Truyu Tweezer & Spoolie Slant Tip Black" | product_type: "Beauty Accessories"
[2026-04-29T22:26:25.156Z]   [SKIPPED - not supplement] "Mae Brush Ionised Tunnel Vent" | product_type: "Beauty Accessories"
[2026-04-29T22:26:25.156Z]   [SKIPPED - not supplement] "Mae Comb Scalp Massager" | product_type: "Beauty Accessories"
[2026-04-29T22:26:25.156Z]   [SKIPPED - not supplement] "Truyu Eyelash Curler" | product_type: "Beauty Accessories"
[2026-04-29T22:26:25.157Z]   [SKIPPED - not supplement] "Truyu Pedicure File Ceramic Stone" | product_type: "Beauty Accessories"
[2026-04-29T22:26:25.157Z]   [SKIPPED - not supplement] "Simply Essential Makeup Remover Cloths 2 Pack" | product_type: "Beauty Accessories"
[2026-04-29T22:26:25.157Z]   [SKIPPED - not supplement] "Mae Brush Ionised Finishing" | product_type: "Beauty Accessories"
[2026-04-29T22:26:25.158Z]   [SKIPPED - not supplement] "Truyu Professional Nail File Superfine/Fine 2 Pack" | product_type: "Beauty Accessories"
[2026-04-29T22:26:25.158Z]   [SKIPPED - not supplement] "Mae Pocket Comb Shell 2 Pack" | product_type: "Beauty Accessories"
[2026-04-29T22:26:25.159Z]   [SKIPPED - not supplement] "Truyu Slant Tip Tweezers Gold" | product_type: "Beauty Accessories"
[2026-04-29T22:26:25.159Z]   [SKIPPED - not supplement] "Mae Brush Essential Denman" | product_type: "Beauty Accessories"
[2026-04-29T22:26:25.160Z]   [SKIPPED - not supplement] "Truyu Nail Scissors Curved Blades Black" | product_type: "Beauty Accessories"
[2026-04-29T22:26:25.160Z]   [SKIPPED - not supplement] "Mae. Large Elastic Ponytail Holders Black 2 Pack" | product_type: "Beauty Accessories"
[2026-04-29T22:26:25.160Z]   [SKIPPED - not supplement] "Simply Essential Pumice With Handle" | product_type: "Personal Care"
[2026-04-29T22:26:25.161Z]   [SKIPPED - not supplement] "Mae Elastic Polybands Black & Clear 100 Pack" | product_type: "Beauty Accessories"
[2026-04-29T22:26:25.161Z]   [SKIPPED - not supplement] "Mae Black Bobby Pin 4.5cm Bulk 80" | product_type: "Beauty Accessories"
[2026-04-29T22:26:25.162Z]   [SKIPPED - not supplement] "Mae. Brush Neon Oval Pad Pink" | product_type: "Beauty Accessories"
[2026-04-29T22:26:25.162Z]   [SKIPPED - not supplement] "Tangle Teezer Wet Detangler Hair Brush Pale Pink" | product_type: "Beauty Accessories"
[2026-04-29T22:26:25.162Z]   [SKIPPED - not supplement] "Mae Thick Elastics Brown 8 Pack" | product_type: "Beauty Accessories"
[2026-04-29T22:26:25.163Z]   [SKIPPED - not supplement] "Truyu Deluxe Blending Sponge" | product_type: "Beauty Accessories"
[2026-04-29T22:26:25.163Z]   [SKIPPED - not supplement] "Mae French Clip 7.5cm Shell" | product_type: "Beauty Accessories"
[2026-04-29T22:26:25.163Z]   [SKIPPED - not supplement] "Mae. Thin Small Elastics Black 20 Pack" | product_type: "Beauty Accessories"
[2026-04-29T22:26:25.164Z]   [SKIPPED - not supplement] "Mae Metal Ibis Clip 12cm Black" | product_type: "Beauty Accessories"
[2026-04-29T22:26:25.164Z]   [SKIPPED - not supplement] "Simply Essential Heavy Duty Chiropody Plier" | product_type: "Beauty Accessories"
[2026-04-29T22:26:25.164Z]   [SKIPPED - not supplement] "Truyu Slant Tip Tweezer Black" | product_type: "Beauty Accessories"
[2026-04-29T22:26:25.165Z]   [SKIPPED - not supplement] "Mae Comb Wet Care Shell" | product_type: "Beauty Accessories"
[2026-04-29T22:26:25.165Z]   [SKIPPED - not supplement] "Truyu Sapphire File & Protective Cap" | product_type: "Beauty Accessories"
[2026-04-29T22:26:25.165Z]   [SKIPPED - not supplement] "Versace Dylan Blue Pour Homme Eau De Toilette 50ml" | product_type: "Beauty Accessories"
[2026-04-29T22:26:25.166Z]   [SKIPPED - not supplement] "Mae. Flat Elastics Black 12 Pack" | product_type: "Beauty Accessories"
[2026-04-29T22:26:25.166Z]   [SKIPPED - not supplement] "Truyu 2-IN-1 Tip Tweezers & Sharpener" | product_type: "Beauty Accessories"
[2026-04-29T22:26:25.166Z]   [SKIPPED - not supplement] "Mae. Comb Tail Metal Handle Black" | product_type: "Beauty Accessories"
[2026-04-29T22:26:25.672Z]   Page 55...
[2026-04-29T22:26:26.304Z]   [SKIPPED - not supplement] "Tangle Teezer Wet Detangler Black" | product_type: "Beauty Accessories"
[2026-04-29T22:26:26.315Z]   [SKIPPED - not supplement] "Natio Blusher Brush" | product_type: "Beauty Accessories"
[2026-04-29T22:26:26.821Z]   Page 56...
[2026-04-29T22:26:27.487Z]   [SKIPPED - not supplement] "Natio Powder Brush" | product_type: "Beauty Accessories"
[2026-04-29T22:26:27.489Z]   [SKIPPED - not supplement] "Revlon ColorStay Brow Creator Dark Brown" | product_type: "Beauty Accessories"
[2026-04-29T22:26:27.492Z]   [SKIPPED - not supplement] "Marc Jacobs Daisy Eau de Toilette Perfume Spray 100ml" | product_type: "Beauty Accessories"
[2026-04-29T22:26:27.495Z]   [SKIPPED - not supplement] "Philips Avent Anti-colic Bottle 260ml 1pk" | product_type: "Baby"
[2026-04-29T22:26:27.496Z]   [SKIPPED - not supplement] "Philips Avent Bottle Brush Blue" | product_type: "Baby"
[2026-04-29T22:26:27.496Z]   [SKIPPED - not supplement] "Philips Avent Anti-colic Teats 1m+ Slow Flow 2pk" | product_type: "Baby"
[2026-04-29T22:26:27.497Z]   [SKIPPED - not supplement] "Philips Avent Anti-colic Teats 0m+ Newborn Flow 2pk" | product_type: "Baby"
[2026-04-29T22:26:27.497Z]   [SKIPPED - not supplement] "Philips Avent Anti-colic Teats 3m+ Medium Flow 2pk" | product_type: "Baby"
[2026-04-29T22:26:27.498Z]   [SKIPPED - not supplement] "Philips Avent Milk Storage Cups 180ml 5 Pack" | product_type: "Baby"
[2026-04-29T22:26:27.498Z]   [SKIPPED - not supplement] "Philips Avent Anti-colic Bottle 125ml 1pk" | product_type: "Baby"
[2026-04-29T22:26:27.498Z]   [SKIPPED - not supplement] "Philips Avent Anti-Colic Bottles 0m+ 2 x 125mL" | product_type: "Baby"
[2026-04-29T22:26:27.499Z]   [SKIPPED - not supplement] "Philips Avent Anti-colic Teats 6m+ Fast Flow 2pk" | product_type: "Baby"
[2026-04-29T22:26:27.499Z]   [SKIPPED - not supplement] "Philips Avent Anti-colic Bottle 260ml 2pk" | product_type: "Baby"
[2026-04-29T22:26:27.500Z]   [SKIPPED - not supplement] "Philips Avent Milk Powder Dispenser" | product_type: "Baby"
[2026-04-29T22:26:27.500Z]   [SKIPPED - not supplement] "Philips Avent Anti-Colic Baby Bottle Newborn Starter Set" | product_type: "Baby"
[2026-04-29T22:26:27.501Z]   [SKIPPED - not supplement] "Revlon ColorStay Brow Pencil Soft Blonde" | product_type: "Beauty Accessories"
[2026-04-29T22:26:28.014Z]   Page 57...
[2026-04-29T22:26:28.691Z]   [SKIPPED - not supplement] "Swisspers Cotton Squares 80 pack" | product_type: "Beauty Accessories"
[2026-04-29T22:26:28.692Z]   [SKIPPED - not supplement] "Swisspers Make-Up Pads 20 pack" | product_type: "Beauty Accessories"
[2026-04-29T22:26:28.693Z]   [SKIPPED - not supplement] "SWISSPERS Paper Stem Cotton Buds 120s" | product_type: "Beauty Accessories"
[2026-04-29T22:26:28.693Z]   [SKIPPED - not supplement] "SWISSPERS Make Up Pads 80s" | product_type: "Beauty Accessories"
[2026-04-29T22:26:29.211Z]   Page 58...
[2026-04-29T22:26:30.455Z]   Page 59...
[2026-04-29T22:26:30.985Z]   [SKIPPED - no category] "Durex Play Massage 2 in 1 Gel Intimate Lubricant Aloe Vera 200mL" | product_type: "Health & Wellbeing" | tags: BRAND=Durex,CAT=Sexual Health & Family Planning,Category: Sexual Wellbeing,coll_PriceSmash,Durex
[2026-04-29T22:26:31.498Z]   Page 60...
[2026-04-29T22:26:32.708Z]   Page 61...
[2026-04-29T22:26:33.140Z]   Found 2164 supplement products from Bargain Chemist (61 pages fetched)
[2026-04-29T22:26:34.653Z] Scraping Payless Supplements...
[2026-04-29T22:26:34.653Z]   Page 1...
[2026-04-29T22:26:36.326Z]   [SKIPPED - no category] "Optimum Nutrition Essential Amino Energy 65 serv" | product_type: "(blank)" | tags: no sale
[2026-04-29T22:26:36.335Z]   [SKIPPED - not supplement] "Killer Labz Funnel" | product_type: "Nutrition Drinks & Shakes"
[2026-04-29T22:26:36.842Z]   Page 2...
[2026-04-29T22:26:38.198Z]   [SKIPPED - no category] "Ronnie Coleman Ss Amino-Tone" | product_type: "Shop,Brands,GOAL" | tags: active,active status,no sale
[2026-04-29T22:26:38.201Z]   [SKIPPED - not supplement] "USN Z-MAG+" | product_type: "Sleep aid"
[2026-04-29T22:26:38.201Z]   [SKIPPED - not supplement] "USN TEST GH" | product_type: "test booster"
[2026-04-29T22:26:38.720Z]   Page 3...
[2026-04-29T22:26:39.412Z]   Found 487 supplement products from Payless Supplements (3 pages fetched)
[2026-04-29T22:26:40.918Z] Scraping Xplosiv (Magento HTML)...
[2026-04-29T22:26:42.478Z]   Xplosiv protein-powder.html: 0 products
[2026-04-29T22:26:44.467Z]   Xplosiv protein-bars-snacks.html: 0 products
[2026-04-29T22:26:46.118Z]   Xplosiv ready-to-drink.html: 0 products
[2026-04-29T22:26:47.796Z]   Xplosiv creatine.html: 0 products
[2026-04-29T22:26:48.694Z]   Xplosiv pre-workout.html: 0 products
[2026-04-29T22:26:50.372Z]   Xplosiv fat-burners.html: 0 products
[2026-04-29T22:26:51.978Z]   Xplosiv amino-acids.html: 0 products
[2026-04-29T22:26:53.283Z]   Xplosiv vitamins-health.html: 0 products
[2026-04-29T22:26:54.612Z]   Xplosiv accessories.html: 0 products
[2026-04-29T22:26:55.858Z]   Xplosiv clothing.html: 0 products
[2026-04-29T22:26:55.858Z]   Found 0 products from Xplosiv
[2026-04-29T22:26:57.361Z] Scraping Sprint Fit (n2 ERP HTML)...
[2026-04-29T22:26:58.214Z]   Sprint Fit cat/321: 0 products
[2026-04-29T22:26:59.016Z]   Sprint Fit cat/322: 0 products
[2026-04-29T22:26:59.835Z]   Sprint Fit cat/564: 0 products
[2026-04-29T22:27:00.697Z]   Sprint Fit cat/555: 0 products
[2026-04-29T22:27:01.480Z]   Sprint Fit cat/315: 0 products
[2026-04-29T22:27:02.281Z]   Sprint Fit cat/316: 0 products
[2026-04-29T22:27:03.135Z]   Sprint Fit cat/358: 0 products
[2026-04-29T22:27:03.940Z]   Sprint Fit cat/302: 0 products
[2026-04-29T22:27:04.778Z]   Sprint Fit cat/353: 0 products
[2026-04-29T22:27:05.773Z]   Sprint Fit cat/317: 0 products
[2026-04-29T22:27:06.695Z]   Sprint Fit cat/71: 0 products
[2026-04-29T22:27:07.585Z]   Sprint Fit cat/286: 0 products
[2026-04-29T22:27:08.507Z]   Sprint Fit cat/547: 0 products
[2026-04-29T22:27:09.343Z]   Sprint Fit cat/563: 0 products
[2026-04-29T22:27:10.237Z]   Sprint Fit cat/15: 0 products
[2026-04-29T22:27:11.103Z]   Sprint Fit cat/76: 0 products
[2026-04-29T22:27:11.919Z]   Sprint Fit cat/285: 0 products
[2026-04-29T22:27:12.685Z]   Sprint Fit cat/288: 0 products
[2026-04-29T22:27:13.594Z]   Sprint Fit cat/525: 0 products
[2026-04-29T22:27:13.595Z]   Found 0 products from Sprint Fit
[2026-04-29T22:27:15.096Z] Scraping Elite Supplements (Shopify HTML)...
[2026-04-29T22:27:16.125Z]   Elite Supplements protein: 3 total so far
[2026-04-29T22:27:17.033Z]   Elite Supplements protein-bars: 3 total so far
[2026-04-29T22:27:17.924Z]   Elite Supplements creatine: 3 total so far
[2026-04-29T22:27:18.860Z]   Elite Supplements pre-workout: 4 total so far
[2026-04-29T22:27:19.820Z]   Elite Supplements fat-loss: 4 total so far
[2026-04-29T22:27:20.711Z]   Elite Supplements amino-acids: 4 total so far
[2026-04-29T22:27:21.653Z]   Elite Supplements vitamins-health: 4 total so far
[2026-04-29T22:27:22.548Z]   Elite Supplements accessories: 4 total so far
[2026-04-29T22:27:22.548Z]   Found 4 products from Elite Supplements
[2026-04-29T22:27:24.055Z] Scraping Chemist Warehouse NZ (custom JSON API)...
[2026-04-29T22:27:25.094Z]   Chemist Warehouse sports-nutrition: no data
[2026-04-29T22:27:26.196Z]   Chemist Warehouse protein-powders: no data
[2026-04-29T22:27:27.291Z]   Chemist Warehouse protein-bars-snacks: no data
[2026-04-29T22:27:28.358Z]   Chemist Warehouse pre-workout: no data
[2026-04-29T22:27:29.424Z]   Chemist Warehouse fat-burners: no data
[2026-04-29T22:27:30.600Z]   Chemist Warehouse amino-acids: no data
[2026-04-29T22:27:31.898Z]   Chemist Warehouse vitamins: no data
[2026-04-29T22:27:32.975Z]   Chemist Warehouse minerals: no data
[2026-04-29T22:27:34.165Z]   Chemist Warehouse creatine: no data
[2026-04-29T22:27:34.165Z]   Found 0 products from Chemist Warehouse
[2026-04-29T22:27:35.679Z] Scraping Nutrition Warehouse NZ...
[2026-04-29T22:27:46.442Z]   Nutrition Warehouse category collections/rtd error: Invalid URL
[2026-04-29T22:27:49.909Z]   Found 0 products from Nutrition Warehouse
[2026-04-29T22:27:50.053Z] 
[2026-04-29T22:27:50.053Z] === Scrape complete ===
[2026-04-29T22:27:50.053Z] Total products: 7141
[2026-04-29T22:27:50.054Z] 
[2026-04-29T22:27:50.054Z] By retailer:
[2026-04-29T22:27:50.054Z]   NZ Muscle                    685 products
[2026-04-29T22:27:50.054Z]   Sportsfuel                   3199 products
[2026-04-29T22:27:50.055Z]   Scorpion Supplements         63 products
[2026-04-29T22:27:50.055Z]   ASN Online                   273 products
[2026-04-29T22:27:50.055Z]   Supplement Solutions         102 products
[2026-04-29T22:27:50.056Z]   Raisey's                     36 products
[2026-04-29T22:27:50.056Z]   BodyStrong                   128 products
[2026-04-29T22:27:50.056Z]   Bargain Chemist              2164 products
[2026-04-29T22:27:50.056Z]   Payless Supplements          487 products
[2026-04-29T22:27:50.056Z]   Xplosiv                      0 products
[2026-04-29T22:27:50.057Z]   Sprint Fit                   0 products
[2026-04-29T22:27:50.057Z]   Elite Supplements            4 products
[2026-04-29T22:27:50.057Z]   Chemist Warehouse            0 products
[2026-04-29T22:27:50.057Z]   Nutrition Warehouse          0 products
[2026-04-29T22:27:50.058Z] 
[2026-04-29T22:27:50.058Z] By category:
[2026-04-29T22:27:50.058Z]   protein         1292
[2026-04-29T22:27:50.059Z]   proteinbars     323
[2026-04-29T22:27:50.059Z]   rtd             186
[2026-04-29T22:27:50.059Z]   creatine        323
[2026-04-29T22:27:50.059Z]   preworkout      615
[2026-04-29T22:27:50.060Z]   fatburner       469
[2026-04-29T22:27:50.060Z]   bcaa            456
[2026-04-29T22:27:50.060Z]   vitamins        3100
[2026-04-29T22:27:50.060Z]   gymfood         104
[2026-04-29T22:27:50.061Z]   accessories     255
[2026-04-29T22:27:50.061Z]   clothing        18
[2026-04-29T22:27:50.061Z] 
Output: C:\Users\rapha\scoopscore\data\products.json
